SeniorCitizen,tenure,MonthlyCharges,TotalCharges,Churn,gender_Male,Partner_Yes,Dependents_Yes,PhoneService_Yes,MultipleLines_No phone service,MultipleLines_Yes,InternetService_Fiber optic,InternetService_No,OnlineSecurity_No internet service,OnlineSecurity_Yes,OnlineBackup_No internet service,OnlineBackup_Yes,DeviceProtection_No internet service,DeviceProtection_Yes,TechSupport_No internet service,TechSupport_Yes,StreamingTV_No internet service,StreamingTV_Yes,StreamingMovies_No internet service,StreamingMovies_Yes,Contract_One year,Contract_Two year,PaperlessBilling_Yes,PaymentMethod_Credit card (automatic),PaymentMethod_Electronic check,PaymentMethod_Mailed check
0,-1.2827281667186554,-1.1641353596911748,-0.9956859671732632,0,0,1,0,0,1,0,0,0,0,0,0,1,0,0,0,0,0,0,0,0,0,0,1,0,1,0
0,0.06238689314432279,-0.2628107638888189,-0.17526189837316392,0,1,0,0,1,0,0,0,0,0,1,0,0,0,1,0,0,0,0,0,0,1,0,0,0,0,1
0,-1.2419671042985652,-0.36591431543816594,-0.9611422602461275,1,1,0,0,1,0,0,0,0,0,1,0,1,0,0,0,0,0,0,0,0,0,0,1,0,0,1
0,0.5107585797653155,-0.7500581929849266,-0.1967689955979131,0,1,0,0,0,1,0,0,0,0,1,0,0,0,1,0,1,0,0,0,0,1,0,0,0,0,0
0,-1.2419671042985652,0.19450337604780069,-0.9419513119532744,1,0,0,0,1,0,0,1,0,0,0,0,0,0,0,0,0,0,0,0,0,0,0,1,0,1,0
0,-0.9974007297780236,1.1573575106779928,-0.6468739380297155,1,0,0,0,1,0,1,1,0,0,0,0,0,0,1,0,0,0,1,0,1,0,0,1,0,1,0
0,-0.4267458558967602,0.8064728433084405,-0.14883574198829255,0,1,0,1,1,0,1,1,0,0,0,0,1,0,0,0,0,0,1,0,0,0,0,1,1,0,0
0,-0.9158786049378431,-1.1674612807088958,-0.8756653353785345,0,0,0,0,0,1,0,0,0,0,1,0,0,0,0,0,0,0,0,0,0,0,0,0,0,0,1
0,-0.1821794813762187,1.3286424430906172,0.3349746820429117,1,0,1,0,1,0,1,1,0,0,0,0,0,0,1,0,1,0,1,0,1,0,0,1,0,1,0
0,1.2036966409068497,-0.28941813203058603,0.5299282464247919,0,1,0,1,1,0,0,0,0,0,1,0,1,0,0,0,0,0,0,0,0,1,0,0,0,0,0
0,-0.7935954176775724,-0.4956252351292798,-0.7496888920446447,0,1,1,1,1,0,0,0,0,0,1,0,0,0,0,0,0,0,0,0,0,0,0,1,0,0,1
0,-0.6713122304173017,-1.5266607506227494,-0.8646801718729704,0,1,0,0,1,0,0,0,1,1,0,1,0,1,0,1,0,1,0,1,0,0,1,0,1,0,0
0,1.0406523912264887,1.1806389578020384,1.497482918803432,0,1,1,0,1,0,1,1,0,0,0,0,0,0,1,0,0,0,1,0,1,1,0,0,1,0,0
0,0.6738028294456765,1.2920573118956877,1.2130157128440826,1,1,0,0,1,0,1,1,0,0,0,0,1,0,1,0,0,0,1,0,1,0,0,1,0,0,0
0,-0.3044626686364894,1.3519238902146633,0.17615304099860993,0,1,0,0,1,0,0,1,0,0,1,0,0,0,1,0,1,0,1,0,1,0,0,1,0,1,0
0,1.4890240778474815,1.6096827690880309,2.4742580697871435,0,0,1,1,1,0,1,1,0,0,1,0,1,0,1,0,1,0,1,0,1,0,1,0,1,0,0
0,0.7960860167059473,-1.4701200933214948,-0.5575588235035519,0,0,0,0,1,0,0,0,1,1,0,1,0,1,0,1,0,1,0,1,0,1,0,0,0,0,1
0,1.570546202687662,1.391834942427314,2.247981348421526,0,1,0,1,1,0,1,1,0,0,1,0,0,0,1,0,0,0,1,0,1,0,1,0,0,0,0
0,-0.9158786049378431,-0.32101438169893415,-0.7757621114494176,1,0,1,1,1,0,0,0,0,0,0,0,0,0,1,0,1,0,0,0,0,0,0,0,1,0,0
0,-0.46750691831685043,0.8380690929767889,-0.18699705296143726,0,0,0,0,1,0,0,1,0,0,0,0,1,0,1,0,0,0,0,0,1,0,0,1,0,1,0
1,-1.2827281667186554,-0.8381950999545296,-0.9913624891670572,1,1,0,0,0,1,0,0,0,0,0,0,0,0,1,0,0,0,0,0,1,0,0,1,0,1,0
0,-0.8343564800976626,-1.4983904219721222,-0.9196280479620476,0,1,1,0,1,0,0,0,1,1,0,1,0,1,0,1,0,1,0,1,0,1,0,0,0,0,0
0,-1.2827281667186554,-1.4867496984100992,-0.9999653280569568,1,1,0,0,1,0,0,0,1,1,0,1,0,1,0,1,0,1,0,1,0,0,0,0,0,0,1
0,1.0406523912264887,-0.1646960938660534,0.5374943329356524,0,0,1,0,1,0,1,0,0,0,0,0,1,0,0,0,1,0,0,0,0,0,1,1,1,0,0
0,0.6738028294456765,-0.17467385691921591,0.30155596173983984,0,1,1,1,1,0,0,0,0,0,1,0,1,0,0,0,1,0,0,0,0,0,0,0,1,0,0
0,-0.1006573565360382,-0.3176884606812135,-0.3335982510698303,0,0,0,0,1,0,0,0,0,0,1,0,1,0,0,0,0,0,0,0,0,0,0,1,0,0,0
0,0.592280704605496,1.1473797476248297,1.0863333955499956,1,1,1,1,1,0,1,1,0,0,0,0,1,0,0,0,0,0,1,0,1,0,0,1,0,1,0
0,-1.2827281667186554,-1.1524946361291517,-0.9955315572444702,1,1,1,1,0,1,0,0,0,0,0,0,1,0,0,0,0,0,0,0,0,0,0,0,0,1,0
0,1.6113072651077522,0.8447209350122307,1.8011631316168903,0,1,1,0,1,0,1,0,0,0,1,0,1,0,1,0,1,0,1,0,1,0,1,1,1,0,0
0,-0.6305511679972114,-0.005051885015451507,-0.5266106620611692,1,0,0,1,1,0,0,0,0,0,0,0,0,0,0,0,0,0,1,0,1,0,0,1,0,0,1
1,1.570546202687662,1.0476021170932035,1.976528693603307,0,0,1,0,1,0,1,1,0,0,1,0,1,0,1,0,1,0,0,0,0,0,1,1,1,0,0
1,-1.2419671042985652,1.0193317884425763,-0.9287161751995826,0,1,1,0,1,0,0,1,0,0,0,0,0,0,1,0,0,0,1,0,1,0,0,1,1,0,0
0,-0.22294054379630893,0.0431739697415012,-0.18190152531126594,0,0,1,1,1,0,0,0,0,0,1,0,1,0,1,0,1,0,0,0,0,1,0,0,0,0,1
0,-1.2827281667186554,-1.4850867379012387,-0.9999432694957008,0,1,0,0,1,0,0,0,1,1,0,1,0,1,0,1,0,1,0,1,0,0,0,0,0,0,0
1,-1.2827281667186554,-0.6519435229621608,-0.988891930306368,0,1,0,0,1,0,0,0,0,0,0,0,0,0,0,0,0,0,0,0,0,0,0,0,0,0,0
0,1.6113072651077522,1.1656723132222948,2.1903864449817108,0,0,1,1,1,0,1,1,0,0,1,0,1,0,0,0,1,0,1,0,0,0,1,0,0,0,0
0,-1.1196839170382944,0.16124416587059198,-0.8690477670016886,1,1,0,0,1,0,0,1,0,0,0,0,0,0,0,0,0,0,0,0,0,0,0,1,0,1,0
0,0.5515196421854057,0.3308661377743562,0.5565529298609687,0,0,0,0,1,0,0,1,0,0,0,0,0,0,1,0,0,0,0,0,0,0,0,1,1,0,0
0,0.06238689314432279,1.3801942188652905,0.5569720425248356,1,1,0,0,1,0,1,1,0,0,0,0,1,0,1,0,0,0,1,0,1,0,0,1,0,1,0
0,-0.8751175425177529,1.0974909323590165,-0.5211842559921556,1,0,0,0,1,0,1,1,0,0,0,0,0,0,1,0,0,0,1,0,1,0,0,1,0,0,0
0,-0.9158786049378431,-0.5089289192001635,-0.7989897764521466,0,1,1,1,1,0,0,0,0,0,0,0,1,0,0,0,0,0,0,0,0,1,0,0,0,0,1
0,1.5297851402675717,0.14461456078198764,1.140685690485157,0,0,1,1,1,0,1,0,0,0,1,0,1,0,0,0,0,0,1,0,0,0,1,1,1,0,0
0,-0.6305511679972114,-1.466794172303774,-0.8243350633354665,0,0,1,1,1,0,0,0,1,1,0,1,0,1,0,1,0,1,0,1,0,1,0,0,0,0,1
0,1.24445770332694,0.49882514916926,1.1358769241313154,0,0,0,0,1,0,1,0,0,0,1,0,1,0,1,0,1,0,1,0,0,0,1,1,1,0,0
0,-0.7935954176775724,0.37742903202244854,-0.5758674293461589,0,0,1,0,1,0,1,0,0,0,1,0,1,0,0,0,1,0,1,0,0,0,0,1,0,1,0
0,0.6738028294456765,0.6534804764932807,0.7146686969450734,0,0,0,0,1,0,1,1,0,0,0,0,0,0,0,0,0,0,0,0,1,0,0,1,0,1,0
0,-1.2419671042985652,-0.518906682253326,-0.9660613194062497,0,1,0,0,1,0,0,0,0,0,0,0,1,0,0,0,0,0,0,0,0,0,0,0,0,0,1
0,-1.2419671042985652,0.5254325173110274,-0.9452600961416974,1,0,0,0,1,0,0,1,0,0,0,0,0,0,0,0,0,0,1,0,0,0,0,1,0,1,0
0,0.7960860167059473,0.49549922815153935,0.8519170650808577,0,1,0,0,1,0,1,0,0,0,1,0,0,0,0,0,1,0,1,0,1,0,1,1,1,0,0
0,1.4890240778474815,-0.023344450612916196,0.8679315805528248,0,0,1,1,1,0,1,0,0,0,1,0,0,0,1,0,1,0,0,0,0,0,1,1,1,0,0
1,0.429236454925135,0.8447209350122307,0.6846911121979615,0,0,0,0,1,0,1,1,0,0,0,0,1,0,0,0,0,0,1,0,0,0,0,1,0,1,0
0,-0.712073292837392,1.1390649450805275,-0.37956829272765313,1,0,0,0,1,0,0,1,0,0,1,0,1,0,0,0,0,0,1,0,1,0,0,1,1,0,0
1,-0.3044626686364894,0.15459232383515015,-0.23563618053125468,0,0,1,0,1,0,1,0,0,0,1,0,0,0,0,0,1,0,1,0,0,0,0,1,1,0,0
1,-0.9974007297780236,0.5254325173110274,-0.7294611913727524,1,0,1,0,1,0,1,1,0,0,0,0,1,0,0,0,0,0,0,0,0,0,0,1,1,0,0
1,1.1221745160666692,0.33252909828321653,0.9571584608339638,0,0,1,1,1,0,0,0,0,0,1,0,1,0,1,0,1,0,0,0,1,1,0,1,1,0,0
1,-0.5897901055771212,1.017668827933716,-0.23568029765376705,1,1,0,0,1,0,1,1,0,0,0,0,0,0,0,0,0,0,1,0,1,0,0,1,0,1,0
0,1.24445770332694,1.1573575106779928,1.775464907753472,0,0,1,1,1,0,1,1,0,0,1,0,0,0,0,0,0,0,1,0,1,1,0,1,1,0,0
1,1.3667408905872107,1.450038560237429,2.113027070656382,0,1,1,1,1,0,1,1,0,0,0,0,1,0,1,0,1,0,1,0,1,1,0,1,0,1,0
0,0.06238689314432279,-1.3271054895594974,-0.6143155016156336,0,0,1,1,1,0,1,0,1,1,0,1,0,1,0,1,0,1,0,1,0,0,1,0,1,0,0
0,1.6113072651077522,1.4184423105690807,2.455971522505793,0,0,0,0,1,0,1,1,0,0,0,0,0,0,1,0,1,0,1,0,1,0,1,1,1,0,0
0,0.592280704605496,1.18562783932862,1.0677821455335712,0,0,1,0,1,0,1,1,0,0,0,0,0,0,1,0,0,0,1,0,1,0,0,1,0,1,0
0,1.1221745160666692,0.8330802114502078,1.3958370685350787,0,1,0,0,1,0,1,1,0,0,0,0,1,0,0,0,0,0,1,0,0,0,0,1,0,0,0
0,1.6113072651077522,-0.7567100350203682,0.29789424057131836,0,1,1,0,0,1,0,0,0,0,1,0,1,0,1,0,0,0,0,0,0,0,1,0,0,0,0
0,-0.5897901055771212,-0.34762174984070127,-0.5866099486779055,0,0,1,1,1,0,0,0,0,0,0,0,0,0,1,0,1,0,0,0,0,1,0,1,1,0,0
0,-0.9566396673579334,0.982746657247647,-0.630660895506443,1,0,0,0,1,0,1,1,0,0,0,0,0,0,0,0,0,0,1,0,1,0,0,0,0,1,0
0,-1.201206041878475,0.34749574286296053,-0.9011650321906476,0,0,0,0,1,0,0,0,0,0,0,0,1,0,0,0,1,0,1,0,1,0,0,1,0,1,0
0,0.592280704605496,0.4672288995009121,0.601574453384777,0,1,1,0,1,0,1,1,0,0,0,0,1,0,0,0,0,0,0,0,0,1,0,1,0,1,0
0,-0.05989629411594795,0.4772066625540746,0.09283785513411982,0,0,0,0,1,0,0,0,0,0,0,0,1,0,1,0,1,0,1,0,1,0,1,0,0,0,1
0,0.7145638918657667,-1.4867496984100992,-0.5981686347761296,0,0,1,1,1,0,0,0,1,1,0,1,0,1,0,1,0,1,0,1,0,0,1,0,0,0,0
0,-0.9158786049378431,0.49882514916926,-0.6173816416302389,0,1,0,0,1,0,0,1,0,0,1,0,0,0,1,0,0,0,0,0,0,0,0,1,0,0,1
0,-1.2827281667186554,-0.5255585242887678,-0.9872154796509004,0,1,0,0,1,0,0,0,0,0,0,0,0,0,0,0,1,0,0,0,0,0,0,0,0,0,1
0,0.7960860167059473,-1.4784348958657971,-0.5276915315627206,0,0,1,1,1,0,0,0,1,1,0,1,0,1,0,1,0,1,0,1,0,1,0,1,0,1,0
1,1.2852187657470302,1.5548050722956361,2.1230195989054192,0,1,1,1,1,0,1,1,0,0,1,0,0,0,1,0,1,0,1,0,1,0,1,1,0,0,0
0,1.2036966409068497,-1.3503869366835435,-0.3803624009328747,0,1,1,1,1,0,1,0,1,1,0,1,0,1,0,1,0,1,0,1,0,0,1,1,0,0,0
0,-1.201206041878475,-0.011703727050893342,-0.9305911529063556,0,0,0,1,1,0,0,0,0,0,1,0,0,0,0,0,1,0,0,0,1,0,0,1,0,0,0
1,0.9591302663863083,1.518219941100707,1.6997158083998427,0,0,0,0,1,0,1,1,0,0,1,0,1,0,1,0,0,0,1,0,1,1,0,0,0,1,0
0,0.5515196421854057,-0.30604773711919037,0.1773883204289544,0,0,0,0,1,0,0,0,0,0,0,0,0,0,0,0,0,0,0,0,1,1,0,0,1,0,0
0,-0.9974007297780236,-0.3393069472963991,-0.7961001049275906,0,0,1,1,1,0,0,0,0,0,1,0,1,0,0,0,0,0,0,0,0,0,0,0,0,0,1
1,-0.1006573565360382,0.3292031772654958,-0.07741012064086902,0,1,0,0,1,0,0,0,0,0,1,0,1,0,0,0,0,0,1,0,1,0,0,1,0,1,0
0,0.5107585797653155,-1.2955092398911492,-0.4721260157584713,0,0,1,1,1,0,1,0,1,1,0,1,0,1,0,1,0,1,0,1,0,1,0,1,1,0,0
0,-1.2827281667186554,0.4821955440806557,-0.9738479915296717,1,0,0,1,1,0,0,1,0,0,0,0,0,0,0,0,0,0,1,0,0,0,0,1,0,1,0
0,-0.8751175425177529,-0.4756697090229548,-0.7594387761198643,0,0,1,1,0,1,0,0,0,0,1,0,0,0,0,0,0,0,1,0,1,0,0,0,0,1,0
0,-1.0381617921981139,0.3425068613363795,-0.7896369464795377,1,0,1,0,1,0,0,1,0,0,0,0,0,0,1,0,0,0,0,0,0,0,0,1,0,0,0
0,0.38847539250504476,1.2953832329134085,0.9003135484768573,0,0,0,0,1,0,0,1,0,0,0,0,1,0,1,0,1,0,1,0,1,0,0,1,0,0,0
0,0.6738028294456765,-1.4867496984100992,-0.5794409162696558,0,0,1,0,1,0,0,0,1,1,0,1,0,1,0,1,0,1,0,1,0,0,1,1,0,0,0
0,-0.9566396673579334,1.1457167871159692,-0.6035288651613748,0,1,0,0,1,0,1,1,0,0,0,0,1,0,0,0,0,0,1,0,1,0,0,1,1,0,0
0,0.10314795556441304,-0.08986287096733384,-0.03146213754430245,0,0,1,0,1,0,0,0,0,0,1,0,0,0,0,0,0,0,1,0,0,1,0,1,0,0,0
0,0.6330417670255862,-1.4701200933214948,-0.5425369432881116,0,0,1,1,1,0,0,0,1,1,0,1,0,1,0,1,0,1,0,1,0,0,1,0,0,0,0
0,0.5515196421854057,-1.4934015404455407,-0.5998450854315973,0,0,1,1,1,0,0,0,1,1,0,1,0,1,0,1,0,1,0,1,0,0,1,1,0,0,1
0,-0.14141841895612844,-1.0344244400000608,-0.5636028692877378,0,1,1,0,0,1,0,0,0,0,0,0,0,0,0,0,0,0,1,0,0,0,0,0,0,0,1
0,-0.1006573565360382,0.5719954115591193,0.12504335456810323,0,1,1,1,1,0,0,1,0,0,0,0,1,0,1,0,0,0,0,0,0,0,0,0,0,0,0
1,-1.2827281667186554,0.32754021675663547,-0.975899437726494,0,1,0,0,1,0,0,1,0,0,0,0,0,0,0,0,1,0,0,0,0,0,0,0,0,1,0
0,1.3667408905872107,0.6368508714046763,1.5121077449162614,0,1,1,1,1,0,1,0,0,0,1,0,0,0,1,0,1,0,1,0,1,0,1,1,0,0,1
0,1.3259798281671205,1.5365125066981715,2.1265489687064036,0,0,0,0,1,0,1,1,0,0,1,0,1,0,1,0,0,0,1,0,1,0,0,1,1,0,0
0,1.6113072651077522,1.1989315233995035,2.2818632985109772,0,1,0,0,1,0,1,1,0,0,0,0,1,0,1,0,0,0,1,0,1,0,1,1,0,0,0
0,-0.8343564800976626,0.46889186000977245,-0.5997347926253165,1,0,0,0,1,0,1,1,0,0,1,0,0,0,0,0,0,0,0,0,0,0,0,1,0,1,0
0,1.570546202687662,0.06645541686554692,1.0861348684986902,0,1,1,1,1,0,1,0,0,0,1,0,1,0,0,0,1,0,0,0,0,1,0,1,1,0,0
0,-1.1196839170382944,-1.4568164092506115,-0.9586275842629262,1,1,0,0,1,0,0,0,1,1,0,1,0,1,0,1,0,1,0,1,0,0,0,0,0,0,1
0,0.7960860167059473,-1.4584793697594718,-0.520390147786934,0,1,0,0,1,0,0,0,1,1,0,1,0,1,0,1,0,1,0,1,0,0,1,0,0,0,0
1,-0.3044626686364894,1.1191094189742024,0.10047011732874885,1,0,1,0,1,0,0,1,0,0,0,0,1,0,1,0,0,0,1,0,1,0,0,1,0,1,0
0,-1.2827281667186554,-1.4850867379012387,-0.9999432694957008,0,1,0,0,1,0,0,0,1,1,0,1,0,1,0,1,0,1,0,1,0,0,0,0,0,0,1
0,-1.2827281667186554,-1.510031145534145,-1.0002741479145432,0,0,1,1,1,0,0,0,1,1,0,1,0,1,0,1,0,1,0,1,0,0,0,0,0,1,0
0,0.22543114282468377,1.002702183353972,0.58183204106052,0,1,0,0,1,0,1,1,0,0,0,0,0,0,1,0,1,0,1,0,0,1,0,0,0,0,0
1,1.3667408905872107,-0.6419657599089983,0.32668066301059806,0,0,1,0,0,1,0,0,0,0,0,0,1,0,1,0,0,0,1,0,0,1,0,0,0,0,0
0,1.4482630154273912,1.5015903360121026,2.349274261709781,1,1,1,0,1,0,1,1,0,0,0,0,1,0,1,0,1,0,1,0,1,0,1,1,0,0,0
0,-1.1196839170382944,-1.3487239761746832,-0.964649571485856,0,1,0,0,0,1,0,0,0,0,0,0,0,0,0,0,0,0,0,0,0,0,0,0,0,0,1
0,1.6113072651077522,1.3070239564754318,2.21304058739178,0,0,1,1,1,0,1,1,0,0,1,0,1,0,0,0,0,0,1,0,1,1,0,1,0,1,0
0,-0.019135231695857704,-1.1541575966380122,-0.5996024412577795,0,0,0,0,0,1,0,0,0,0,1,0,0,0,0,0,0,0,0,0,0,1,0,0,0,0,1
0,0.429236454925135,0.9810836967387861,0.7211097968318703,0,1,0,0,1,0,1,1,0,0,0,0,0,0,0,0,0,0,1,0,1,1,0,0,0,0,1
0,1.6113072651077522,-1.5116941060430058,-0.40742825559417445,0,1,1,1,1,0,0,0,1,1,0,1,0,1,0,1,0,1,0,1,0,0,1,0,1,0,0
0,0.918369203966218,1.0609058011640873,1.3023970030540144,1,1,1,0,1,0,1,1,0,0,1,0,1,0,0,0,0,0,1,0,0,0,0,1,0,1,0
0,0.7960860167059473,-0.22955155371161023,0.33329823138744397,0,0,0,0,1,0,0,0,0,0,1,0,0,0,1,0,1,0,0,0,0,1,0,0,1,0,0
0,0.429236454925135,0.891283829260323,0.7355802130159066,0,0,0,0,1,0,0,1,0,0,0,0,1,0,1,0,0,0,1,0,0,0,0,1,0,1,0
1,0.18467008040459354,0.38740679507561104,0.2564903210935192,1,0,1,0,1,0,1,1,0,0,0,0,0,0,0,0,0,0,0,0,0,0,0,1,0,1,0
0,1.2852187657470302,-0.34096990780525943,0.5014947609656107,0,0,1,1,0,1,0,0,0,0,0,0,1,0,0,0,1,0,1,0,1,0,1,1,0,1,0
0,-1.201206041878475,0.831417250941347,-0.8992679959226183,0,1,1,1,1,0,0,1,0,0,1,0,1,0,0,0,0,0,1,0,0,0,0,0,0,1,0
0,0.14390901798450328,-1.1242243074785245,-0.5119417188258275,0,0,0,0,0,1,0,0,0,0,1,0,0,0,0,0,0,0,0,0,0,0,1,0,0,0,0
0,-0.9158786049378431,1.1773130367843176,-0.5391619834159203,1,0,1,1,1,0,1,1,0,0,1,0,0,0,0,0,0,0,1,0,1,0,0,1,0,1,0
0,0.3477143300849545,-1.4701200933214948,-0.6404107795816626,0,0,0,0,1,0,0,0,1,1,0,1,0,1,0,1,0,1,0,1,0,0,1,0,0,0,1
0,-0.22294054379630893,0.6767619236173268,-0.05963092026840982,0,1,1,1,1,0,1,1,0,0,0,0,1,0,0,0,1,0,0,0,0,0,0,1,1,0,0
0,0.9591302663863083,1.1623463922045736,1.4244029053617968,0,0,1,1,1,0,1,1,0,0,0,0,0,0,1,0,0,0,1,0,1,1,0,1,1,0,0
0,-1.0789228546182041,-1.4684571328126343,-0.9591128726105614,0,0,0,0,1,0,0,0,1,1,0,1,0,1,0,1,0,1,0,1,0,0,0,0,0,0,1
0,-1.201206041878475,0.31756245370347297,-0.907584073516188,1,1,0,0,1,0,1,1,0,0,0,0,0,0,0,0,0,0,0,0,0,0,0,1,0,1,0
0,-1.0381617921981139,-0.4706808274963733,-0.8542905895213223,0,0,1,1,1,0,0,0,0,0,1,0,0,0,0,0,0,0,0,0,0,0,0,0,0,0,1
0,-1.1604449794583847,-1.463468251286053,-0.981105258182946,0,0,1,1,1,0,0,0,1,1,0,1,0,1,0,1,0,1,0,1,0,0,0,0,0,0,1
0,0.021625830724232544,0.8014839617818594,0.3268571315006473,0,1,0,0,1,0,0,1,0,0,1,0,0,0,0,0,1,0,1,0,0,0,1,1,0,1,0
1,-0.22294054379630893,0.43895857085028445,-0.06673377699289106,1,0,0,0,1,0,1,1,0,0,0,0,0,0,1,0,0,0,0,0,0,0,0,1,0,1,0
0,1.6113072651077522,-1.3736683838075896,-0.24829779469228655,0,1,1,0,1,0,1,0,1,1,0,1,0,1,0,1,0,1,0,1,0,0,1,1,0,0,0
0,-1.2827281667186554,-1.5000533824809827,-1.000141796547006,0,1,0,0,1,0,0,0,1,1,0,1,0,1,0,1,0,1,0,1,0,0,0,0,0,0,1
1,1.570546202687662,-0.2794403689774233,0.7493668138010022,0,1,0,0,0,1,0,0,0,0,1,0,1,0,0,0,0,0,1,0,1,1,0,1,0,1,0
0,-0.7935954176775724,0.7017063312502334,-0.47254512842233815,0,0,0,0,1,0,1,1,0,0,0,0,0,0,0,0,0,0,0,0,1,0,0,1,0,1,0
0,-0.3044626686364894,-0.20793306709642462,-0.3459289868120198,1,0,1,1,0,1,0,0,0,0,1,0,1,0,1,0,0,0,1,0,1,0,0,1,1,0,0
0,1.407501953007301,-0.4756697090229548,0.4294073827805026,0,1,0,0,1,0,0,0,0,0,0,0,0,0,0,0,1,0,0,0,0,0,1,0,0,0,0
0,-1.2827281667186554,-0.9778837826988059,-0.9932154083125742,1,1,0,0,0,1,0,0,0,0,0,0,0,0,0,0,0,0,0,0,1,0,0,1,0,1,0
0,-1.2419671042985652,-0.6818768121216486,-0.9730097662019379,1,1,0,0,1,0,0,0,0,0,0,0,0,0,0,0,0,0,0,0,0,0,0,0,0,1,0
0,0.429236454925135,-1.3021610819265907,-0.48465527855196616,0,0,0,0,1,0,1,0,1,1,0,1,0,1,0,1,0,1,0,1,0,0,1,1,1,0,0
0,-0.3859847934766699,0.33751797980979803,-0.2242319043618236,0,0,0,0,1,0,0,1,0,0,1,0,0,0,0,0,0,0,0,0,0,0,0,1,0,0,0
0,1.2852187657470302,-1.4850867379012387,-0.44514839534219613,0,0,1,1,1,0,0,0,1,1,0,1,0,1,0,1,0,1,0,1,0,0,1,0,0,0,1
0,0.9998913288063985,-1.505042264007564,-0.4924419506753882,0,1,0,1,1,0,0,0,1,1,0,1,0,1,0,1,0,1,0,1,0,0,1,1,0,0,1
1,-1.2827281667186554,0.18618857350349852,-0.977774415433267,1,0,1,0,1,0,0,1,0,0,0,0,0,0,0,0,0,0,0,0,0,0,0,1,0,0,1
1,1.6113072651077522,0.7715506726223714,1.8259569544688061,0,0,1,1,1,0,1,0,0,0,1,0,1,0,1,0,1,0,1,0,1,0,1,1,1,0,0
0,-0.9974007297780236,0.2094700206275447,-0.7601887672025734,1,0,0,0,1,0,1,0,0,0,1,0,0,0,0,0,1,0,0,0,1,0,0,0,0,1,0
0,1.1629355784867594,1.2039204049260845,1.6254887497728878,0,0,1,0,1,0,1,1,0,0,0,0,1,0,0,0,0,0,1,0,1,0,1,1,0,0,0
0,1.2852187657470302,0.6468286344578388,1.3245217399939362,0,1,0,0,1,0,1,1,0,0,1,0,1,0,0,0,0,0,0,0,0,1,0,1,1,0,0
1,1.570546202687662,-1.360364699736706,-0.23407002268206784,0,1,1,0,1,0,1,0,1,1,0,1,0,1,0,1,0,1,0,1,0,0,1,0,0,0,0
0,1.3259798281671205,1.1374019845716672,1.8220084720039553,0,0,1,1,1,0,1,1,0,0,1,0,1,0,0,0,1,0,1,0,0,0,1,1,1,0,0
0,-1.201206041878475,-1.505042264007564,-0.9817890735818868,0,1,0,0,1,0,0,0,1,1,0,1,0,1,0,1,0,1,0,1,0,1,0,0,0,0,1
0,-1.2827281667186554,-0.6386398388912774,-0.9887154618163188,1,1,0,0,1,0,0,0,0,0,0,0,0,0,0,0,0,0,0,0,0,0,0,1,0,1,0
0,-0.1006573565360382,-0.011703727050893342,-0.1574165223169361,0,1,0,1,1,0,0,0,0,0,0,0,1,0,1,0,0,0,1,0,0,1,0,0,1,0,0
0,-0.712073292837392,0.15459232383515015,-0.5361840776463396,0,1,1,1,1,0,0,0,0,0,0,0,1,0,1,0,1,0,0,0,1,0,0,1,0,0,1
0,-0.9974007297780236,0.12299607416680179,-0.7598799473449874,0,0,1,1,1,0,0,0,0,0,0,0,0,0,0,0,1,0,1,0,1,0,0,1,0,1,0
0,-1.0381617921981139,1.002702183353972,-0.7196671901750205,1,1,0,0,1,0,1,1,0,0,0,0,0,0,0,0,0,0,1,0,1,0,0,0,0,0,1
0,1.5297851402675717,1.4400607971842665,2.4898755311565006,0,0,1,1,1,0,1,1,0,0,1,0,1,0,1,0,0,0,1,0,1,1,0,1,1,0,0
0,1.2036966409068497,0.7066952127768144,1.2919633035798541,0,1,1,1,1,0,0,0,0,0,1,0,1,0,1,0,1,0,1,0,1,0,1,0,0,1,0
0,-1.0789228546182041,-1.501716342989843,-0.9587819941917192,0,0,1,1,1,0,0,0,1,1,0,1,0,1,0,1,0,1,0,1,0,0,0,0,0,0,1
0,-0.7528343552574821,0.5337473198553295,-0.5002727399213225,0,0,1,1,1,0,0,1,0,0,0,0,0,0,0,0,0,0,0,0,1,0,0,1,0,0,0
0,-0.4267458558967602,0.6418397529312578,-0.2050630146302266,0,0,0,0,1,0,1,1,0,0,0,0,0,0,0,0,0,0,1,0,0,0,0,1,0,0,0
0,-0.4267458558967602,-1.4867496984100992,-0.8236071308140134,0,1,1,1,1,0,0,0,1,1,0,1,0,1,0,1,0,1,0,1,0,1,0,0,0,0,1
0,-0.6713122304173017,-0.020018529595195518,-0.5570955937171727,0,1,1,1,1,0,0,0,0,0,1,0,0,0,1,0,0,0,1,0,0,0,1,0,0,0,1
0,-0.9158786049378431,-1.3021610819265907,-0.8978562480022246,0,1,0,0,1,0,1,0,1,1,0,1,0,1,0,1,0,1,0,1,0,0,1,0,0,0,0
0,-0.7935954176775724,-0.2944070135571673,-0.6715574680753508,0,0,0,1,1,0,0,0,0,0,1,0,1,0,0,0,0,0,0,0,0,0,0,1,0,1,0
0,-0.5082679807369407,0.5836361351211425,-0.3063559279184813,1,0,1,0,1,0,1,1,0,0,1,0,0,0,0,0,0,0,0,0,0,0,0,0,0,1,0
0,-1.2419671042985652,0.16124416587059198,-0.9492085786065488,0,0,0,0,1,0,0,1,0,0,0,0,0,0,0,0,0,0,0,0,0,0,0,1,0,1,0
0,0.8368470791260375,0.30093284861486863,0.7374110736001673,0,1,0,0,1,0,1,0,0,0,0,0,1,0,1,0,1,0,0,0,1,0,1,1,0,0,0
0,-0.8751175425177529,-1.4717830538303551,-0.9056649786869027,0,0,1,1,1,0,0,0,1,1,0,1,0,1,0,1,0,1,0,1,0,1,0,0,0,0,1
0,1.4890240778474815,-1.4950645009544015,-0.4073400213491498,0,1,1,0,1,0,0,0,1,1,0,1,0,1,0,1,0,1,0,1,0,0,1,0,0,0,1
0,-1.1604449794583847,0.20115521808324252,-0.8884151837845911,1,0,0,0,1,0,0,1,0,0,0,0,0,0,0,0,0,0,0,0,0,0,0,1,0,0,0
0,1.6113072651077522,0.8048098827995801,1.7504284407277384,0,1,1,0,1,0,1,0,0,0,1,0,1,0,1,0,1,0,1,0,1,0,1,1,0,0,0
1,1.0406523912264887,-0.6502805624533005,0.1607782238030711,1,1,1,0,0,1,0,0,0,0,0,0,1,0,1,0,0,0,0,0,1,0,0,1,0,1,0
0,-0.6713122304173017,-1.4784348958657971,-0.8670624964886349,0,0,1,1,1,0,0,0,1,1,0,1,0,1,0,1,0,1,0,1,0,0,0,0,0,1,0
0,0.429236454925135,0.6451656739489785,0.552560330273605,0,1,1,0,1,0,0,1,0,0,1,0,0,0,1,0,1,0,0,0,0,1,0,1,0,0,0
0,-1.2419671042985652,1.315338759019734,-0.9017385547833074,1,0,1,0,1,0,1,1,0,0,0,0,0,0,1,0,1,0,1,0,1,0,0,1,0,1,0
0,-0.7528343552574821,0.5686694905413986,-0.4875008329540099,0,1,1,0,1,0,0,0,0,0,0,0,1,0,1,0,1,0,1,0,1,0,1,0,0,0,1
0,0.8368470791260375,0.9977133018273905,1.19708943161714,1,0,1,0,1,0,0,1,0,0,0,0,0,0,1,0,0,0,1,0,1,1,0,1,0,0,0
0,-0.019135231695857704,-1.4734460143392158,-0.7200863028388874,0,0,0,0,1,0,0,0,1,1,0,1,0,1,0,1,0,1,0,1,0,1,0,0,0,0,0
0,0.06238689314432279,-1.3354202921037994,-0.6646531384021748,0,0,1,0,1,0,1,0,1,1,0,1,0,1,0,1,0,1,0,1,0,0,0,0,0,1,0
1,-0.712073292837392,0.3192254142123333,-0.5034050556196962,1,0,0,0,1,0,1,1,0,0,0,0,0,0,0,0,0,0,0,0,0,0,0,1,0,0,1
1,-1.0381617921981139,0.3857438345667507,-0.7866810992712133,1,0,0,0,1,0,0,1,0,0,1,0,0,0,0,0,0,0,0,0,0,0,0,0,0,0,0
0,-0.712073292837392,1.3469350086880818,-0.3209586954700546,0,0,1,1,1,0,1,1,0,0,0,0,1,0,1,0,0,0,1,0,1,0,0,1,0,0,0
0,1.1629355784867594,-1.4734460143392158,-0.4565085543891149,0,1,1,0,1,0,0,0,1,1,0,1,0,1,0,1,0,1,0,1,0,1,0,1,1,0,0
0,-1.2827281667186554,-1.1608094386734538,-0.995641850050751,1,0,0,0,0,1,0,0,0,0,0,0,1,0,0,0,0,0,0,0,0,0,0,0,0,0,0
0,-1.2827281667186554,-0.6502805624533005,-0.9888698717451119,0,0,0,0,1,0,0,0,0,0,0,0,0,0,0,0,0,0,0,0,0,0,0,0,0,0,1
0,-0.9974007297780236,0.6534804764932807,-0.7165128159153905,1,1,0,0,1,0,1,1,0,0,0,0,0,0,0,0,0,0,0,0,1,0,0,0,0,0,0
0,0.021625830724232544,0.3292031772654958,0.07347043835121762,0,1,1,1,1,0,0,0,0,0,1,0,0,0,1,0,0,0,1,0,1,1,0,0,1,0,0
0,-0.7935954176775724,0.47886962306293496,-0.5184269358351364,1,0,0,0,1,0,0,1,0,0,0,0,1,0,1,0,0,0,0,0,0,0,0,1,0,1,0
0,-1.2827281667186554,-1.3320943710860789,-0.9979138818601345,1,0,1,0,0,1,0,0,0,0,0,0,0,0,0,0,0,0,0,0,0,0,0,1,0,1,0
0,-0.5082679807369407,-0.4340956963014439,-0.5571617694009412,0,1,0,0,1,0,0,0,0,0,0,0,1,0,0,0,0,0,0,0,0,0,0,1,0,0,1
0,-1.201206041878475,-1.1458427940937101,-0.9726127120993271,0,1,0,0,0,1,0,0,0,0,0,0,0,0,0,0,1,0,0,0,0,0,0,0,0,1,0
0,-0.7935954176775724,-1.5033793034987035,-0.9008562123330613,0,0,0,0,1,0,0,0,1,1,0,1,0,1,0,1,0,1,0,1,0,1,0,0,0,1,0
0,0.30695326766486425,-0.274451487450842,0.04073553344708643,0,0,1,0,1,0,1,0,0,0,0,0,1,0,0,0,0,0,0,0,0,0,0,0,1,0,0
0,0.429236454925135,0.23441442826045122,0.39113577900107716,0,1,1,1,1,0,1,0,0,0,1,0,0,0,0,0,1,0,0,0,1,1,0,1,1,0,0
0,-1.0789228546182041,0.8696653426451372,-0.7745930077028415,1,1,1,0,1,0,0,1,0,0,0,0,1,0,1,0,0,0,0,0,1,0,0,1,0,1,0
0,1.4890240778474815,-1.5000533824809827,-0.4020680252089292,0,0,1,1,1,0,0,0,1,1,0,1,0,1,0,1,0,1,0,1,0,0,1,0,0,0,0
0,1.6113072651077522,1.49161257295894,2.5775583121497085,0,0,1,1,1,0,1,1,0,0,1,0,1,0,1,0,0,0,1,0,1,0,1,0,1,0,0
0,1.081413453646579,-1.5150200270607266,-0.48267000803891236,0,1,1,1,1,0,0,0,1,1,0,1,0,1,0,1,0,1,0,1,0,0,1,0,1,0,0
0,-0.5082679807369407,1.0542539591286455,-0.16990166798791867,0,0,1,0,1,0,0,1,0,0,1,0,1,0,0,0,1,0,1,0,0,0,0,1,0,1,0
0,-0.34522373105657966,-1.3553758182101248,-0.7497109506059008,0,1,1,1,1,0,1,0,1,1,0,1,0,1,0,1,0,1,0,1,0,0,1,1,0,0,0
0,1.081413453646579,1.546490269751334,1.8674711667528863,0,1,0,0,1,0,1,1,0,0,0,0,1,0,1,0,1,0,1,0,1,0,0,1,0,1,0
0,1.6113072651077522,1.576423558910822,2.5388896542676718,0,1,1,1,1,0,1,1,0,0,0,0,1,0,1,0,1,0,1,0,1,0,1,1,0,0,0
0,-1.2827281667186554,-1.466794172303774,-0.9997006253218831,0,1,0,1,1,0,0,0,1,1,0,1,0,1,0,1,0,1,0,1,0,0,0,0,0,0,1
0,-0.22294054379630893,1.2321907335767122,0.1739913019955069,0,0,1,0,1,0,0,1,0,0,1,0,0,0,0,0,1,0,1,0,1,1,0,1,1,0,0
0,-0.7528343552574821,0.5054769912047018,-0.5181401745388065,0,0,0,0,1,0,0,1,0,0,0,0,1,0,0,0,1,0,0,0,0,0,0,1,1,0,0
0,1.570546202687662,1.3535868507235236,2.258238579405637,0,1,1,1,1,0,1,1,0,0,1,0,0,0,1,0,0,0,1,0,1,0,1,0,0,1,0
0,-0.7935954176775724,0.4472733733945866,-0.5527059400271982,0,1,0,1,1,0,0,1,0,0,0,0,0,0,0,0,0,0,1,0,0,0,0,1,1,0,0
0,0.46999751734522527,0.1329738372199643,0.29654866833469296,0,1,0,0,1,0,0,1,0,0,0,0,0,0,0,0,0,0,0,0,0,0,0,0,1,0,0
0,0.021625830724232544,0.5021510701869811,0.17562363552846214,0,0,0,0,1,0,0,1,0,0,0,0,1,0,0,0,1,0,0,0,0,1,0,1,0,0,0
0,1.6113072651077522,-0.312699579154632,0.8348878557911074,0,1,1,1,0,1,0,0,0,0,1,0,1,0,1,0,1,0,0,0,1,0,1,1,1,0,0
0,-1.2827281667186554,0.5004881096781209,-0.973605347355854,1,1,0,0,1,0,0,1,0,0,0,0,0,0,0,0,0,0,0,0,1,0,0,0,0,1,0
0,-0.5490290431570309,1.3885090214095928,-0.15543125180388231,1,0,0,0,1,0,0,1,0,0,1,0,0,0,1,0,1,0,1,0,1,0,0,1,0,1,0
0,1.2852187657470302,1.250483299174177,1.9267425208481697,0,1,1,0,1,0,0,1,0,0,0,0,1,0,1,0,1,0,1,0,1,1,0,1,1,0,0
0,-1.2419671042985652,-0.6269991153292543,-0.971575959720288,1,1,0,0,1,0,0,0,0,0,0,0,0,0,0,0,0,0,0,0,0,0,0,1,1,0,0
0,-1.2827281667186554,-1.3171277265063348,-0.9977153548088292,0,0,0,0,0,1,0,0,0,0,0,0,0,0,0,0,0,0,0,0,0,0,0,0,0,1,0
0,1.1629355784867594,-1.5000533824809827,-0.512890236959842,0,1,0,1,1,0,0,0,1,1,0,1,0,1,0,1,0,1,0,1,0,0,1,0,0,0,1
0,-0.14141841895612844,-1.4917385799366805,-0.7706004081154778,0,0,1,1,1,0,0,0,1,1,0,1,0,1,0,1,0,1,0,1,0,1,0,0,0,1,0
1,-0.3859847934766699,0.7299766599008606,-0.13716676308378767,0,1,1,0,1,0,1,1,0,0,0,0,0,0,0,0,0,0,0,0,1,0,0,0,0,1,0
0,0.9998913288063985,-0.20294418556984337,0.5076490995560774,0,0,1,0,0,1,0,0,0,0,1,0,1,0,1,0,0,0,1,0,1,0,0,1,0,0,0
0,1.6113072651077522,-0.6519435229621608,0.3763344843981986,0,1,1,1,0,1,0,0,0,0,1,0,1,0,1,0,1,0,0,0,0,0,1,0,1,0,0
0,1.3667408905872107,-0.274451487450842,0.6628310779931138,0,1,1,0,0,1,0,0,0,0,1,0,1,0,1,0,1,0,1,0,0,0,1,1,0,0,0
0,1.3259798281671205,0.6435027134401181,1.3401612599245485,0,1,1,1,1,0,1,0,0,0,0,0,1,0,1,0,1,0,1,0,1,0,1,1,0,0,0
0,-0.9974007297780236,0.5038140306958415,-0.7332993810313231,0,0,0,0,1,0,0,1,0,0,0,0,0,0,0,0,0,0,1,0,0,0,0,1,0,0,0
0,-1.1604449794583847,0.17621081045033601,-0.8904666299814133,1,0,0,0,1,0,0,1,0,0,0,0,0,0,0,0,0,0,0,0,0,0,0,1,0,1,0
0,1.570546202687662,-1.3337573315949391,-0.19846750481463685,0,0,1,0,1,0,1,0,1,1,0,1,0,1,0,1,0,1,0,1,0,0,1,0,0,0,0
0,-1.2827281667186554,-1.4850867379012387,-0.9999432694957008,0,1,1,1,1,0,0,0,1,1,0,1,0,1,0,1,0,1,0,1,0,1,0,1,0,1,0
0,-1.1604449794583847,-0.49229931411155914,-0.9297308690173657,1,1,1,0,1,0,0,0,0,0,0,0,0,0,0,0,1,0,0,0,0,0,0,0,0,0,1
0,-0.8343564800976626,-1.513357066551866,-0.9120840200124433,0,0,0,0,1,0,0,0,1,1,0,1,0,1,0,1,0,1,0,1,0,1,0,1,0,0,0
0,-0.34522373105657966,-0.47400674851409424,-0.4402955118658424,0,1,0,0,0,1,0,0,0,0,1,0,0,0,0,0,0,0,1,0,1,1,0,1,0,0,1
0,-0.05989629411594795,0.5420621223996317,0.11425671811384448,0,0,1,1,1,0,0,0,0,0,1,0,0,0,1,0,1,0,1,0,1,1,0,1,0,0,1
0,-1.2827281667186554,-0.32101438169893415,-0.9845022766163937,1,0,1,0,1,0,0,0,0,0,0,0,0,0,0,0,0,0,1,0,0,0,0,0,0,0,1
0,-0.1006573565360382,0.8330802114502078,0.19252049345067543,0,1,0,0,1,0,1,1,0,0,0,0,0,0,0,0,1,0,0,0,1,0,0,1,1,0,0
0,0.592280704605496,0.6800878446350476,0.8031455861435033,0,0,1,1,1,0,1,0,0,0,1,0,1,0,0,0,1,0,1,0,1,0,1,1,1,0,0
0,0.8776081415461278,1.435071915657685,1.5325780897619712,0,1,0,0,1,0,1,1,0,0,1,0,1,0,0,0,1,0,1,0,1,0,1,1,1,0,0
0,0.7145638918657667,0.952813368088159,1.0856054630285428,0,1,0,0,1,0,0,1,0,0,1,0,1,0,0,0,1,0,0,0,1,0,0,1,1,0,0
0,-1.2827281667186554,0.6568063975110013,-0.9715318425977757,1,1,0,0,1,0,0,1,0,0,1,0,0,0,0,0,0,0,0,0,1,0,0,1,0,0,1
0,1.6113072651077522,-1.4834237773923784,-0.3175837355978631,0,0,0,0,1,0,0,0,1,1,0,1,0,1,0,1,0,1,0,1,0,0,1,0,1,0,0
0,-0.14141841895612844,-1.3204536475240558,-0.6991527282067981,0,0,0,0,1,0,1,0,1,1,0,1,0,1,0,1,0,1,0,1,0,0,0,0,0,1,0
0,-1.2419671042985652,-0.34762174984070127,-0.9585172914566454,1,1,0,0,1,0,1,0,0,0,0,0,1,0,0,0,0,0,0,0,0,0,0,1,0,0,1
0,-0.9158786049378431,-1.1724501622354768,-0.8769226733701353,0,0,0,0,0,1,0,0,0,0,0,0,0,0,0,0,1,0,0,0,0,0,1,1,0,0,1
0,-0.5897901055771212,0.2759884409819621,-0.4327073667937258,0,1,1,0,1,0,1,1,0,0,0,0,0,0,0,0,0,0,0,0,0,0,0,1,0,1,0
1,-0.8751175425177529,1.002702183353972,-0.514610804737822,1,0,0,0,1,0,0,1,0,0,0,0,1,0,0,0,0,0,1,0,1,0,0,1,0,1,0
0,-0.6713122304173017,-1.5000533824809827,-0.8834078903794443,0,1,0,0,1,0,0,0,1,1,0,1,0,1,0,1,0,1,0,1,0,0,1,0,0,0,1
0,1.6113072651077522,0.7233248178654187,1.7928029369008085,0,0,0,0,1,0,1,0,0,0,0,0,1,0,1,0,1,0,1,0,1,0,1,0,0,0,0
0,1.6113072651077522,1.4749829678703357,2.4668243346438206,0,1,0,0,1,0,1,1,0,0,0,0,1,0,1,0,1,0,1,0,1,0,1,0,0,0,0
0,0.3477143300849545,0.32754021675663547,0.397444527520337,0,0,1,1,1,0,0,0,0,0,1,0,0,0,0,0,1,0,1,0,1,1,0,1,1,0,0
1,1.3259798281671205,0.982746657247647,1.6938261725444497,0,0,1,0,1,0,0,1,0,0,1,0,1,0,1,0,0,0,0,0,1,0,0,0,0,1,0
1,-0.7935954176775724,-0.3343180657698178,-0.6862264113106925,0,0,0,0,1,0,0,0,0,0,0,0,1,0,1,0,0,0,0,0,0,0,0,1,0,1,0
1,-1.1604449794583847,0.34915870337182087,-0.8882387152945418,0,1,0,0,1,0,0,1,0,0,1,0,0,0,0,0,0,0,0,0,0,0,0,0,0,1,0
0,0.3477143300849545,0.004925878037711009,0.10810237952337787,0,1,0,0,1,0,1,0,0,0,0,0,0,0,1,0,0,0,0,0,1,1,0,0,0,0,1
1,-0.712073292837392,0.31756245370347297,-0.5349046810934828,1,1,0,0,1,0,0,1,0,0,0,0,1,0,0,0,0,0,0,0,0,0,0,1,0,1,0
0,-1.2827281667186554,-0.5421881293773722,-0.9874360652634618,1,1,0,0,1,0,0,0,0,0,1,0,0,0,0,0,0,0,0,0,0,0,0,1,0,0,1
0,0.38847539250504476,1.135739024062807,0.8874975243870323,0,1,0,0,1,0,1,1,0,0,1,0,1,0,1,0,0,0,0,0,1,1,0,1,0,1,0
0,0.755324954285857,0.952813368088159,1.0291576047740472,0,0,1,0,1,0,0,1,0,0,1,0,1,0,1,0,0,0,1,0,0,1,0,1,0,1,0
0,-1.2419671042985652,0.18452561299463818,-0.9439365824663282,1,0,1,1,1,0,0,1,0,0,0,0,0,0,0,0,0,0,0,0,0,0,0,0,0,1,0
1,-1.2827281667186554,-0.8199025343570646,-0.9911198449932396,1,1,1,0,0,1,0,0,0,0,0,0,1,0,0,0,0,0,1,0,0,0,0,0,0,1,0
0,-0.019135231695857704,0.6268731083515138,0.1528812588733685,0,1,0,1,1,0,1,0,0,0,0,0,1,0,1,0,1,0,1,0,1,1,0,0,1,0,0
0,-0.9158786049378431,-1.4967274614632617,-0.9236868232331796,0,1,0,0,1,0,0,0,1,1,0,1,0,1,0,1,0,1,0,1,0,0,0,1,0,0,1
0,1.407501953007301,-0.1763368174280765,0.8016676625393409,0,0,1,1,0,1,0,0,0,0,0,0,1,0,1,0,1,0,1,0,1,0,1,1,0,1,0
0,1.1629355784867594,1.6712123079158667,2.082939193102989,0,0,1,1,1,0,1,1,0,0,1,0,1,0,1,0,1,0,1,0,1,0,1,0,1,0,0
0,0.7145638918657667,1.64626790028296,1.5460117535669686,0,1,0,0,1,0,1,1,0,0,1,0,1,0,1,0,1,0,1,0,1,1,0,0,1,0,0
0,-1.2419671042985652,-0.6735620095773465,-0.9733185860595239,1,0,1,0,1,0,0,0,0,0,0,0,0,0,0,0,0,0,0,0,0,0,0,1,1,0,0
1,-0.14141841895612844,-0.660258325506463,-0.46680990249573834,0,0,1,0,0,1,0,0,0,0,1,0,0,0,1,0,0,0,0,0,1,0,0,1,0,1,0
1,-1.201206041878475,-0.7883062846887166,-0.950532092281918,1,1,0,0,0,1,0,0,0,0,0,0,0,0,1,0,0,0,0,0,1,0,0,1,0,1,0
1,-0.7935954176775724,1.3984867844627558,-0.40696502580779526,1,1,0,0,1,0,1,1,0,0,0,0,1,0,1,0,0,0,1,0,1,0,0,1,0,1,0
1,0.9998913288063985,0.831417250941347,1.1640677654166791,0,1,1,0,1,0,1,1,0,0,0,0,1,0,0,0,0,0,0,0,1,0,0,1,0,1,0
0,-0.05989629411594795,-0.49895115614700075,-0.3382305489336225,0,0,0,0,0,1,0,0,0,0,1,0,1,0,0,0,1,0,0,0,1,0,1,1,0,0,0
0,0.5107585797653155,1.6113457295968912,1.2112289693823342,0,0,1,0,1,0,1,1,0,0,1,0,1,0,1,0,1,0,1,0,1,1,0,0,0,0,1
0,1.1629355784867594,0.7732136331312318,1.4293881402056876,0,0,1,1,1,0,1,0,0,0,1,0,1,0,1,0,1,0,1,0,1,0,1,0,0,0,1
0,0.7145638918657667,-1.3287684500683579,-0.4815450214148486,0,1,0,0,1,0,1,0,1,1,0,1,0,1,0,1,0,1,0,1,0,0,1,0,0,0,0
1,-0.5490290431570309,1.335294285126059,-0.12331398661492354,0,0,0,0,1,0,0,1,0,0,1,0,1,0,0,0,1,0,1,0,1,0,0,1,0,0,1
0,1.081413453646579,-1.513357066551866,-0.5237430490978694,1,1,0,0,1,0,0,0,1,1,0,1,0,1,0,1,0,1,0,1,0,0,1,0,0,0,1
0,1.570546202687662,-1.3503869366835435,-0.244327253666179,0,0,1,0,1,0,1,0,1,1,0,1,0,1,0,1,0,1,0,1,0,0,1,1,1,0,0
1,-0.6713122304173017,0.9844096177565073,-0.34215697283721763,1,0,0,0,1,0,0,1,0,0,0,0,0,0,0,0,1,0,1,0,1,0,0,1,0,1,0
0,0.9998913288063985,-0.16968497539263466,0.5132519741151403,0,1,1,0,1,0,0,0,0,0,1,0,1,0,0,0,1,0,0,0,0,0,1,1,0,1,0
0,-1.2827281667186554,-1.3320943710860789,-0.9979138818601345,1,1,0,0,0,1,0,0,0,0,0,0,0,0,0,0,0,0,0,0,0,0,0,0,0,0,0
1,-0.5082679807369407,1.4034756659893368,-0.05060896871464311,0,1,1,0,1,0,1,1,0,0,0,0,1,0,0,0,1,0,1,0,1,0,0,0,0,1,0
0,-1.2827281667186554,0.19117745503007955,-0.9777082397494985,1,1,0,0,1,0,0,1,0,0,0,0,0,0,0,0,0,0,0,0,0,0,0,0,0,0,1
0,-1.1196839170382944,0.6834137656527687,-0.831901149846327,1,1,1,0,1,0,1,1,0,0,0,0,1,0,0,0,1,0,0,0,0,0,0,1,0,1,0
0,0.7960860167059473,1.3369572456349192,1.47266703739026,1,0,1,0,1,0,1,1,0,0,0,0,1,0,1,0,0,0,1,0,1,0,0,1,0,1,0
1,-0.46750691831685043,0.003262917528850668,-0.4177737208233102,0,1,1,0,1,0,0,0,0,0,1,0,1,0,0,0,0,0,0,0,1,0,0,1,0,0,0
0,-0.7528343552574821,-0.327666223734376,-0.66829280100944,0,1,0,0,0,1,0,0,0,0,0,0,0,0,1,0,1,0,1,0,1,0,0,1,0,1,0
0,-1.1196839170382944,-0.4756697090229548,-0.9008782708943175,0,0,0,0,1,0,0,0,0,0,0,0,1,0,0,0,0,0,0,0,0,0,0,0,0,0,0
0,-1.0789228546182041,-0.32267734220779476,-0.8664007396509503,0,0,0,0,1,0,0,0,0,0,1,0,1,0,0,0,0,0,0,0,0,0,0,0,0,0,1
0,-0.9158786049378431,-0.45405122240776896,-0.7890413653256216,0,0,0,0,1,0,0,0,0,0,0,0,1,0,0,0,0,0,0,0,0,0,0,0,0,1,0
0,-1.2827281667186554,-1.3121388449797535,-0.9976491791250608,0,0,0,1,1,0,1,0,1,1,0,1,0,1,0,1,0,1,0,1,0,0,0,0,0,0,1
0,1.4482630154273912,-0.34595878933184065,0.6180742572043795,0,0,0,0,1,0,1,0,0,0,1,0,0,0,0,0,0,0,0,0,0,0,0,0,0,0,1
0,-0.5897901055771212,1.0076910648805535,-0.22359220608539515,1,1,1,1,1,0,0,1,0,0,0,0,0,0,1,0,0,0,1,0,1,0,0,0,0,0,1
0,-0.4267458558967602,0.3707771899870067,-0.22198193111369605,0,0,0,0,1,0,1,1,0,0,0,0,0,0,0,0,0,0,0,0,0,1,0,1,1,0,0
0,-0.5082679807369407,-0.6818768121216486,-0.5998230268703411,0,0,0,0,1,0,0,0,0,0,0,0,0,0,0,0,0,0,0,0,0,0,0,1,0,1,0
0,-1.2827281667186554,0.1712219289237545,-0.9779729424845723,1,1,1,0,1,0,0,1,0,0,0,0,0,0,0,0,0,0,0,0,0,0,0,0,0,1,0
1,-0.9974007297780236,0.32088837472119364,-0.7412625216447942,1,1,0,0,1,0,0,1,0,0,0,0,1,0,0,0,0,0,0,0,0,0,0,1,0,1,0
0,-0.9158786049378431,-0.6652472070330443,-0.816768976824606,1,1,0,0,1,0,0,0,0,0,0,0,0,0,0,0,0,0,0,0,0,0,0,1,1,0,0
1,-0.34522373105657966,0.3741031110047274,-0.25326097097492095,1,1,0,0,1,0,1,1,0,0,0,0,0,0,0,0,0,0,0,0,0,0,0,1,0,1,0
0,0.10314795556441304,-0.12145912063568196,-0.11715964802445683,0,1,0,0,1,0,0,0,0,0,1,0,1,0,1,0,0,0,0,0,0,1,0,0,0,0,1
0,-0.3859847934766699,0.7299766599008606,-0.15262981452435093,0,1,1,1,1,0,0,1,0,0,0,0,1,0,1,0,1,0,0,0,0,1,0,0,0,0,1
1,-1.0789228546182041,0.8147876458527427,-0.7583579066183128,0,0,0,0,1,0,0,1,0,0,0,0,0,0,0,0,0,0,1,0,1,0,0,1,0,1,0
0,-0.8343564800976626,-1.501716342989843,-0.9116428487873203,0,0,0,0,1,0,0,0,1,1,0,1,0,1,0,1,0,1,0,1,0,0,0,0,0,0,1
0,-1.2827281667186554,-1.4834237773923784,-0.9999212109344445,0,1,0,0,1,0,0,0,1,1,0,1,0,1,0,1,0,1,0,1,0,0,0,0,0,0,1
0,1.570546202687662,0.37244015049586704,1.389550378577075,0,0,1,1,1,0,0,1,0,0,0,0,0,0,1,0,0,0,0,0,0,0,1,0,0,1,0
1,0.10314795556441304,1.1956056023817823,0.5076711581173335,0,1,1,0,1,0,1,1,0,0,0,0,0,0,1,0,0,0,1,0,1,0,0,1,0,1,0
0,0.30695326766486425,0.32255133523005397,0.32160719392168285,0,1,1,1,1,0,1,0,0,0,0,0,0,0,1,0,0,0,1,0,1,0,0,1,0,1,0
0,-1.2827281667186554,0.29095508556170563,-0.9763847260741293,1,0,0,1,1,0,0,1,0,0,1,0,0,0,0,0,0,0,0,0,0,0,0,1,0,0,1
0,-0.3859847934766699,0.0015999570199903275,-0.34277461255238995,0,1,0,0,1,0,0,0,0,0,0,0,0,0,0,0,0,0,1,0,1,1,0,1,0,0,0
1,-1.1604449794583847,1.017668827933716,-0.8341070059719423,1,0,0,0,1,0,1,1,0,0,0,0,0,0,0,0,0,0,1,0,1,0,0,1,0,1,0
0,-1.1604449794583847,0.8497098165388122,-0.851511210803047,0,1,0,0,1,0,0,1,0,0,0,0,0,0,1,0,1,0,0,0,1,0,0,1,0,1,0
0,1.4482630154273912,-0.15139240979516996,0.8039176357874687,0,0,1,1,0,1,0,0,0,0,0,0,1,0,1,0,1,0,1,0,1,0,1,0,1,0,0
0,0.22543114282468377,0.5653435695236774,0.37717270972593225,0,1,0,1,1,0,1,1,0,0,0,0,1,0,0,0,0,0,0,0,0,0,0,1,0,0,1
0,0.7960860167059473,-1.3320943710860789,-0.46661137544443304,0,1,1,1,1,0,1,0,1,1,0,1,0,1,0,1,0,1,0,1,0,0,1,0,0,0,1
1,-0.019135231695857704,0.3341920587920773,0.007316813144014599,1,1,1,0,1,0,1,1,0,0,0,0,0,0,0,0,0,0,0,0,0,0,0,1,0,1,0
0,-0.14141841895612844,0.3558105454072627,-0.10251276335037121,0,1,1,1,1,0,0,0,0,0,0,0,0,0,1,0,1,0,1,0,1,0,1,0,0,0,1
1,0.22543114282468377,1.2072463259438058,0.641941620483537,0,1,1,1,1,0,1,1,0,0,0,0,1,0,0,0,0,0,1,0,1,0,0,0,0,1,0
0,0.6330417670255862,0.4622400179743306,0.6157360497112272,0,1,0,1,1,0,1,0,0,0,1,0,0,0,1,0,0,0,1,0,1,1,0,1,1,0,0
0,-1.2827281667186554,-1.516682987569587,-1.0003623821595675,0,0,0,0,1,0,0,0,1,1,0,1,0,1,0,1,0,1,0,1,0,0,0,1,0,0,0
0,-0.4267458558967602,0.8048098827995801,-0.17669570485481384,0,0,0,0,1,0,0,1,0,0,1,0,0,0,0,0,1,0,0,0,1,0,0,1,0,1,0
0,0.429236454925135,1.6695493474070064,1.1507223358567067,0,0,0,0,1,0,1,1,0,0,1,0,1,0,1,0,1,0,1,0,1,0,1,0,1,0,0
1,-1.1196839170382944,0.14960344230856867,-0.8581508377411491,0,0,1,0,1,0,0,1,0,0,0,0,0,0,0,0,0,0,0,0,0,0,0,1,0,1,0
0,-1.1196839170382944,0.5237695568021665,-0.8255262256432988,1,1,0,0,1,0,0,1,0,0,0,0,0,0,0,0,0,0,1,0,0,0,0,1,0,1,0
0,0.755324954285857,1.5032532965209628,1.499821126296584,0,1,1,1,1,0,1,1,0,0,1,0,1,0,0,0,1,0,1,0,1,1,0,0,1,0,0
0,1.570546202687662,-1.4950645009544015,-0.41102380107892744,0,1,0,0,1,0,0,0,1,1,0,1,0,1,0,1,0,1,0,1,0,0,1,1,1,0,0
0,0.22543114282468377,0.513791793749004,0.3405334394794622,1,0,1,1,1,0,0,0,0,0,1,0,1,0,0,0,1,0,1,0,1,1,0,0,1,0,0
1,-0.34522373105657966,0.9411726445261361,-0.02457986643238255,1,1,1,0,1,0,0,1,0,0,0,0,0,0,1,0,0,0,1,0,1,0,0,1,0,1,0
0,0.10314795556441304,0.8862949477337415,0.4189295661838299,0,1,1,0,1,0,1,1,0,0,0,0,0,0,0,0,1,0,1,0,0,0,0,1,1,0,0
1,0.8776081415461278,0.5852990956300029,0.9102840181646387,1,0,0,0,1,0,1,0,0,0,1,0,1,0,0,0,1,0,1,0,1,1,0,0,0,0,0
0,1.6113072651077522,-0.1613701728483325,0.872299175681543,0,0,1,1,0,1,0,0,0,0,0,0,1,0,1,0,1,0,1,0,1,0,1,1,0,1,0
0,-1.2827281667186554,-0.6669101675419048,-0.9890904573576733,0,1,0,0,1,0,0,0,0,0,0,0,0,0,0,0,0,0,0,0,0,0,0,1,0,1,0
0,-0.9566396673579334,-0.5405251688685117,-0.8225483198737181,0,0,1,1,1,0,0,0,0,0,1,0,0,0,0,0,0,0,0,0,0,1,0,0,0,0,1
0,1.4890240778474815,-0.15970721233947216,0.8337849277282997,0,1,0,0,0,1,0,0,0,0,1,0,1,0,0,0,1,0,1,0,1,0,1,1,0,0,0
0,0.7960860167059473,1.258798101718479,1.2579269435616103,0,0,1,0,1,0,1,1,0,0,0,0,1,0,0,0,1,0,1,0,1,0,0,1,1,0,0
1,-0.8751175425177529,0.6002657402097469,-0.6206021915736373,0,0,1,0,1,0,0,1,0,0,0,0,0,0,0,0,1,0,1,0,0,0,0,1,0,1,0
1,-1.2419671042985652,0.18286265248577738,-0.947510069389825,1,0,0,0,1,0,0,1,0,0,0,0,0,0,0,0,0,0,0,0,0,0,0,1,0,1,0
1,-0.1821794813762187,-0.9629171381190622,-0.5793085649021187,0,0,1,1,0,1,0,0,0,0,0,0,0,0,0,0,0,0,1,0,0,0,0,1,0,1,0
1,-0.6305511679972114,0.5919509376654447,-0.3603111687510316,0,0,0,0,1,0,1,1,0,0,0,0,0,0,1,0,0,0,0,0,0,0,0,1,1,0,0
0,0.10314795556441304,-1.4967274614632617,-0.6826749829484519,0,0,1,1,1,0,0,0,1,1,0,1,0,1,0,1,0,1,0,1,0,0,1,1,0,0,1
0,-0.9974007297780236,-1.5183459480784474,-0.937407248334507,0,0,0,0,1,0,0,0,1,1,0,1,0,1,0,1,0,1,0,1,0,1,0,1,0,0,1
0,0.5515196421854057,0.9993762623362513,0.9424233419148533,0,1,0,0,1,0,1,1,0,0,0,0,1,0,1,0,0,0,1,0,0,1,0,1,1,0,0
0,-1.0381617921981139,0.2992698881060078,-0.7833061393990219,1,0,0,0,1,0,1,1,0,0,0,0,0,0,0,0,0,0,0,0,0,0,0,1,0,1,0
0,-1.2419671042985652,0.5237695568021665,-0.9401204513690137,1,0,0,0,1,0,1,1,0,0,0,0,0,0,1,0,0,0,0,0,0,0,0,0,0,0,1
0,1.4482630154273912,0.36412534795156487,1.326683478997039,1,1,1,1,1,0,1,0,0,0,0,0,1,0,1,0,1,0,0,0,1,1,0,1,0,0,0
0,0.429236454925135,1.3219906010551754,1.0910539276588127,1,0,0,0,1,0,1,1,0,0,0,0,1,0,1,0,0,0,1,0,1,0,1,1,0,1,0
0,1.4482630154273912,0.7748765936400926,1.7036642908646942,0,0,0,0,1,0,1,0,0,0,1,0,1,0,1,0,1,0,1,0,1,0,1,1,0,1,0
0,0.14390901798450328,0.9960503413185302,0.5642072506168538,0,0,0,0,1,0,0,1,0,0,0,0,1,0,0,0,0,0,1,0,1,0,0,1,1,0,0
0,1.24445770332694,1.2820795488425252,1.904198671244381,1,1,1,0,1,0,1,1,0,0,0,0,1,0,1,0,0,0,1,0,1,0,0,1,0,1,0
1,-0.019135231695857704,-0.3393069472963991,-0.20146746914547373,0,0,0,0,1,0,0,0,0,0,0,0,1,0,0,0,1,0,0,0,0,0,0,0,0,0,0
0,1.570546202687662,0.6950544892147915,1.7369065426777168,0,0,1,0,1,0,1,0,0,0,1,0,1,0,1,0,1,0,1,0,1,0,1,0,1,0,0
0,1.3667408905872107,0.08641094297187242,0.9802317159078996,0,0,1,1,1,0,1,0,0,0,1,0,1,0,1,0,0,0,0,0,0,0,0,1,0,0,0
0,1.24445770332694,-1.4751089748480761,-0.4229133655959938,0,1,0,0,1,0,0,0,1,1,0,1,0,1,0,1,0,1,0,1,0,1,0,0,0,0,1
0,0.3477143300849545,-1.4834237773923784,-0.6272418185117393,0,0,0,1,1,0,0,0,1,1,0,1,0,1,0,1,0,1,0,1,0,1,0,1,1,0,0
1,-1.2827281667186554,0.2410662702958926,-0.977046482911814,0,0,0,0,1,0,1,1,0,0,0,0,0,0,0,0,0,0,0,0,0,0,0,1,0,1,0
0,-1.2419671042985652,0.8497098165388122,-0.9346499281774878,1,0,0,0,1,0,0,1,0,0,0,0,0,0,0,0,0,0,1,0,1,0,0,1,0,1,0
0,1.5297851402675717,-1.510031145534145,-0.4337882362952773,0,0,1,0,1,0,0,0,1,1,0,1,0,1,0,1,0,1,0,1,0,0,1,0,0,0,0
0,-0.3859847934766699,-0.6619212860153233,-0.5690733924792638,0,0,0,0,0,1,0,0,0,0,0,0,0,0,0,0,0,0,1,0,1,0,0,1,0,1,0
1,1.2852187657470302,1.0692206037083893,1.8282731034007023,0,0,1,0,1,0,0,1,0,0,1,0,1,0,1,0,0,0,0,0,1,1,0,0,0,0,0
0,0.18467008040459354,-0.06824438435214823,-0.0035359989940126463,0,1,1,1,1,0,1,0,0,0,1,0,0,0,1,0,1,0,0,0,0,0,1,1,1,0,0
0,-0.6305511679972114,-0.6735620095773465,-0.7082408554443331,0,1,0,1,1,0,0,0,0,0,0,0,0,0,0,0,0,0,0,0,0,1,0,0,0,0,1
1,-1.0381617921981139,0.8081358038173013,-0.7554682350937568,0,0,0,0,1,0,0,1,0,0,0,0,0,0,0,0,0,0,1,0,1,0,0,1,0,1,0
0,-1.1604449794583847,0.6634582395464431,-0.8447833496199203,1,1,1,1,1,0,1,1,0,0,0,0,1,0,1,0,0,0,0,0,0,0,0,1,0,0,0
1,-0.46750691831685043,-0.76336187705581,-0.6382269820173035,1,0,0,0,0,1,0,0,0,0,1,0,0,0,0,0,0,0,1,0,0,0,0,1,0,1,0
0,-0.9158786049378431,0.5121288332401437,-0.6356240717890774,1,0,0,0,1,0,0,1,0,0,0,0,0,0,0,0,0,0,0,0,1,0,0,1,0,0,0
1,-0.6713122304173017,-0.35759951289386377,-0.6166537091087858,0,0,0,0,1,0,1,0,0,0,1,0,0,0,0,0,0,0,0,0,0,0,0,1,0,1,0
0,1.2852187657470302,1.3436090876703612,2.0014328092615035,0,1,1,0,1,0,1,1,0,0,0,0,1,0,0,0,1,0,1,0,1,0,1,1,0,1,0
1,-0.22294054379630893,-1.1342020705316869,-0.6536679748966107,1,1,1,0,0,1,0,0,0,0,1,0,0,0,0,0,0,0,0,0,0,0,0,0,1,0,0
0,0.38847539250504476,1.0725465247261101,0.7632195902698663,0,1,1,1,1,0,1,1,0,0,1,0,0,0,0,0,0,0,1,0,1,1,0,0,0,1,0
0,-1.1196839170382944,-1.4850867379012387,-0.9719068381391303,0,1,0,1,1,0,0,0,1,1,0,1,0,1,0,1,0,1,0,1,0,0,0,0,0,0,1
0,0.3477143300849545,1.129087182027365,0.737808127702778,0,0,0,0,1,0,0,1,0,0,0,0,1,0,0,0,1,0,1,0,1,0,1,1,0,0,0
0,1.0406523912264887,-0.48398451156725697,0.2610785018347991,0,1,1,0,1,0,0,0,0,0,0,0,0,0,1,0,0,0,0,0,0,1,0,0,1,0,0
0,0.592280704605496,-1.4734460143392158,-0.5916393006443083,0,0,0,0,1,0,0,0,1,1,0,1,0,1,0,1,0,1,0,1,0,0,1,1,0,0,1
0,-0.5897901055771212,0.36745126896928604,-0.4031047775879685,0,1,0,0,1,0,0,1,0,0,0,0,0,0,0,0,1,0,0,0,0,0,0,1,0,0,0
0,-1.1196839170382944,1.052590998619785,-0.7915560413088232,1,1,0,0,1,0,0,1,0,0,0,0,0,0,1,0,0,0,1,0,1,0,0,0,0,0,0
0,-0.3859847934766699,-0.16303313335719283,-0.3885681857201636,0,1,1,0,1,0,0,0,0,0,1,0,0,0,0,0,0,0,0,0,1,0,0,1,0,0,0
0,-1.2827281667186554,-1.5200089085873079,-1.0004064992820798,0,0,0,0,1,0,0,0,1,1,0,1,0,1,0,1,0,1,0,1,0,0,0,0,0,0,1
0,1.570546202687662,1.1240983005007839,2.0629541366049144,0,1,1,0,1,0,1,1,0,0,0,0,0,0,1,0,0,0,1,0,1,1,0,1,1,0,0
0,1.6113072651077522,1.588064282472845,2.576389208403132,0,1,1,1,1,0,1,1,0,0,1,0,1,0,1,0,1,0,1,0,1,0,1,1,1,0,0
0,0.021625830724232544,-1.4717830538303551,-0.7043364901019941,0,1,1,1,1,0,0,0,1,1,0,1,0,1,0,1,0,1,0,1,0,1,0,0,0,0,1
0,-1.2419671042985652,0.6917285681970708,-0.928782350883351,1,1,0,0,1,0,1,1,0,0,0,0,0,0,0,0,0,0,1,0,0,0,0,1,0,1,0
0,-0.34522373105657966,-0.9679060196456435,-0.642329874410948,0,1,0,1,0,1,0,0,0,0,1,0,0,0,0,0,1,0,0,0,0,0,1,0,0,0,1
0,0.9591302663863083,1.1606834316957133,1.4654097707369853,0,0,1,1,1,0,1,1,0,0,0,0,1,0,1,0,1,0,0,0,1,1,0,1,1,0,0
0,0.18467008040459354,1.0392873145489014,0.6000082955355902,0,1,0,0,1,0,0,1,0,0,0,0,1,0,0,0,0,0,1,0,1,0,0,1,1,0,0
0,0.429236454925135,0.6734360025996057,0.6068243909637414,0,0,0,0,1,0,1,0,0,0,0,0,1,0,1,0,1,0,1,0,1,1,0,0,1,0,0
0,-1.2827281667186554,-1.3138018054886138,-0.997671237686317,0,1,0,0,0,1,0,0,0,0,0,0,0,0,0,0,0,0,0,0,0,0,0,0,0,0,1
0,-0.3044626686364894,1.3336313246171987,0.12341102103514798,1,0,1,0,1,0,1,1,0,0,0,0,0,0,1,0,1,0,1,0,1,0,0,1,0,0,0
0,1.1629355784867594,0.8247654089059057,1.333190754567604,0,0,0,0,1,0,1,0,0,0,1,0,1,0,1,0,1,0,1,0,1,0,1,0,0,1,0
0,-0.6305511679972114,0.7283136993920002,-0.3866932080133906,0,1,0,0,1,0,1,1,0,0,0,0,0,0,1,0,1,0,0,0,0,1,0,0,0,1,0
0,0.3477143300849545,0.7100211337945356,0.46423785100396836,0,0,1,0,1,0,0,1,0,0,0,0,1,0,1,0,1,0,0,0,0,1,0,1,0,0,0
0,-1.2827281667186554,-0.47234378800523386,-0.9865096056907035,1,1,0,0,1,0,0,0,0,0,0,0,1,0,0,0,0,0,0,0,0,0,0,0,0,0,1
1,1.6113072651077522,-0.001725963997730826,1.0789217189679285,0,1,1,1,0,1,0,0,0,0,1,0,1,0,1,0,1,0,1,0,1,0,1,1,0,0,0
0,-1.2827281667186554,0.8646764611185557,-0.9687745224407566,1,1,0,0,1,0,1,1,0,0,0,0,1,0,0,0,0,0,0,0,1,0,0,1,1,0,0
0,0.6330417670255862,1.4383978366754058,1.2267581965066658,0,1,0,0,1,0,1,1,0,0,0,0,1,0,1,0,0,0,1,0,1,0,1,1,0,0,0
1,-0.8751175425177529,-1.4934015404455407,-0.9141134076480093,1,1,1,0,1,0,0,0,1,1,0,1,0,1,0,1,0,1,0,1,0,0,0,0,0,0,1
1,0.918369203966218,0.6850767261616291,1.1417224428641959,1,0,1,0,1,0,1,1,0,0,0,0,1,0,1,0,0,0,0,0,0,0,0,1,0,1,0
0,0.38847539250504476,-0.33598102627867815,0.027213635397064583,0,0,0,0,0,1,0,0,0,0,1,0,1,0,1,0,1,0,0,0,1,1,0,1,0,1,0
0,0.46999751734522527,0.8497098165388122,0.7836237594318078,0,1,0,0,1,0,1,1,0,0,0,0,0,0,1,0,0,0,0,0,1,0,0,1,0,0,1
0,-1.2827281667186554,-0.6935175356836717,-0.9894433943377718,0,1,0,1,1,0,0,0,0,0,0,0,0,0,0,0,0,0,0,0,0,0,0,0,0,1,0
0,-0.22294054379630893,1.022657709460297,0.13609469375743596,0,0,0,0,1,0,1,1,0,0,0,0,0,0,0,0,0,0,1,0,1,0,0,1,0,0,0
1,-0.22294054379630893,0.6634582395464431,0.010052074739777693,0,1,1,0,1,0,1,0,0,0,0,0,1,0,1,0,1,0,1,0,1,0,0,1,0,0,0
1,-1.2419671042985652,-0.6835397726305091,-0.9694583378396971,0,0,0,0,1,0,0,0,0,0,0,0,0,0,0,0,0,0,0,0,0,0,0,1,0,1,0
0,-0.5490290431570309,-1.4950645009544015,-0.8467024444492057,0,0,0,0,1,0,0,0,1,1,0,1,0,1,0,1,0,1,0,1,0,0,0,0,0,0,1
1,0.38847539250504476,1.0043651438628323,0.7313449692547253,0,0,1,0,1,0,1,1,0,0,0,0,0,0,0,0,0,0,1,0,1,0,0,1,0,1,0
0,1.3667408905872107,0.8380690929767889,1.6231505422797357,0,0,0,0,1,0,1,0,0,0,1,0,1,0,1,0,1,0,1,0,1,0,1,1,1,0,0
1,0.021625830724232544,1.4982644149943818,0.6211403972189846,0,1,1,0,1,0,1,1,0,0,1,0,0,0,1,0,1,0,1,0,1,0,0,1,0,0,0
0,0.06238689314432279,0.30259580912372896,0.10485977101872321,1,0,0,0,1,0,0,1,0,0,0,0,1,0,0,0,0,0,0,0,0,0,0,1,1,0,0
1,0.021625830724232544,-0.34096990780525943,-0.21311438948872247,0,1,0,0,0,1,0,0,0,0,0,0,0,0,1,0,1,0,1,0,1,0,0,1,0,1,0
0,-0.3859847934766699,-1.4900756194278202,-0.8257247526946042,0,0,1,1,1,0,0,0,1,1,0,1,0,1,0,1,0,1,0,1,0,1,0,0,0,0,1
0,-0.019135231695857704,-1.5000533824809827,-0.7334979080826284,0,0,0,0,1,0,0,0,1,1,0,1,0,1,0,1,0,1,0,1,0,1,0,0,0,0,0
0,-0.8751175425177529,-1.4900756194278202,-0.9039885280314351,0,0,0,0,1,0,0,0,1,1,0,1,0,1,0,1,0,1,0,1,0,1,0,0,1,0,0
0,1.4890240778474815,1.1507056686425507,2.0826965489291713,1,1,1,1,1,0,1,1,0,0,0,0,0,0,1,0,0,0,1,0,1,0,0,1,1,0,0
0,1.4482630154273912,-0.2977329345748882,0.6891248830104484,0,0,1,0,1,0,0,0,0,0,1,0,0,0,0,0,1,0,0,0,0,1,0,0,0,0,0
0,-0.5082679807369407,-1.501716342989843,-0.8238277164265749,0,1,0,0,1,0,0,0,1,1,0,1,0,1,0,1,0,1,0,1,0,0,1,1,0,0,1
0,1.6113072651077522,-1.4983904219721222,-0.36088469134369155,0,1,0,0,1,0,0,0,1,1,0,1,0,1,0,1,0,1,0,1,0,0,1,1,1,0,0
0,1.1221745160666692,1.0160058674248558,1.5552322321720404,0,1,1,1,1,0,1,1,0,0,1,0,0,0,1,0,0,0,1,0,0,1,0,1,0,0,0
1,-0.019135231695857704,0.9677800126679029,0.25353447388519457,0,1,1,1,1,0,0,1,0,0,0,0,1,0,0,0,0,0,1,0,1,0,0,1,0,0,1
0,-1.2827281667186554,-1.4950645009544015,-1.0000756208632375,1,0,0,0,1,0,0,0,1,1,0,1,0,1,0,1,0,1,0,1,0,0,0,1,0,0,1
0,-1.2827281667186554,-1.505042264007564,-1.0002079722307746,1,1,0,0,1,0,0,0,1,1,0,1,0,1,0,1,0,1,0,1,0,0,0,1,0,0,1
1,-1.201206041878475,0.548713964435073,-0.9057532129319275,1,1,0,0,1,0,1,1,0,0,0,0,1,0,0,0,0,0,0,0,0,0,0,1,0,1,0
0,0.5515196421854057,-1.3437350946481017,-0.5385002265782356,0,0,1,0,1,0,1,0,1,1,0,1,0,1,0,1,0,1,0,1,0,1,0,1,0,0,0
0,-0.14141841895612844,0.33585501930093764,-0.0607559068924735,0,0,1,0,1,0,1,1,0,0,0,0,0,0,0,0,0,0,0,0,0,0,0,1,0,1,0
0,0.755324954285857,0.7482692254983253,0.9645039617322626,0,1,0,0,1,0,1,1,0,0,0,0,1,0,1,0,1,0,0,0,0,0,0,1,0,1,0
1,0.6330417670255862,0.19284041553894035,0.5551191233793188,0,0,1,0,1,0,0,1,0,0,0,0,0,0,0,0,0,0,0,0,0,0,0,1,0,0,0
0,-0.6713122304173017,0.2793143619996828,-0.48132443580228707,0,0,1,1,1,0,0,1,0,0,0,0,1,0,0,0,0,0,0,0,0,0,0,0,0,0,0
0,1.5297851402675717,1.1257612610096444,2.0170943877533722,0,1,1,0,1,0,1,1,0,0,0,0,1,0,1,0,1,0,0,0,1,0,1,1,0,0,0
0,0.30695326766486425,-1.3320943710860789,-0.5567867738595865,0,0,1,1,1,0,1,0,1,1,0,1,0,1,0,1,0,1,0,1,0,0,1,1,0,0,1
0,-0.4267458558967602,0.6135694242806301,-0.1944969637885293,1,0,1,1,1,0,0,1,0,0,0,0,1,0,0,0,0,0,0,0,1,0,0,0,0,1,0
1,-1.2827281667186554,0.34749574286296053,-0.9756347349914201,1,0,0,0,1,0,0,1,0,0,0,0,0,0,1,0,0,0,0,0,0,0,0,1,0,0,0
0,-1.1196839170382944,-1.3487239761746832,-0.9505100337206618,0,0,1,1,1,0,1,0,1,1,0,1,0,1,0,1,0,1,0,1,0,0,0,1,0,0,1
0,-1.0381617921981139,0.166233047397173,-0.781453220253505,0,0,0,0,1,0,0,1,0,0,0,0,0,0,0,0,0,0,0,0,0,0,0,1,0,0,0
0,-0.14141841895612844,1.1872907998374802,0.2398581659063797,0,1,0,1,1,0,1,1,0,0,0,0,1,0,1,0,1,0,0,0,1,1,0,0,1,0,0
0,0.46999751734522527,-1.3021610819265907,-0.518934282744028,0,1,1,1,1,0,1,0,1,1,0,1,0,1,0,1,0,1,0,1,0,1,0,0,0,0,1
0,-0.9158786049378431,-0.8032729292684603,-0.8106366967953955,0,0,0,0,0,1,0,0,0,0,1,0,1,0,1,0,0,0,0,0,0,0,0,0,0,0,0
1,0.918369203966218,-0.4390845778280252,0.24343165282987664,0,0,1,0,1,0,1,0,0,0,0,0,0,0,0,0,0,0,0,0,0,0,0,0,0,0,0
1,0.7960860167059473,1.3386202061437797,1.3630580465084352,0,1,1,0,1,0,1,1,0,0,0,0,1,0,1,0,0,0,1,0,1,1,0,1,0,0,0
0,-0.9158786049378431,0.7017063312502334,-0.6300653143525269,0,0,1,1,1,0,1,1,0,0,0,0,0,0,0,0,0,0,0,0,1,0,0,0,0,1,0
0,-0.5897901055771212,0.35747350591612304,-0.3933990106352611,0,1,0,0,1,0,1,1,0,0,0,0,0,0,0,0,0,0,0,0,0,0,0,1,0,0,0
0,1.4482630154273912,-0.2195737906584477,0.7451095114785646,0,0,1,0,1,0,1,0,0,0,1,0,0,0,0,0,1,0,0,0,0,1,0,0,0,0,0
0,1.1629355784867594,-1.5116941060430058,-0.4871478959739115,1,0,1,1,1,0,0,0,1,1,0,1,0,1,0,1,0,1,0,1,0,0,0,1,0,0,1
0,1.6113072651077522,0.011577720073152843,1.1019067397968396,0,0,1,1,0,1,0,0,0,0,1,0,1,0,1,0,1,0,1,0,1,0,1,1,1,0,0
0,-1.2419671042985652,-0.3792179995090494,-0.9561349668409809,0,1,0,0,1,0,0,0,0,0,1,0,0,0,1,0,0,0,0,0,0,0,0,0,0,1,0
0,-0.8343564800976626,-0.6469546414355796,-0.7799311795268304,1,1,0,0,1,0,0,0,0,0,0,0,0,0,0,0,0,0,0,0,0,0,0,1,0,0,0
0,0.3477143300849545,-1.5000533824809827,-0.6120434698062498,0,1,1,0,1,0,0,0,1,1,0,1,0,1,0,1,0,1,0,1,0,0,1,1,0,1,0
0,-0.2637016062163992,-0.6785508911039276,-0.4865964319425077,0,0,0,0,0,1,0,0,0,0,0,0,0,0,1,0,1,0,1,0,0,0,0,1,1,0,0
0,0.14390901798450328,-1.463468251286053,-0.6911895875933269,0,1,1,0,1,0,0,0,1,1,0,1,0,1,0,1,0,1,0,1,0,1,0,0,0,0,0
0,1.6113072651077522,1.6362901372297975,2.7270712403439137,0,1,1,1,1,0,1,1,0,0,1,0,1,0,1,0,1,0,1,0,1,0,1,1,1,0,0
0,0.10314795556441304,0.831417250941347,0.3857755486158319,0,1,1,0,1,0,1,1,0,0,0,0,0,0,0,0,1,0,0,0,1,0,0,1,0,0,0
0,-1.2827281667186554,-0.32600326322551565,-0.984568452300162,0,1,0,0,1,0,0,0,0,0,0,0,0,0,1,0,1,0,0,0,0,0,0,0,0,0,1
0,-0.6713122304173017,1.5997050060348683,-0.1783280383877692,0,0,1,1,1,0,1,1,0,0,1,0,0,0,1,0,1,0,1,0,1,0,0,1,0,1,0
1,0.6738028294456765,1.2205500100146889,1.2280596516207787,0,0,0,0,1,0,1,1,0,0,1,0,0,0,0,0,0,0,1,0,1,0,0,0,1,0,0
0,0.8776081415461278,1.656245663336123,1.6600103981387673,0,0,1,0,1,0,1,1,0,0,1,0,1,0,1,0,1,0,1,0,1,1,0,1,0,0,1
0,-0.5897901055771212,-0.001725963997730826,-0.49414045989211197,0,0,0,1,1,0,1,0,0,0,1,0,0,0,0,0,0,0,0,0,1,0,0,0,0,1,0
0,0.14390901798450328,0.5171177147667252,0.2871517212395719,0,0,1,0,1,0,0,1,0,0,0,0,0,0,0,0,0,0,0,0,1,0,0,0,0,1,0
0,1.1221745160666692,1.365227574285547,1.8130747546952133,1,0,0,0,1,0,1,1,0,0,0,0,1,0,1,0,0,0,1,0,1,0,0,1,0,1,0
0,-1.2827281667186554,0.1562552843440105,-0.9781714695358776,1,0,0,0,1,0,0,1,0,0,0,0,0,0,0,0,0,0,0,0,0,0,0,0,0,0,1
0,0.7960860167059473,-1.3237795685417766,-0.4484571795306191,0,0,1,1,1,0,1,0,1,1,0,1,0,1,0,1,0,1,0,1,0,0,1,1,0,0,0
0,-0.9974007297780236,0.9943873808096698,-0.6737633242009661,0,1,1,1,1,0,0,1,0,0,0,0,0,0,1,0,0,0,1,0,1,0,0,1,0,1,0
0,1.6113072651077522,1.3519238902146633,2.349141910342244,0,1,1,1,1,0,0,1,0,0,1,0,1,0,0,0,1,0,1,0,1,0,1,0,0,0,0
0,1.2852187657470302,-1.3354202921037994,-0.28412089817227903,0,0,0,0,1,0,1,0,1,1,0,1,0,1,0,1,0,1,0,1,0,1,0,0,0,0,1
1,-0.4267458558967602,0.16290712637945234,-0.32706891693800894,0,0,0,0,1,0,0,0,0,0,1,0,0,0,1,0,1,0,0,0,1,0,0,1,0,0,1
0,1.1221745160666692,-0.15471833081289066,0.5715968686376651,0,1,1,0,0,1,0,0,0,0,0,0,1,0,1,0,1,0,1,0,1,0,0,1,0,0,0
0,-0.1821794813762187,0.5387362013819106,-0.026322492771618758,1,0,1,1,1,0,0,1,0,0,0,0,0,0,0,0,0,0,0,0,1,0,0,1,0,1,0
0,1.1629355784867594,-1.3453980551569622,-0.38331824814119914,0,0,1,0,1,0,1,0,1,1,0,1,0,1,0,1,0,1,0,1,0,0,1,0,0,0,1
0,-0.34522373105657966,1.3070239564754318,0.09171286851005614,0,0,0,0,1,0,1,1,0,0,0,0,1,0,1,0,0,0,1,0,1,0,0,1,0,1,0
0,-0.1821794813762187,0.932857841981834,0.2124614328262377,0,1,1,1,1,0,0,1,0,0,0,0,1,0,1,0,1,0,1,0,0,1,0,0,0,0,0
0,-0.1006573565360382,0.5304213988376084,0.03641205544088055,0,0,1,1,1,0,0,0,0,0,0,0,1,0,1,0,1,0,1,0,1,0,1,0,0,0,0
0,-1.2419671042985652,-1.4917385799366805,-0.9920904216885102,0,1,1,0,1,0,0,0,1,1,0,1,0,1,0,1,0,1,0,1,0,0,0,0,0,0,1
0,-1.2827281667186554,0.3408439008275187,-0.9757229692364447,0,1,0,0,1,0,1,1,0,0,0,0,0,0,0,0,0,0,0,0,0,0,0,1,0,1,0
0,-1.0789228546182041,-1.5033793034987035,-0.9643407516282697,0,1,0,1,1,0,0,0,1,1,0,1,0,1,0,1,0,1,0,1,0,0,0,0,0,0,1
0,-0.34522373105657966,0.1529293633262898,-0.29678251233331093,0,0,1,0,1,0,0,0,0,0,0,0,1,0,0,0,0,0,1,0,1,0,0,1,0,0,0
0,-1.1604449794583847,1.2072463259438058,-0.8386069524681975,1,1,1,1,1,0,1,1,0,0,0,0,0,0,1,0,0,0,1,0,1,0,0,0,0,1,0
0,-1.0381617921981139,1.1623463922045736,-0.7118364009290861,1,1,0,0,1,0,1,1,0,0,0,0,1,0,0,0,0,0,1,0,1,0,0,1,0,1,0
1,1.6113072651077522,1.7028085575842151,2.6991451017936234,0,1,1,0,1,0,1,1,0,0,1,0,1,0,1,0,1,0,1,0,1,0,1,1,0,0,0
0,1.5297851402675717,-0.8248914158836461,0.22631420929510182,0,1,0,0,0,1,0,0,0,0,0,0,0,0,0,0,1,0,0,0,1,0,1,1,0,0,1
1,1.2852187657470302,1.2388425756121535,1.875721068662688,0,1,1,0,1,0,1,1,0,0,0,0,0,0,1,0,1,0,1,0,1,0,1,0,0,1,0
0,1.6113072651077522,0.8264283694147659,1.8980002155314024,0,1,1,1,1,0,1,1,0,0,0,0,1,0,0,0,0,0,1,0,0,1,0,1,0,1,0
0,0.46999751734522527,-1.4950645009544015,-0.6258741877138578,0,0,0,1,1,0,0,0,1,1,0,1,0,1,0,1,0,1,0,1,0,0,1,0,0,0,1
0,-0.7935954176775724,-0.29606997406602764,-0.6848808390740672,1,0,1,1,1,0,0,0,0,0,0,0,0,0,0,0,0,0,0,0,1,0,0,0,0,1,0
1,-0.6305511679972114,-1.4701200933214948,-0.8630037212175028,0,0,0,0,1,0,0,0,1,1,0,1,0,1,0,1,0,1,0,1,0,1,0,0,0,0,1
0,-1.2827281667186554,-0.327666223734376,-0.9845905108614182,1,1,0,0,1,0,0,0,0,0,0,0,0,0,0,0,0,0,0,0,1,0,0,1,0,1,0
0,-0.9566396673579334,0.17288488943261485,-0.7598578887837312,0,1,1,0,1,0,0,0,0,0,0,0,0,0,1,0,0,0,1,0,1,0,0,1,0,0,1
0,-0.34522373105657966,-0.3742291179824681,-0.4285603572775691,0,1,1,0,1,0,0,0,0,0,1,0,0,0,0,0,1,0,0,0,0,0,0,0,0,0,1
0,-1.2827281667186554,0.32754021675663547,-0.975899437726494,1,0,1,1,1,0,0,1,0,0,0,0,1,0,0,0,0,0,0,0,0,0,0,1,0,1,0
0,-0.34522373105657966,0.5121288332401437,-0.1876146926766096,1,1,0,0,1,0,1,1,0,0,0,0,1,0,0,0,0,0,0,0,0,0,0,1,0,1,0
1,0.10314795556441304,0.37244015049586704,0.20313066141488492,0,1,1,1,1,0,0,0,0,0,0,0,1,0,0,0,1,0,1,0,1,0,0,1,0,1,0
0,-1.0381617921981139,0.3607994269338442,-0.7644240109637549,0,0,1,1,1,0,0,0,0,0,1,0,1,0,1,0,1,0,1,0,0,0,0,1,0,1,0
0,-1.1196839170382944,1.0392873145489014,-0.8088278947723909,1,1,0,0,1,0,0,1,0,0,0,0,0,0,0,0,1,0,1,0,1,0,0,1,0,1,0
0,-0.712073292837392,0.1379627187465458,-0.569977793490766,1,0,0,1,1,0,0,1,0,0,0,0,0,0,0,0,0,0,0,0,0,0,0,0,0,0,0
0,-0.8751175425177529,-1.5033793034987035,-0.9092605241716557,0,1,1,1,1,0,0,0,1,1,0,1,0,1,0,1,0,1,0,1,0,0,1,0,0,0,1
0,0.6330417670255862,-0.6502805624533005,-0.06254265035422198,1,0,1,0,0,1,0,0,0,0,1,0,0,0,1,0,0,0,0,0,1,0,0,1,0,0,0
1,-0.5082679807369407,0.5520398854527943,-0.2713931083274788,0,0,0,0,1,0,0,1,0,0,0,0,0,0,0,0,0,0,0,0,1,0,0,1,0,1,0
0,1.6113072651077522,1.4517015207462896,2.5221913233967648,0,0,1,0,1,0,1,1,0,0,0,0,1,0,1,0,1,0,1,0,1,1,0,1,0,0,0
0,-0.9974007297780236,0.6218842268249323,-0.7088364365982494,1,0,1,1,1,0,0,1,0,0,0,0,1,0,0,0,0,0,1,0,0,0,0,1,0,1,0
0,1.6113072651077522,0.6534804764932807,1.6958996773025286,0,1,1,1,1,0,1,1,0,0,0,0,0,0,0,0,0,0,0,0,1,0,1,1,1,0,0
0,-0.712073292837392,1.173987115766597,-0.38459764469405605,0,0,0,0,1,0,1,1,0,0,0,0,1,0,0,0,0,0,1,0,1,0,0,1,0,1,0
0,1.6113072651077522,0.7898432382198362,1.7272669514087777,0,1,0,0,1,0,1,0,0,0,0,0,1,0,1,0,1,0,1,0,1,0,1,1,0,0,0
0,-1.3234892291387457,-0.4091512886685374,-1.0088549282431865,0,0,1,1,0,1,0,0,0,0,1,0,0,0,1,0,1,0,1,0,0,0,1,1,0,0,0
0,-1.2827281667186554,0.31589949319461214,-0.976053847655287,1,1,0,1,1,0,1,1,0,0,0,0,0,0,0,0,0,0,0,0,0,0,0,1,0,1,0
0,1.24445770332694,1.3286424430906172,1.9016619366999234,0,1,1,1,1,0,1,1,0,0,0,0,1,0,1,0,0,0,1,0,1,0,1,1,0,0,0
0,-1.2419671042985652,-0.1946293830255412,-0.9584952328953892,0,0,0,0,1,0,0,0,0,0,0,0,1,0,0,0,0,0,1,0,0,0,0,1,0,1,0
0,-1.2419671042985652,0.31756245370347297,-0.9473556594610318,1,0,1,0,1,0,0,1,0,0,1,0,0,0,0,0,0,0,0,0,0,0,0,1,0,1,0
1,1.1629355784867594,-0.02667037163063735,0.7128598949220689,0,1,1,0,1,0,1,0,0,0,0,0,1,0,0,0,0,0,0,0,1,1,0,0,0,0,0
0,-1.2827281667186554,-1.4784348958657971,-0.9998550352506761,0,1,0,0,1,0,0,0,1,1,0,1,0,1,0,1,0,1,0,1,0,0,0,0,0,0,1
0,-0.4267458558967602,-0.7018323382279739,-0.6102126092219892,1,1,0,0,0,1,0,0,0,0,0,0,1,0,1,0,0,0,0,0,1,1,0,1,0,0,0
0,-0.1821794813762187,-0.1314368836888447,-0.2210775301021937,0,1,1,0,1,0,0,0,0,0,1,0,1,0,0,0,1,0,0,0,0,0,0,0,0,0,1
0,1.5297851402675717,-1.4983904219721222,-0.3922519654499411,0,0,1,0,1,0,0,0,1,1,0,1,0,1,0,1,0,1,0,1,0,0,1,0,0,0,0
1,-1.1196839170382944,-1.2106982539392668,-0.9510394391908094,1,0,0,0,0,1,0,0,0,0,0,0,1,0,0,0,0,0,0,0,0,0,0,0,0,1,0
0,-0.8343564800976626,1.159020471186853,-0.46248642448953237,1,0,0,0,1,0,1,1,0,0,1,0,1,0,1,0,0,0,0,0,1,0,0,1,0,0,0
0,0.06238689314432279,1.709460399619657,0.7112937370728822,0,1,0,0,1,0,1,1,0,0,1,0,1,0,1,0,1,0,1,0,1,1,0,0,1,0,0
1,1.570546202687662,0.5270954778198876,1.4952329455553044,0,0,1,0,1,0,1,1,0,0,1,0,0,0,0,0,0,0,0,0,0,0,1,1,1,0,0
0,1.5297851402675717,0.011577720073152843,0.9954521231746452,0,0,1,1,1,0,1,0,0,0,1,0,0,0,0,0,0,0,0,0,1,1,0,0,0,0,0
0,0.7960860167059473,0.6385138319135366,0.9000047286192713,0,0,1,1,1,0,0,1,0,0,1,0,0,0,1,0,1,0,0,0,0,0,0,1,0,0,0
0,1.4890240778474815,0.4855214650983768,1.4187117965577096,0,1,0,1,1,0,1,0,0,0,1,0,1,0,1,0,1,0,1,0,0,0,1,1,1,0,0
1,-0.5082679807369407,0.972768894194484,-0.22251133658384364,1,0,0,0,1,0,1,1,0,0,0,0,1,0,1,0,0,0,0,0,1,0,0,1,0,1,0
0,-0.8751175425177529,0.4372956103414241,-0.6330652786833637,0,1,0,1,1,0,1,1,0,0,0,0,0,0,1,0,0,0,0,0,0,0,0,1,0,0,1
0,-1.2419671042985652,0.9760948152122051,-0.934958748035074,1,1,1,0,1,0,0,1,0,0,0,0,0,0,0,0,1,0,1,0,1,0,0,1,0,1,0
0,-1.0789228546182041,0.5204436357844459,-0.7870119776900556,1,0,1,1,1,0,1,1,0,0,0,0,0,0,0,0,1,0,0,0,0,0,0,1,0,1,0
0,-1.2827281667186554,-1.4967274614632617,-1.0000976794244938,0,0,0,0,1,0,0,0,1,1,0,1,0,1,0,1,0,1,0,1,0,0,0,0,0,0,1
1,-0.5082679807369407,0.9794207362299259,-0.20667328960192582,0,1,1,1,1,0,0,1,0,0,1,0,0,0,1,0,1,0,0,0,1,1,0,0,1,0,0
0,1.1629355784867594,1.3835201398830117,1.7705899657158624,0,1,0,0,1,0,1,1,0,0,1,0,0,0,1,0,0,0,1,0,1,0,0,1,0,1,0
1,-1.1196839170382944,0.31589949319461214,-0.8611508020719859,1,0,1,0,1,0,1,1,0,0,0,0,0,0,0,0,0,0,0,0,0,0,0,1,0,1,0
0,0.9591302663863083,1.350260929705803,1.6015331522487055,0,0,0,0,1,0,1,1,0,0,0,0,1,0,0,0,1,0,1,0,1,0,0,1,0,0,0
0,-0.1006573565360382,1.002702183353972,0.24954187429783098,0,1,0,0,1,0,1,1,0,0,1,0,1,0,1,0,1,0,0,0,0,0,0,1,1,0,0
0,0.30695326766486425,1.3286424430906172,0.8140425154040428,1,1,0,0,1,0,1,1,0,0,0,0,0,0,1,0,1,0,1,0,1,0,0,0,0,0,0
0,-0.1821794813762187,-0.35094767085842216,-0.32667186283539823,0,0,0,0,1,0,0,0,0,0,1,0,0,0,0,0,1,0,0,0,0,1,0,0,0,0,1
1,-1.1196839170382944,0.17288488943261485,-0.8753565155209485,0,0,1,0,1,0,0,1,0,0,0,0,0,0,0,0,0,0,0,0,0,0,0,0,0,1,0
1,-0.22294054379630893,0.34416982184523986,-0.15768122505201,1,0,1,0,1,0,0,1,0,0,1,0,0,0,0,0,0,0,0,0,0,0,0,1,0,0,0
0,-0.8343564800976626,-1.4900756194278202,-0.8917460265342702,0,1,0,0,1,0,0,0,1,1,0,1,0,1,0,1,0,1,0,1,0,0,0,0,1,0,0
0,1.407501953007301,1.3485979691969427,2.074689291193188,0,1,1,1,1,0,1,1,0,0,0,0,1,0,1,0,0,0,1,0,1,1,0,1,0,1,0
1,-0.14141841895612844,-0.4407475383368855,-0.37268602161573344,0,1,1,0,1,0,1,0,0,0,0,0,0,0,0,0,0,0,0,0,0,0,0,1,0,1,0
0,0.918369203966218,0.6867396866704893,1.0705615242518463,0,1,1,1,1,0,1,1,0,0,0,0,0,0,0,0,0,0,0,0,1,0,0,0,0,0,0
0,-0.3859847934766699,0.35747350591612304,-0.23301121174177256,1,0,0,0,1,0,1,1,0,0,0,0,0,0,0,0,0,0,0,0,0,0,0,0,0,0,0
0,0.06238689314432279,1.1706611947488759,0.5264209351850636,1,1,1,0,1,0,1,1,0,0,0,0,0,0,1,0,0,0,1,0,1,0,0,1,0,1,0
0,0.7960860167059473,0.8779801451894393,1.0815466877574107,0,1,0,0,1,0,0,1,0,0,1,0,0,0,1,0,0,0,1,0,0,1,0,0,0,1,0
1,1.6113072651077522,1.6928307945310526,2.696608367249166,0,1,1,1,1,0,1,1,0,0,1,0,1,0,1,0,1,0,1,0,1,0,1,1,1,0,0
0,1.0406523912264887,0.9927244203008095,1.3868592341038246,0,1,1,1,1,0,1,1,0,0,0,0,1,0,0,0,1,0,1,0,0,1,0,1,1,0,0
0,0.10314795556441304,-1.505042264007564,-0.7057923551449001,0,1,1,1,1,0,0,0,1,1,0,1,0,1,0,1,0,1,0,1,0,0,1,0,0,0,1
1,0.9591302663863083,1.1656723132222948,1.508600433676533,0,0,0,0,1,0,1,1,0,0,0,0,1,0,1,0,1,0,1,0,0,0,1,1,0,0,0
0,-0.34522373105657966,-1.4551534487417508,-0.7923942666365569,0,0,1,1,1,0,0,0,1,1,0,1,0,1,0,1,0,1,0,1,0,0,1,1,1,0,0
0,1.5297851402675717,-1.4900756194278202,-0.4087517692695436,0,1,1,1,1,0,0,0,1,1,0,1,0,1,0,1,0,1,0,1,0,0,1,0,1,0,0
0,-1.2419671042985652,0.5021510701869811,-0.9318926080204687,0,1,0,0,1,0,0,1,0,0,0,0,0,0,0,0,0,0,1,0,0,0,0,1,0,1,0
1,1.4482630154273912,1.4068015870070578,2.246900478919975,0,1,1,1,1,0,1,1,0,0,0,0,0,0,1,0,1,0,1,0,1,1,0,1,1,0,0
0,-1.2827281667186554,0.670110081581885,-0.9713553741077264,1,0,0,0,1,0,1,1,0,0,0,0,0,0,0,0,0,0,0,0,1,0,0,1,0,1,0
0,-0.8343564800976626,0.8214394878881845,-0.5580882289736996,0,1,0,0,1,0,1,1,0,0,0,0,0,0,1,0,0,0,1,0,0,0,0,1,0,1,0
0,1.24445770332694,0.5553658064705149,1.2098172214619405,0,0,1,0,1,0,1,1,0,0,0,0,1,0,0,0,0,0,0,0,0,0,0,1,0,0,0
0,0.021625830724232544,-0.21292194862300587,-0.14618871463755417,0,0,1,1,1,0,0,0,0,0,1,0,1,0,1,0,0,0,0,0,0,1,0,1,0,0,1
0,1.4890240778474815,1.0243206699691578,1.9664920482317576,0,0,1,0,1,0,0,1,0,0,0,0,1,0,0,0,0,0,1,0,1,1,0,1,1,0,0
0,1.1221745160666692,0.5237695568021665,1.1734867710730563,0,0,1,1,1,0,0,0,0,0,0,0,1,0,1,0,1,0,1,0,1,0,1,1,0,0,0
0,1.6113072651077522,1.6046938875614494,2.630145922184377,0,0,1,1,1,0,1,1,0,0,1,0,1,0,1,0,1,0,1,0,1,0,1,1,0,0,0
0,-0.8751175425177529,-0.19629234353440153,-0.7434463192091534,0,0,0,0,1,0,1,0,0,0,0,0,0,0,0,0,0,0,0,0,1,0,0,1,0,0,1
0,-1.2827281667186554,-1.5067052245164245,-1.0002300307920307,0,0,0,0,1,0,0,0,1,1,0,1,0,1,0,1,0,1,0,1,0,0,0,0,0,0,1
0,-0.9158786049378431,0.7050322522679541,-0.6408740093680418,1,1,0,0,1,0,1,1,0,0,0,0,0,0,0,0,0,0,1,0,0,0,0,1,0,0,0
0,-0.7935954176775724,-0.6419657599089983,-0.7454757068447194,1,1,0,0,0,1,0,0,0,0,1,0,0,0,0,0,1,0,1,0,0,0,0,1,1,0,0
0,0.06238689314432279,0.46889186000977245,0.15901353890257888,0,1,1,1,1,0,0,1,0,0,0,0,0,0,0,0,0,0,0,0,1,1,0,1,0,0,0
0,0.26619220524477405,0.7133470548122562,0.43201029300872873,1,1,1,1,1,0,0,1,0,0,0,0,1,0,0,0,0,0,1,0,0,0,0,1,0,0,1
0,1.3259798281671205,1.3369572456349192,1.9665141067930134,0,0,0,0,1,0,1,1,0,0,0,0,1,0,0,0,1,0,1,0,1,1,0,1,0,0,0
1,0.7145638918657667,1.2321907335767122,1.314132157642288,0,1,1,0,1,0,1,1,0,0,1,0,1,0,1,0,0,0,1,0,0,1,0,1,0,0,0
0,-0.712073292837392,-1.5000533824809827,-0.8713859744948409,0,1,0,0,1,0,0,0,1,1,0,1,0,1,0,1,0,1,0,1,0,0,0,0,0,0,1
0,1.6113072651077522,1.5115680990652651,2.505912105189723,0,1,1,1,1,0,1,1,0,0,1,0,1,0,1,0,0,0,1,0,1,0,1,1,0,0,0
0,1.6113072651077522,1.687841913004471,2.617749010758419,0,0,1,1,1,0,1,1,0,0,1,0,1,0,1,0,1,0,1,0,1,0,1,1,0,0,0
0,0.918369203966218,-1.513357066551866,-0.5000742128700171,0,1,1,1,1,0,0,0,1,1,0,1,0,1,0,1,0,1,0,1,0,0,1,0,0,0,0
0,-0.3859847934766699,-1.3054870029443117,-0.7817620401110912,0,0,1,1,1,0,1,0,1,1,0,1,0,1,0,1,0,1,0,1,0,0,1,1,1,0,0
0,-0.019135231695857704,0.5154547542578644,0.13649174786004675,1,1,0,0,1,0,1,1,0,0,0,0,1,0,0,0,0,0,0,0,0,0,0,1,0,0,0
0,0.9591302663863083,0.12964791620224364,0.6711250970254274,0,0,1,1,1,0,1,0,0,0,1,0,0,0,1,0,0,0,0,0,1,1,0,1,0,0,0
0,-1.2827281667186554,-1.4950645009544015,-1.0000756208632375,0,0,0,0,1,0,0,0,1,1,0,1,0,1,0,1,0,1,0,1,0,0,0,0,0,0,0
0,0.22543114282468377,0.19117745503007955,0.18592498363508556,0,1,0,0,1,0,0,0,0,0,1,0,1,0,0,0,1,0,1,0,0,1,0,0,0,0,1
0,-0.8751175425177529,0.17787377095919635,-0.6735427385884045,0,1,0,0,1,0,0,1,0,0,0,0,0,0,0,0,0,0,0,0,0,0,0,0,0,1,0
0,-1.2827281667186554,-0.5172437217444656,-0.9871051868446196,0,1,0,0,1,0,0,0,0,0,0,0,0,0,0,0,1,0,0,0,0,0,0,1,0,1,0
0,0.9591302663863083,1.4101275080247786,1.652863424291774,0,1,1,0,1,0,1,1,0,0,0,0,1,0,0,0,1,0,1,0,1,1,0,1,0,1,0
0,-1.201206041878475,-1.372005423298729,-0.969568630645978,0,1,1,0,1,0,1,0,1,1,0,1,0,1,0,1,0,1,0,1,0,0,0,1,0,0,1
0,-1.0381617921981139,0.16124416587059198,-0.7811444003959188,0,1,1,1,1,0,0,0,0,0,1,0,0,0,0,0,0,0,1,0,1,0,0,0,1,0,0
0,1.081413453646579,1.1523686291514113,1.5771805006219128,0,1,1,1,1,0,1,1,0,0,0,0,0,0,1,0,0,0,1,0,1,0,1,1,1,0,0
0,-1.0381617921981139,-0.018355569086335177,-0.8121146203995577,0,1,0,0,1,0,0,0,0,0,0,0,0,0,1,0,1,0,1,0,0,0,0,0,0,0,0
0,1.570546202687662,0.19949225757438172,1.185266042783842,0,1,1,1,1,0,0,0,0,0,1,0,0,0,1,0,1,0,0,0,1,0,1,1,1,0,0
0,-0.712073292837392,1.2321907335767122,-0.2733122031567641,0,1,1,1,1,0,0,1,0,0,1,0,0,0,0,0,1,0,1,0,1,1,0,0,0,1,0
0,1.570546202687662,0.28762916454398496,1.3548302031598902,0,1,1,0,1,0,1,0,0,0,1,0,1,0,0,0,1,0,1,0,0,0,1,0,1,0,0
0,0.10314795556441304,1.1773130367843176,0.5474206855009213,1,0,0,0,1,0,1,1,0,0,0,0,0,0,1,0,0,0,1,0,1,0,0,1,0,1,0
0,-0.8751175425177529,-0.8132506923216231,-0.8224159685061813,0,0,0,0,0,1,0,0,0,0,0,0,1,0,1,0,1,0,0,0,0,1,0,1,1,0,0
0,1.1221745160666692,-1.516682987569587,-0.5221327741261701,0,0,1,1,1,0,0,0,1,1,0,1,0,1,0,1,0,1,0,1,0,0,1,1,1,0,0
1,0.592280704605496,-0.17467385691921591,0.2061306257457218,0,1,0,0,1,0,1,0,0,0,0,0,1,0,0,0,1,0,0,0,0,0,1,0,0,0,0
0,-0.8751175425177529,0.0015999570199903275,-0.7012482915261327,0,0,0,0,1,0,0,0,0,0,0,0,0,0,1,0,1,0,0,0,1,1,0,0,1,0,0
0,0.9591302663863083,1.178975997293178,1.4680788566489797,1,1,1,0,1,0,1,1,0,0,0,0,1,0,0,0,0,0,1,0,1,1,0,0,1,0,0
1,-0.1821794813762187,1.5298606646627297,0.40483414554114827,0,0,1,0,1,0,1,1,0,0,0,0,1,0,1,0,1,0,1,0,1,0,0,1,0,1,0
0,1.1629355784867594,0.5387362013819106,1.085671638712311,0,1,1,0,1,0,0,0,0,0,1,0,1,0,0,0,1,0,1,0,1,0,1,1,0,0,1
0,-0.05989629411594795,1.1041427743944585,0.3508789047085979,0,1,1,1,1,0,1,1,0,0,1,0,0,0,1,0,0,0,1,0,0,1,0,0,0,0,0
0,-0.9566396673579334,0.18785153401235885,-0.7450786527421087,0,1,0,0,1,0,0,1,0,0,0,0,0,0,0,0,0,0,0,0,0,0,0,1,0,1,0
1,0.10314795556441304,0.987735538774228,0.475862712785961,0,1,1,0,1,0,1,1,0,0,1,0,1,0,0,0,0,0,0,0,1,0,0,1,0,1,0
0,-1.2419671042985652,-1.5033793034987035,-0.9917374847084117,0,1,0,0,1,0,0,0,1,1,0,1,0,1,0,1,0,1,0,1,0,0,0,1,0,0,1
0,-0.8343564800976626,-1.5249977901138891,-0.9058193886156957,1,0,1,1,1,0,0,0,1,1,0,1,0,1,0,1,0,1,0,1,0,0,0,0,0,0,1
0,-1.2827281667186554,0.34749574286296053,-0.9756347349914201,1,0,0,0,1,0,0,1,0,0,1,0,0,0,0,0,0,0,0,0,0,0,0,0,0,0,1
1,-1.1604449794583847,0.8097987643261616,-0.856121450105583,1,0,0,0,1,0,1,1,0,0,0,0,0,0,1,0,0,0,1,0,0,0,0,1,0,1,0
0,-1.2827281667186554,-1.5249977901138891,-1.0004726749658484,0,0,1,1,1,0,0,0,1,1,0,1,0,1,0,1,0,1,0,1,0,0,0,1,0,0,1
0,-1.201206041878475,-1.4917385799366805,-0.9816346636530938,0,0,0,0,1,0,0,0,1,1,0,1,0,1,0,1,0,1,0,1,0,0,0,1,0,0,1
1,-1.2827281667186554,0.6933915287059312,-0.9710465542501403,1,0,0,0,1,0,1,1,0,0,0,0,0,0,0,0,0,0,1,0,0,0,0,1,0,1,0
0,0.7960860167059473,-0.053277739772404215,0.4657378331693866,0,1,0,0,1,0,0,0,0,0,1,0,1,0,0,0,0,0,1,0,0,0,1,1,1,0,0
0,-1.1196839170382944,-1.4884126589189595,-0.9713112569852141,0,1,1,1,1,0,0,0,1,1,0,1,0,1,0,1,0,1,0,1,0,1,0,0,0,0,1
0,1.6113072651077522,1.1407279055893882,2.26556202174268,0,1,1,0,1,0,1,1,0,0,1,0,1,0,1,0,0,0,0,0,1,0,1,1,0,1,0
0,1.570546202687662,0.8497098165388122,1.9328968594386366,0,1,1,1,1,0,1,0,0,0,1,0,1,0,1,0,1,0,1,0,1,0,1,0,0,1,0
0,1.6113072651077522,1.5647828353487991,2.5518600882862903,0,1,1,0,1,0,1,1,0,0,1,0,0,0,1,0,1,0,1,0,1,0,1,1,1,0,0
0,0.5515196421854057,-1.3287684500683579,-0.4905669729686152,0,1,1,1,1,0,1,0,1,1,0,1,0,1,0,1,0,1,0,1,0,1,0,0,0,1,0
0,1.24445770332694,0.620221266316072,1.3889106803006468,0,1,1,1,1,0,1,0,0,0,1,0,1,0,1,0,0,0,1,0,1,0,1,0,1,0,0
0,-0.1006573565360382,0.6468286344578388,0.06698522134190851,0,1,0,0,1,0,0,1,0,0,1,0,1,0,1,0,0,0,0,0,0,0,0,1,1,0,0
0,-1.2827281667186554,-0.6403027994001377,-0.988737520377575,0,1,0,0,1,0,0,0,0,0,0,0,0,0,0,0,0,0,0,0,0,0,0,0,0,0,1
0,-0.8343564800976626,-0.10649247605593819,-0.6939689663116022,1,0,0,0,1,0,1,0,0,0,1,0,0,0,1,0,1,0,0,0,0,0,0,1,0,0,1
0,-0.6713122304173017,-0.33265510526095726,-0.6046759103466947,0,1,0,0,0,1,0,0,0,0,1,0,1,0,1,0,1,0,1,0,0,0,1,0,0,0,1
0,-1.1604449794583847,0.0232184436351757,-0.9042091136439967,0,1,0,0,1,0,1,0,0,0,0,0,0,0,0,0,1,0,0,0,1,0,0,0,0,0,1
0,0.755324954285857,0.8480468560299513,1.0269517486484319,0,1,1,0,1,0,1,1,0,0,0,0,1,0,0,0,0,0,0,0,1,1,0,1,1,0,0
0,1.3259798281671205,-1.4784348958657971,-0.38484028886787375,0,1,1,0,1,0,0,0,1,1,0,1,0,1,0,1,0,1,0,1,0,0,1,1,1,0,0
0,-0.6713122304173017,0.32255133523005397,-0.49246400923664435,0,1,0,0,1,0,0,1,0,0,0,0,0,0,0,0,1,0,0,0,0,0,0,1,1,0,0
0,-1.2419671042985652,-1.4934015404455407,-0.9878110608048166,0,1,0,0,1,0,0,0,1,1,0,1,0,1,0,1,0,1,0,1,0,1,0,0,0,0,1
0,1.3667408905872107,0.31257357217689147,1.1349063474360448,0,0,1,1,1,0,1,1,0,0,0,0,0,0,0,0,0,0,0,0,0,1,0,1,0,0,0
0,0.5515196421854057,1.456690402272871,1.1542958227802032,0,1,0,0,1,0,1,1,0,0,0,0,1,0,1,0,1,0,1,0,1,0,1,0,0,1,0
0,-0.019135231695857704,1.4866236914323585,0.5828908520008154,0,0,0,0,1,0,1,1,0,0,1,0,0,0,1,0,1,0,1,0,1,1,0,1,0,0,0
0,1.6113072651077522,0.7249877783742795,1.6797528104630244,0,1,1,0,1,0,1,0,0,0,1,0,0,0,1,0,1,0,1,0,1,0,1,0,1,0,0
0,0.22543114282468377,0.5370732408730502,0.3521141841389425,0,1,1,1,1,0,0,0,0,0,1,0,0,0,1,0,1,0,1,0,1,0,1,0,1,0,0
0,0.755324954285857,-0.5654695765014182,0.030875356565586064,0,1,0,1,1,0,0,0,0,0,0,0,0,0,0,0,1,0,0,0,0,1,0,0,1,0,0
0,1.6113072651077522,1.6529197423184019,2.6555353261902086,0,1,1,1,1,0,1,1,0,0,1,0,1,0,1,0,1,0,1,0,1,0,1,0,0,0,0
1,1.3259798281671205,1.3436090876703612,1.9851094739319501,1,0,1,0,1,0,1,1,0,0,1,0,0,0,1,0,0,0,1,0,1,0,0,0,0,0,0
0,-0.9566396673579334,-1.1608094386734538,-0.8990253517488006,1,1,1,1,0,1,0,0,0,0,0,0,1,0,0,0,0,0,0,0,0,0,0,1,0,1,0
0,-0.9566396673579334,0.004925878037711009,-0.7163363474253414,1,0,1,1,1,0,0,0,0,0,1,0,1,0,1,0,1,0,0,0,0,0,0,0,0,0,1
0,1.3667408905872107,-1.4734460143392158,-0.4101414586286813,0,1,0,1,1,0,0,0,1,1,0,1,0,1,0,1,0,1,0,1,0,0,1,0,0,0,1
1,0.46999751734522527,1.4949384939766606,1.1353916357836802,0,0,0,0,1,0,1,1,0,0,1,0,1,0,1,0,0,0,1,0,1,1,0,1,1,0,0
0,0.7145638918657667,0.15459232383515015,0.49915655347245846,0,1,0,0,1,0,1,0,0,0,0,0,0,0,1,0,1,0,0,0,1,0,1,0,0,0,0
0,-0.712073292837392,-0.5322103663242095,-0.7302994167004861,0,0,0,0,1,0,1,0,0,0,0,0,0,0,0,0,0,0,0,0,0,0,0,0,0,0,1
0,-0.9974007297780236,-1.3171277265063348,-0.9266647290027603,0,1,0,0,0,1,0,0,0,0,0,0,0,0,0,0,0,0,0,0,0,0,0,1,1,0,0
1,1.3667408905872107,1.2637869832450601,2.069086416634125,0,0,0,0,1,0,1,1,0,0,0,0,0,0,1,0,1,0,1,0,1,1,0,1,1,0,0
0,0.9998913288063985,0.7549210675337671,1.1462003307991953,0,0,0,0,1,0,1,1,0,0,1,0,1,0,0,0,1,0,0,0,0,0,0,1,0,0,0
0,-1.0381617921981139,0.4555881759388888,-0.7781444360650821,0,0,0,0,1,0,1,1,0,0,0,0,1,0,0,0,0,0,0,0,0,0,0,1,0,0,0
1,-0.9158786049378431,-1.007817071858294,-0.8488862420135649,0,1,1,1,0,1,0,0,0,0,0,0,0,0,0,0,0,0,0,0,1,0,0,1,0,0,0
0,1.2036966409068497,0.9045875133312062,1.5304384093201246,0,0,0,0,1,0,1,1,0,0,1,0,1,0,1,0,0,0,0,0,0,1,0,1,0,1,0
0,0.30695326766486425,0.6717730420907454,0.47156129334101116,0,1,1,1,1,0,0,1,0,0,0,0,0,0,1,0,0,0,1,0,0,1,0,1,0,1,0
0,-0.5082679807369407,-1.501716342989843,-0.829320298179357,0,0,0,0,1,0,0,0,1,1,0,1,0,1,0,1,0,1,0,1,0,0,1,0,0,0,1
0,-1.0381617921981139,-1.4917385799366805,-0.9481497676662535,1,0,0,0,1,0,0,0,1,1,0,1,0,1,0,1,0,1,0,1,0,0,0,0,0,0,0
0,-0.3044626686364894,1.0076910648805535,0.04805897578412919,0,0,1,0,1,0,0,1,0,0,0,0,0,0,0,0,1,0,1,0,1,0,0,1,0,1,0
0,-0.3859847934766699,0.6451656739489785,-0.1405858400784914,0,1,1,0,1,0,1,1,0,0,0,0,1,0,1,0,0,0,0,0,0,0,0,0,0,1,0
1,1.3667408905872107,1.3219906010551754,1.9996901829222677,0,0,1,0,1,0,1,1,0,0,0,0,1,0,1,0,0,0,1,0,1,1,0,0,1,0,0
1,1.6113072651077522,1.556468032804497,2.495566639960588,0,0,0,0,1,0,1,1,0,0,0,0,1,0,1,0,1,0,1,0,1,0,1,0,0,1,0
1,0.6738028294456765,0.8380690929767889,0.9972609251976499,1,1,1,0,1,0,1,1,0,0,0,0,1,0,0,0,0,0,0,0,1,0,0,0,1,0,0
1,0.429236454925135,1.526534743645009,1.059311658011208,1,1,1,1,1,0,1,1,0,0,0,0,1,0,1,0,1,0,1,0,1,0,0,1,0,0,0
0,0.5515196421854057,-0.327666223734376,0.08258062415000866,0,0,1,0,1,0,1,0,0,0,1,0,0,0,0,0,0,0,0,0,0,0,0,0,0,0,0
0,1.6113072651077522,0.831417250941347,1.886507705116946,0,1,1,1,1,0,1,0,0,0,1,0,1,0,1,0,1,0,1,0,1,0,1,0,1,0,0
0,-0.9158786049378431,-1.4800978563746574,-0.9310764412539909,0,1,0,0,1,0,0,0,1,1,0,1,0,1,0,1,0,1,0,1,0,1,0,0,0,0,1
0,0.30695326766486425,-0.34263286831412,-0.022307834622998946,0,0,0,0,0,1,0,0,0,0,1,0,0,0,0,0,1,0,1,0,1,1,0,1,0,0,0
0,1.3259798281671205,1.3519238902146633,2.07301284053772,1,0,1,1,1,0,1,1,0,0,0,0,1,0,1,0,0,0,1,0,1,0,0,1,0,1,0
0,-0.05989629411594795,1.1507056686425507,0.36314346476701903,0,1,0,0,1,0,0,1,0,0,0,0,0,0,1,0,1,0,1,0,1,0,1,0,0,0,0
0,1.4482630154273912,0.20115521808324252,1.1578913682649563,0,0,1,0,1,0,1,0,0,0,1,0,1,0,1,0,1,0,0,0,0,0,1,0,1,0,0
1,0.9591302663863083,1.320327640546315,1.5475779114161552,1,1,1,1,1,0,1,1,0,0,1,0,0,0,1,0,0,0,1,0,1,1,0,1,0,0,0
0,-0.9158786049378431,0.6784248841261872,-0.631521179395433,1,1,1,0,1,0,1,1,0,0,0,0,0,0,0,0,0,0,0,0,1,0,0,1,0,1,0
0,1.4482630154273912,-1.3121388449797535,-0.29406930929880404,0,1,1,1,1,0,1,0,1,1,0,1,0,1,0,1,0,1,0,1,0,0,1,0,0,0,0
0,0.429236454925135,-0.28941813203058603,0.0937643147068784,1,0,1,1,1,0,0,0,0,0,0,0,0,0,0,0,0,0,1,0,0,0,0,0,0,1,0
0,-1.2827281667186554,0.8214394878881845,-0.9693480450334164,1,1,0,0,1,0,0,1,0,0,0,0,0,0,0,0,0,0,1,0,1,0,0,1,0,1,0
1,0.6738028294456765,0.831417250941347,0.8825343481043979,0,0,0,0,1,0,0,1,0,0,0,0,1,0,1,0,0,0,0,0,1,1,0,1,0,0,0
0,-0.712073292837392,-1.3171277265063348,-0.8346584700033461,0,0,1,1,1,0,1,0,1,1,0,1,0,1,0,1,0,1,0,1,0,0,0,1,0,1,0
1,-0.5082679807369407,0.987735538774228,-0.1707840104381648,1,1,1,0,1,0,1,1,0,0,0,0,0,0,0,0,0,0,1,0,1,0,0,1,0,1,0
0,-1.2827281667186554,-0.6369768783824168,-0.9886934032550627,1,1,0,0,1,0,0,0,0,0,0,0,0,0,0,0,0,0,0,0,0,0,0,1,0,0,1
0,0.7145638918657667,0.15958120536173165,0.5097226043141558,0,1,1,1,1,0,1,0,0,0,0,0,0,0,1,0,1,0,1,0,0,1,0,1,0,1,0
1,-1.2419671042985652,0.8197765273793242,-0.9376057753858122,1,0,0,0,1,0,1,1,0,0,0,0,1,0,0,0,0,0,0,0,1,0,0,0,0,1,0
1,-0.34522373105657966,0.1712219289237545,-0.24448166359497212,0,1,0,0,1,0,0,1,0,0,0,0,0,0,0,0,0,0,0,0,0,0,0,0,1,0,0
0,-1.201206041878475,0.1562552843440105,-0.9107825648983301,1,0,0,0,1,0,0,1,0,0,0,0,0,0,0,0,0,0,0,0,0,0,0,1,0,0,0
0,-1.2827281667186554,0.32421429573891436,-0.9759435548490063,1,0,0,0,1,0,0,1,0,0,0,0,0,0,1,0,0,0,0,0,0,0,0,1,0,0,1
0,0.10314795556441304,-1.4884126589189595,-0.719755424420045,0,1,1,1,1,0,0,0,1,1,0,1,0,1,0,1,0,1,0,1,0,0,1,0,0,0,1
0,-0.6305511679972114,-1.3320943710860789,-0.799188303503452,0,0,0,0,1,0,1,0,1,1,0,1,0,1,0,1,0,1,0,1,0,0,0,0,0,0,1
1,-0.9974007297780236,-1.5033793034987035,-0.9363704959554676,1,0,0,0,1,0,0,0,1,1,0,1,0,1,0,1,0,1,0,1,0,0,0,0,0,1,0
0,-0.9158786049378431,1.0060281043716928,-0.627197701389227,0,1,0,0,1,0,0,1,0,0,0,0,0,0,0,0,1,0,1,0,1,0,0,1,1,0,0
0,1.4482630154273912,0.7981580407641383,1.696715844069006,0,1,1,1,1,0,1,0,0,0,1,0,1,0,1,0,1,0,1,0,1,0,1,1,1,0,0
0,0.5107585797653155,0.46390297848319095,0.5782585541370232,0,1,1,0,1,0,0,0,0,0,1,0,1,0,1,0,0,0,1,0,1,1,0,0,0,0,0
0,-1.2419671042985652,-1.4967274614632617,-0.9930168812612686,1,1,1,1,1,0,0,0,1,1,0,1,0,1,0,1,0,1,0,1,0,1,0,0,0,0,1
0,0.18467008040459354,-1.4800978563746574,-0.7010718230360834,0,1,1,0,1,0,0,0,1,1,0,1,0,1,0,1,0,1,0,1,0,0,0,0,0,0,0
0,-1.1604449794583847,-1.3503869366835435,-0.9664804320701165,1,0,0,0,0,1,0,0,0,0,0,0,0,0,0,0,0,0,0,0,0,0,0,1,0,0,1
0,-0.9158786049378431,-0.6519435229621608,-0.8197248240329306,0,0,0,0,1,0,0,0,0,0,0,0,0,0,0,0,0,0,0,0,0,0,0,0,0,0,1
0,-1.2827281667186554,-1.4900756194278202,-1.000009445179469,0,1,0,0,1,0,0,0,1,1,0,1,0,1,0,1,0,1,0,1,0,0,0,0,0,0,1
0,1.3259798281671205,0.1562552843440105,0.9583937402643081,0,1,1,1,1,0,1,0,0,0,1,0,1,0,0,0,0,0,0,0,1,0,1,1,0,0,1
0,0.9998913288063985,-1.5083681850252848,-0.49374340578950127,0,0,1,1,1,0,0,0,1,1,0,1,0,1,0,1,0,1,0,1,0,0,1,0,0,0,0
0,-1.201206041878475,0.3292031772654958,-0.9038120595413859,0,0,0,0,1,0,0,1,0,0,0,0,0,0,1,0,0,0,0,0,0,0,0,1,0,0,1
0,-1.2419671042985652,0.15958120536173165,-0.9448189249165743,1,0,0,0,1,0,0,1,0,0,0,0,0,0,0,0,0,0,0,0,0,0,0,0,0,1,0
0,0.6738028294456765,-1.1524946361291517,-0.3677890210168675,0,1,0,0,0,1,0,0,0,0,0,0,0,0,1,0,0,0,0,0,0,0,0,1,0,0,0
0,-1.1604449794583847,-0.6386398388912774,-0.9245691656834257,1,0,0,0,1,0,0,0,0,0,0,0,0,0,0,0,0,0,0,0,0,0,0,0,0,0,1
0,1.5297851402675717,-0.23454043523819174,0.7731680013963914,0,0,1,0,0,1,0,0,0,0,0,0,1,0,1,0,1,0,1,0,1,0,1,0,0,0,0
0,0.8368470791260375,-1.4967274614632617,-0.5502794982890213,0,0,1,1,1,0,0,0,1,1,0,1,0,1,0,1,0,1,0,1,0,1,0,1,0,0,0
0,0.8368470791260375,-1.3071499634531722,-0.4194060543562656,0,1,1,1,1,0,1,0,1,1,0,1,0,1,0,1,0,1,0,1,0,0,1,0,1,0,0
0,-1.2827281667186554,0.33918094031865836,-0.9757450277977008,1,0,0,0,1,0,1,1,0,0,0,0,0,0,0,0,0,0,0,0,0,0,0,1,0,0,1
0,-0.4267458558967602,-1.3304314105772181,-0.7911810457674685,0,1,0,0,1,0,1,0,1,1,0,1,0,1,0,1,0,1,0,1,0,0,0,1,1,0,0
1,0.7960860167059473,-0.5222326032710469,0.11652874992322829,1,1,0,0,0,1,0,0,0,0,0,0,1,0,0,0,0,0,1,0,1,0,0,1,0,1,0
1,1.3259798281671205,1.5132310595741254,2.187937944682277,0,1,0,0,1,0,1,1,0,0,1,0,0,0,1,0,1,0,1,0,1,0,1,1,0,1,0
0,0.6330417670255862,-1.340409173630381,-0.4777068317562779,0,0,0,0,1,0,1,0,1,1,0,1,0,1,0,1,0,1,0,1,0,1,0,0,0,0,0
0,-1.2419671042985652,-1.0028281903317124,-0.981392019479276,1,0,0,0,0,1,0,0,0,0,0,0,0,0,0,0,0,0,0,0,1,0,0,1,0,1,0
0,-1.201206041878475,1.4334089551488247,-0.8705036320445948,0,1,0,0,1,0,1,1,0,0,0,0,1,0,1,0,0,0,1,0,1,0,0,0,0,0,1
0,0.5107585797653155,0.5503769249439339,0.656941442137721,0,1,1,0,1,0,1,1,0,0,0,0,1,0,0,0,0,0,0,0,0,0,0,0,0,0,0
0,-1.2827281667186554,0.5038140306958415,-0.9735612302333417,1,1,1,1,1,0,0,1,0,0,0,0,0,0,0,0,0,0,0,0,1,0,0,0,0,1,0
0,1.1629355784867594,0.29760692759714746,1.0276135054861164,0,0,1,1,1,0,0,0,0,0,0,0,0,0,1,0,1,0,1,0,1,0,1,1,0,0,0
0,-1.201206041878475,-0.015029648068614022,-0.9225397780478597,0,1,0,0,1,0,0,0,0,0,1,0,0,0,0,0,1,0,1,0,0,0,0,1,1,0,0
1,0.30695326766486425,1.2937202724045482,0.8389466310622394,0,0,0,0,1,0,1,1,0,0,0,0,0,0,1,0,1,0,1,0,1,1,0,1,1,0,0
0,-1.2827281667186554,0.20780706011868388,-0.977487654136937,0,0,0,0,1,0,0,1,0,0,0,0,0,0,0,0,0,0,0,0,0,0,0,0,0,0,1
0,-1.2827281667186554,-0.4972881956381404,-0.9868404841095458,0,0,0,0,1,0,0,0,0,0,0,0,0,0,0,0,1,0,0,0,0,0,0,1,0,1,0
0,0.755324954285857,-1.3387462131215204,-0.4501556887473428,0,1,0,0,1,0,1,0,1,1,0,1,0,1,0,1,0,1,0,1,0,1,0,1,0,0,0
1,-1.2419671042985652,-0.518906682253326,-0.9686642296344757,1,1,0,0,1,0,0,0,0,0,1,0,0,0,0,0,0,0,0,0,0,0,0,1,0,1,0
0,0.7960860167059473,-1.1558205571468725,-0.29265756137841026,0,1,0,0,0,1,0,0,0,0,0,0,1,0,0,0,0,0,0,0,0,1,0,0,0,0,1
0,0.755324954285857,0.6168953452983513,0.8217630118436964,0,1,0,0,1,0,1,1,0,0,0,0,0,0,0,0,0,0,0,0,1,0,0,0,0,0,0
0,-1.2827281667186554,-1.4767719353569364,-0.9998329766894201,0,1,0,0,1,0,0,0,1,1,0,1,0,1,0,1,0,1,0,1,0,0,0,1,0,0,1
0,-0.05989629411594795,0.3458327823541002,0.025471009057828575,0,1,1,1,1,0,1,0,0,0,1,0,1,0,0,0,1,0,0,0,1,1,0,1,0,0,0
0,0.592280704605496,-1.4734460143392158,-0.5619264186322702,0,1,0,1,1,0,0,0,1,1,0,1,0,1,0,1,0,1,0,1,0,1,0,0,1,0,0
0,-1.201206041878475,0.3408439008275187,-0.889429877602374,1,0,0,0,1,0,1,1,0,0,0,0,0,0,0,0,0,0,0,0,0,0,0,1,1,0,0
1,-0.4267458558967602,-1.4900756194278202,-0.8248865273668703,0,0,0,0,1,0,0,0,1,1,0,1,0,1,0,1,0,1,0,1,0,1,0,1,0,0,1
0,-1.2827281667186554,-1.4701200933214948,-0.9997447424443953,0,0,1,0,1,0,0,0,1,1,0,1,0,1,0,1,0,1,0,1,0,0,0,1,0,0,1
0,1.6113072651077522,0.6750989631084665,1.7776707638790874,0,1,1,0,1,0,1,0,0,0,0,0,1,0,1,0,1,0,1,0,1,0,1,1,0,0,0
0,-1.201206041878475,-0.48897339309383825,-0.9346719867387439,1,1,1,1,1,0,0,0,0,0,0,0,0,0,1,0,0,0,0,0,0,0,0,1,0,1,0
1,0.592280704605496,0.6684471210730246,0.7637931128625264,0,1,1,1,1,0,0,1,0,0,0,0,1,0,0,0,0,0,1,0,0,1,0,1,0,0,0
0,1.6113072651077522,0.05481469330352406,1.113884538558931,0,1,1,1,1,0,1,0,0,0,1,0,0,0,1,0,1,0,0,0,0,0,1,1,1,0,0
0,1.3667408905872107,-0.051614779263543874,0.8395201536548995,0,1,1,1,1,0,1,0,0,0,0,0,0,0,1,0,0,0,1,0,0,0,1,1,0,0,0
0,0.10314795556441304,0.608580542754049,0.2477992479585948,0,1,0,0,1,0,1,1,0,0,0,0,0,0,0,0,0,0,1,0,0,0,0,0,0,1,0
0,-0.14141841895612844,0.6667841605641643,0.10122010841145797,0,1,0,0,1,0,1,1,0,0,0,0,0,0,0,0,0,0,0,0,1,0,0,1,0,1,0
0,-1.2419671042985652,-1.4734460143392158,-0.9940315750790517,0,0,0,0,1,0,0,0,1,1,0,1,0,1,0,1,0,1,0,1,0,0,0,1,0,0,1
0,-1.1604449794583847,-0.518906682253326,-0.9168927863662847,0,1,0,0,1,0,0,0,0,0,0,0,1,0,0,0,0,0,0,0,0,0,0,0,0,0,1
0,-0.3044626686364894,0.49882514916926,-0.11974049969142679,1,0,0,0,1,0,0,1,0,0,1,0,1,0,0,0,0,0,0,0,0,0,0,1,0,0,0
0,1.3259798281671205,-0.17467385691921591,0.6410372194720348,0,0,0,0,1,0,0,0,0,0,1,0,1,0,0,0,1,0,0,0,0,0,1,1,0,0,1
1,-0.22294054379630893,1.3236535615640361,0.2987765830215645,0,1,0,0,1,0,1,1,0,0,0,0,1,0,0,0,1,0,1,0,1,1,0,1,0,0,0
0,-0.14141841895612844,0.34749574286296053,-0.010307977299651584,0,1,1,0,1,0,0,1,0,0,0,0,0,0,1,0,0,0,0,0,0,0,0,1,1,0,0
0,-0.14141841895612844,0.5071399517135622,-0.03307241251600146,0,1,1,1,1,0,1,0,0,0,0,0,1,0,1,0,0,0,1,0,1,0,0,0,1,0,0
0,-1.2827281667186554,-1.5067052245164245,-1.0002300307920307,1,1,0,0,1,0,0,0,1,1,0,1,0,1,0,1,0,1,0,1,0,0,0,0,0,0,1
0,-0.5082679807369407,0.5370732408730502,-0.2660549365034897,0,0,1,0,1,0,0,1,0,0,0,0,0,0,1,0,1,0,0,0,0,0,0,1,0,0,1
0,1.0406523912264887,-1.3354202921037994,-0.33871583728125776,0,0,0,0,1,0,1,0,1,1,0,1,0,1,0,1,0,1,0,1,0,0,1,1,1,0,0
0,-0.7528343552574821,0.7033692917590937,-0.4953095636386881,0,0,0,1,1,0,1,1,0,0,1,0,0,0,0,0,1,0,0,0,0,0,0,1,0,0,1
0,1.6113072651077522,-1.3121388449797535,-0.2540550791801425,0,1,1,0,1,0,1,0,1,1,0,1,0,1,0,1,0,1,0,1,0,0,1,0,0,0,1
0,0.5515196421854057,0.8081358038173013,0.8641595665780226,0,1,0,0,1,0,1,1,0,0,1,0,0,0,0,0,0,0,1,0,0,0,0,1,1,0,0
0,1.570546202687662,-0.2195737906584477,0.8201968539945094,0,0,1,0,0,1,0,0,0,0,0,0,1,0,1,0,1,0,1,0,1,0,1,0,0,0,0
0,-0.019135231695857704,0.6917285681970708,0.16655756685218337,0,1,0,0,1,0,1,1,0,0,0,0,0,0,0,0,0,0,0,0,1,0,0,1,0,0,0
0,-0.2637016062163992,-0.4823215510583964,-0.44525868814847686,0,0,0,0,0,1,0,0,0,0,0,0,0,0,1,0,0,0,1,0,1,0,0,1,1,0,0
1,1.4482630154273912,0.5154547542578644,1.4569834003371351,0,1,1,0,1,0,1,1,0,0,0,0,0,0,1,0,0,0,0,0,0,0,0,1,1,0,0
0,-1.2419671042985652,-1.4850867379012387,-0.9935242281701602,0,1,1,1,1,0,0,0,1,1,0,1,0,1,0,1,0,1,0,1,0,1,0,0,0,0,1
0,1.1629355784867594,-1.4734460143392158,-0.4327073667937258,0,1,1,1,1,0,0,0,1,1,0,1,0,1,0,1,0,1,0,1,0,0,1,0,1,0,0
0,-1.1604449794583847,0.7017063312502334,-0.8406363401037636,1,0,1,1,1,0,1,1,0,0,0,0,0,0,0,0,0,0,0,0,1,0,0,1,0,1,0
0,-1.201206041878475,-0.6486176019444398,-0.9464291998882735,1,1,0,0,1,0,0,0,0,0,0,0,0,0,0,0,0,0,0,0,0,0,0,1,0,1,0
1,0.021625830724232544,0.9860725782653676,0.36122436993773377,1,1,1,0,1,0,1,1,0,0,0,0,0,0,0,0,0,0,1,0,1,0,0,1,0,1,0
1,-0.9566396673579334,-1.4501645672151695,-0.9186133541442645,0,1,1,0,1,0,0,0,1,1,0,1,0,1,0,1,0,1,0,1,0,0,0,1,0,0,1
0,-0.4267458558967602,-1.2838685163291261,-0.7415492829411242,0,0,0,0,1,0,1,0,1,1,0,1,0,1,0,1,0,1,0,1,0,0,1,0,0,0,1
0,-1.1196839170382944,0.5320843593464687,-0.8517538549768647,0,0,1,1,1,0,0,1,0,0,0,0,0,0,0,0,0,0,1,0,0,0,0,1,0,1,0
1,-0.1006573565360382,0.8929467897691834,0.20796148632998254,1,0,0,0,1,0,1,1,0,0,1,0,1,0,1,0,0,0,0,0,0,0,0,0,1,0,0
0,1.3259798281671205,0.31091061166803113,1.1112595697694485,0,1,0,0,1,0,1,0,0,0,0,0,1,0,1,0,1,0,0,0,1,0,1,1,1,0,0
0,0.5107585797653155,0.7449433044806045,0.7301096898243805,1,0,0,0,1,0,1,1,0,0,0,0,0,0,1,0,1,0,0,0,0,0,0,1,0,1,0
0,-1.1196839170382944,-1.4800978563746574,-0.9679362971130226,0,1,0,0,1,0,0,0,1,1,0,1,0,1,0,1,0,1,0,1,0,0,0,0,0,0,1
0,-0.3044626686364894,0.35414758489840237,-0.17016637072299257,0,1,1,1,1,0,0,1,0,0,0,0,1,0,0,0,0,0,0,0,0,0,0,1,0,1,0
0,1.6113072651077522,0.4722177810274931,1.5193650115695356,0,0,1,1,1,0,1,1,0,0,1,0,0,0,0,0,0,0,0,0,0,0,1,0,0,0,0
0,-0.22294054379630893,0.84139501399451,0.06027941872003808,0,0,1,0,1,0,1,1,0,0,0,0,0,0,1,0,0,0,0,0,1,0,0,0,0,0,0
0,-0.019135231695857704,-0.47400674851409424,-0.2794003660634623,0,1,1,1,0,1,0,0,0,0,0,0,0,0,1,0,0,0,1,0,1,0,0,0,1,0,0
0,-0.1006573565360382,1.5165569805918464,0.45894379630249166,0,0,0,0,1,0,1,1,0,0,0,0,1,0,1,0,1,0,1,0,1,1,0,0,1,0,0
0,1.5297851402675717,1.2022574444172243,2.117063787366258,0,1,1,0,1,0,0,1,0,0,1,0,1,0,1,0,1,0,0,0,1,0,1,0,1,0,0
1,0.38847539250504476,0.4821955440806557,0.4664657656908397,0,1,0,0,1,0,1,1,0,0,0,0,1,0,0,0,0,0,0,0,0,0,0,1,0,0,0
1,1.6113072651077522,0.831417250941347,1.945823176334742,0,0,1,0,1,0,1,0,0,0,1,0,1,0,1,0,1,0,1,0,1,0,1,1,0,0,0
0,0.592280704605496,0.004925878037711009,0.26167408298871514,0,0,0,0,1,0,1,0,0,0,1,0,0,0,1,0,1,0,0,0,0,0,1,1,0,0,1
0,-1.2419671042985652,0.5187806752755855,-0.948370353278815,0,0,0,0,1,0,0,1,0,0,1,0,0,0,1,0,0,0,0,0,0,0,0,1,0,1,0
0,-0.9158786049378431,1.1207723794830629,-0.563911689145324,1,1,0,0,1,0,1,1,0,0,1,0,0,0,0,0,0,0,1,0,1,0,0,0,0,1,0
0,1.1629355784867594,-1.3553758182101248,-0.32433365534224606,0,0,1,1,1,0,1,0,1,1,0,1,0,1,0,1,0,1,0,1,0,0,1,1,0,0,1
0,-1.1196839170382944,-0.6918545751748113,-0.9196721650845598,0,0,0,0,1,0,0,0,0,0,0,0,0,0,0,0,0,0,0,0,0,0,0,1,1,0,0
1,1.6113072651077522,1.5281977041538695,2.4685669609830563,0,0,1,0,1,0,1,1,0,0,0,0,1,0,1,0,1,0,1,0,1,0,1,1,1,0,0
1,1.6113072651077522,1.6662234263892857,2.6071609013554653,0,1,1,1,1,0,1,1,0,0,1,0,1,0,1,0,1,0,1,0,1,0,1,1,0,0,0
1,-1.201206041878475,0.33918094031865836,-0.9193412866657176,0,0,0,0,1,0,0,1,0,0,0,0,0,0,1,0,0,0,0,0,0,0,0,0,0,0,1
0,0.6330417670255862,-1.516682987569587,-0.6316094136404576,0,1,1,0,1,0,0,0,1,1,0,1,0,1,0,1,0,1,0,1,0,0,1,0,0,0,1
0,1.24445770332694,0.8380690929767889,1.5574380882976557,0,0,0,0,1,0,0,1,0,0,0,0,0,0,1,0,1,0,1,0,0,1,0,1,1,0,0
0,-0.22294054379630893,-0.2711255664331211,-0.2796209516760238,0,0,0,0,1,0,0,0,0,0,1,0,1,0,0,0,0,0,0,0,0,0,0,1,0,0,1
0,1.5297851402675717,0.508802912222423,1.46177010812972,0,1,1,1,1,0,0,0,0,0,1,0,1,0,1,0,0,0,1,0,1,0,1,1,1,0,0
0,-1.0381617921981139,0.21612186266298605,-0.7813208688859681,0,1,1,1,1,0,0,0,0,0,1,0,0,0,1,0,1,0,0,0,1,0,0,1,1,0,0
0,-1.3234892291387457,-1.4834237773923784,-1.0088549282431865,0,1,0,1,1,0,0,0,1,1,0,1,0,1,0,1,0,1,0,1,0,0,1,0,0,0,1
0,-1.2419671042985652,0.8480468560299513,-0.9248118098572435,0,0,1,0,1,0,0,1,0,0,1,0,1,0,0,0,0,0,1,0,0,0,0,0,0,1,0
1,-0.5082679807369407,1.1207723794830629,-0.19586459458641084,1,1,0,0,1,0,1,1,0,0,0,0,0,0,1,0,0,0,1,0,1,0,0,1,0,1,0
0,1.3667408905872107,-1.501716342989843,-0.45571444618389345,0,1,0,0,1,0,0,0,1,1,0,1,0,1,0,1,0,1,0,1,0,0,1,0,0,0,0
0,-1.201206041878475,-1.4967274614632617,-0.9836199341661476,0,0,0,0,1,0,0,0,1,1,0,1,0,1,0,1,0,1,0,1,0,0,0,0,0,0,1
0,-0.712073292837392,0.700043370741373,-0.4487659993882052,1,0,0,1,1,0,0,1,0,0,0,0,1,0,0,0,0,0,0,0,1,0,0,1,0,0,0
0,1.6113072651077522,0.8480468560299513,1.8867282907295078,0,0,1,1,1,0,1,1,0,0,1,0,1,0,0,0,1,0,0,0,0,0,1,1,0,0,0
0,-1.2827281667186554,-1.4651312117949136,-0.9996785667606268,0,1,0,0,1,0,0,0,1,1,0,1,0,1,0,1,0,1,0,1,0,0,0,0,0,0,1
0,-0.4267458558967602,0.811461724835022,-0.1671664063921558,1,0,0,0,1,0,0,1,0,0,0,0,0,0,0,0,0,0,1,0,1,0,0,0,0,1,0
0,-1.201206041878475,0.18119969197691702,-0.9167163178762354,1,1,1,0,1,0,0,1,0,0,0,0,0,0,0,0,0,0,0,0,0,0,0,1,0,1,0
0,1.6113072651077522,0.06645541686554692,1.0905906978724333,0,0,1,1,1,0,1,0,0,0,1,0,0,0,1,0,1,0,0,0,0,0,1,0,0,0,0
0,1.3259798281671205,-1.4950645009544015,-0.4385970026491187,0,1,1,1,1,0,0,0,1,1,0,1,0,1,0,1,0,1,0,1,0,0,1,0,0,0,1
0,-0.8751175425177529,-0.9662430591367831,-0.8486435978397471,0,0,0,0,0,1,0,0,0,0,0,0,0,0,0,0,0,0,1,0,0,0,0,1,0,0,1
0,-0.4267458558967602,0.4655659389920513,-0.3028706752400091,0,1,0,0,1,0,1,1,0,0,0,0,1,0,0,0,0,0,0,0,0,0,0,1,0,0,1
0,-0.7528343552574821,-1.4784348958657971,-0.8872240214767587,0,1,0,0,1,0,0,0,1,1,0,1,0,1,0,1,0,1,0,1,0,1,0,0,0,0,0
0,0.3477143300849545,0.31257357217689147,0.3539671032844593,0,1,0,0,1,0,0,1,0,0,0,0,0,0,0,0,1,0,0,0,0,0,0,1,0,1,0
0,-0.6305511679972114,-0.001725963997730826,-0.49021403598851676,0,1,1,0,1,0,0,0,0,0,1,0,1,0,0,0,0,0,0,0,1,1,0,0,0,0,1
0,-0.8751175425177529,-1.4767719353569364,-0.9041649965214842,0,1,0,0,1,0,0,0,1,1,0,1,0,1,0,1,0,1,0,1,0,0,0,1,1,0,0
0,-0.712073292837392,0.9478244865615775,-0.3715169178691573,1,1,0,0,1,0,1,1,0,0,0,0,0,0,0,0,0,0,1,0,1,0,0,1,0,1,0
0,-1.2827281667186554,-1.4950645009544015,-1.0000756208632375,1,0,0,0,1,0,0,0,1,1,0,1,0,1,0,1,0,1,0,1,0,0,0,0,0,0,1
0,-1.1196839170382944,0.7998210012729992,-0.8084970163535486,1,0,1,0,1,0,0,1,0,0,1,0,0,0,1,0,0,0,0,0,1,0,0,1,0,0,1
0,0.021625830724232544,1.0293095514957389,0.3308717896492671,1,1,1,0,1,0,0,1,0,0,0,0,0,0,1,0,0,0,1,0,1,1,0,1,0,1,0
0,1.6113072651077522,1.5232088226272884,2.5494777636706254,0,0,1,0,1,0,1,1,0,0,1,0,1,0,1,0,0,0,1,0,1,0,1,1,1,0,0
0,-1.201206041878475,-0.816576613339344,-0.9680465899193035,0,0,1,1,0,1,0,0,0,0,0,0,1,0,0,0,0,0,0,0,1,0,0,0,0,0,1
0,-1.2419671042985652,0.5703324510502589,-0.9273926615242134,1,1,0,0,1,0,1,1,0,0,0,0,1,0,0,0,0,0,0,0,0,0,0,1,0,1,0
0,1.081413453646579,1.4018127054804763,1.705362800081418,0,0,1,0,1,0,1,1,0,0,1,0,1,0,1,0,1,0,0,0,1,1,0,1,1,0,0
0,-1.2419671042985652,-0.6486176019444398,-0.9693701035946727,1,1,0,0,1,0,0,0,0,0,0,0,0,0,0,0,0,0,0,0,0,0,0,0,0,1,0
0,1.570546202687662,0.28264028301740346,1.2651621516536282,0,1,1,1,1,0,0,0,0,0,0,0,1,0,0,0,1,0,1,0,1,0,1,1,1,0,0
0,-1.1196839170382944,-0.6669101675419048,-0.911598731664808,0,0,1,1,1,0,0,0,0,0,0,0,0,0,0,0,0,0,0,0,0,0,0,0,0,0,1
0,-0.22294054379630893,-0.33598102627867815,-0.34255402693982845,0,1,1,1,1,0,0,0,0,0,1,0,1,0,0,0,0,0,0,0,0,0,0,1,1,0,0
0,-1.2827281667186554,-0.42079201223056023,-0.9858257902917629,1,0,0,0,1,0,0,0,0,0,0,0,0,0,0,0,1,0,0,0,0,0,0,1,0,1,0
0,1.24445770332694,-0.8065988502861812,0.1333153150391606,0,1,0,1,0,1,0,0,0,0,1,0,1,0,0,0,1,0,0,0,0,1,0,1,0,0,0
1,0.5515196421854057,1.5015903360121026,1.1417665599867084,1,0,0,0,1,0,1,1,0,0,1,0,1,0,1,0,0,0,1,0,1,1,0,1,0,1,0
0,1.6113072651077522,-0.3176884606812135,0.7485947641570369,0,1,1,1,1,0,1,0,0,0,1,0,0,0,0,0,0,0,0,0,0,0,1,0,0,0,0
0,0.06238689314432279,-0.13309984419770504,-0.12492426158662276,0,0,1,0,1,0,1,0,0,0,1,0,0,0,0,0,1,0,0,0,0,0,0,1,0,0,0
0,-0.34522373105657966,0.4505992944123078,-0.20045277532769062,0,0,1,1,1,0,1,0,0,0,1,0,1,0,0,0,0,0,1,0,1,1,0,0,0,1,0
0,1.6113072651077522,0.15958120536173165,1.1565237374670747,0,1,0,0,1,0,1,0,0,0,1,0,1,0,1,0,1,0,0,0,0,0,1,0,0,0,0
0,1.1221745160666692,-0.16635905437491375,0.5750380041936248,0,0,1,1,0,1,0,0,0,0,1,0,0,0,1,0,1,0,1,0,1,0,1,0,1,0,0
0,1.4482630154273912,0.4007104791464947,1.2071481355499458,0,1,0,0,1,0,1,0,0,0,1,0,1,0,1,0,0,0,0,0,1,1,0,1,1,0,0
0,-0.9974007297780236,-1.4967274614632617,-0.944179226640146,0,0,1,1,1,0,0,0,1,1,0,1,0,1,0,1,0,1,0,1,0,0,1,1,0,0,1
0,0.06238689314432279,0.09306278500731426,0.02317691868718874,0,0,0,1,1,0,0,0,0,0,1,0,0,0,1,0,1,0,1,0,0,0,1,0,1,0,0
0,-1.0789228546182041,-0.660258325506463,-0.8770770832989284,0,0,0,0,0,1,0,0,0,0,0,0,0,0,0,0,0,0,1,0,1,0,0,0,1,0,0
0,-1.2419671042985652,-0.021681490104055855,-0.9454806817542589,0,1,1,0,1,0,0,0,0,0,0,0,1,0,0,0,1,0,0,0,1,0,0,1,0,0,1
0,-0.05989629411594795,0.5603546879970964,0.1155361146667014,0,1,0,0,1,0,1,1,0,0,0,0,0,0,0,0,1,0,0,0,0,1,0,0,1,0,0
0,-0.5082679807369407,-1.3071499634531722,-0.7850046486157456,0,0,1,1,1,0,1,0,1,1,0,1,0,1,0,1,0,1,0,1,0,0,0,1,0,0,0
0,-1.2827281667186554,-1.4917385799366805,-1.0000315037407252,0,0,1,1,1,0,0,0,1,1,0,1,0,1,0,1,0,1,0,1,0,0,0,0,0,1,0
0,1.2036966409068497,1.0609058011640873,1.6934952941256074,1,1,0,0,1,0,1,1,0,0,0,0,0,0,1,0,0,0,1,0,1,1,0,1,0,1,0
1,1.5297851402675717,0.35913646642498387,1.3784990393877423,0,0,1,0,1,0,1,1,0,0,0,0,0,0,0,0,0,0,0,0,0,0,1,1,1,0,0
0,-0.9158786049378431,1.1191094189742024,-0.5419854792567078,1,0,0,0,1,0,1,1,0,0,0,0,0,0,0,0,1,0,1,0,1,0,0,1,0,1,0
0,0.26619220524477405,-1.3653535812632875,-0.6101243749769646,0,1,1,1,1,0,1,0,1,1,0,1,0,1,0,1,0,1,0,1,0,0,1,1,0,0,1
0,0.5515196421854057,-0.021681490104055855,0.3188498737646637,0,0,1,0,1,0,0,0,0,0,0,0,1,0,0,0,1,0,1,0,0,0,1,1,1,0,0
0,-1.0789228546182041,0.6817508051439078,-0.7929236721067046,1,1,0,0,1,0,0,1,0,0,0,0,1,0,0,0,0,0,1,0,0,0,0,1,0,1,0
0,1.6113072651077522,0.39738455812877355,1.403667857781013,0,0,1,1,1,0,1,0,0,0,0,0,0,0,1,0,0,0,1,0,1,0,1,1,0,0,0
0,-0.5897901055771212,-0.32101438169893415,-0.5420516549404764,0,1,0,0,1,0,0,0,0,0,0,0,0,0,1,0,1,0,0,0,0,0,0,0,1,0,0
0,1.570546202687662,1.4533644812551498,2.351105122294041,0,1,1,0,1,0,1,1,0,0,1,0,0,0,1,0,1,0,1,0,1,0,1,1,1,0,0
0,0.30695326766486425,1.2122352074703868,0.8057264378104734,1,1,1,0,1,0,1,1,0,0,0,0,1,0,0,0,0,0,1,0,1,0,0,1,0,1,0
0,-1.2827281667186554,0.1562552843440105,-0.9781714695358776,1,1,0,0,1,0,0,1,0,0,0,0,0,0,0,0,0,0,0,0,0,0,0,1,0,1,0
0,1.0406523912264887,1.2770906673159437,1.6459590946185978,1,1,0,0,1,0,1,1,0,0,0,0,1,0,1,0,0,0,1,0,1,1,0,1,0,0,0
0,1.5297851402675717,1.3020350749488503,2.1897026295827695,1,1,0,0,1,0,1,1,0,0,1,0,0,0,0,0,1,0,1,0,1,0,1,1,1,0,0
0,0.38847539250504476,-1.3171277265063348,-0.5199489765618109,0,0,1,0,1,0,1,0,1,1,0,1,0,1,0,1,0,1,0,1,0,0,1,0,0,1,0
0,0.06238689314432279,-1.1458427940937101,-0.5947495577814258,0,1,1,1,0,1,0,0,0,0,1,0,0,0,0,0,0,0,0,0,0,1,0,0,0,0,0
1,-1.1196839170382944,-1.4900756194278202,-0.9673186573978504,0,1,0,0,1,0,0,0,1,1,0,1,0,1,0,1,0,1,0,1,0,0,0,0,0,0,0
0,-0.3044626686364894,0.6568063975110013,-0.08766735162498018,0,0,0,0,1,0,1,1,0,0,0,0,0,0,0,0,0,0,1,0,0,0,0,1,0,0,1
0,-1.2419671042985652,0.7100211337945356,-0.9300176303136958,1,0,0,0,1,0,0,1,0,0,0,0,0,0,1,0,0,0,0,0,1,0,0,1,0,0,1
0,0.918369203966218,1.2920573118956877,1.4867403994716855,0,0,1,1,1,0,0,1,0,0,0,0,1,0,1,0,1,0,1,0,1,1,0,1,0,0,0
0,-0.46750691831685043,1.541501388224753,0.01338291748945668,1,1,1,0,1,0,1,1,0,0,0,0,1,0,1,0,1,0,1,0,1,0,0,1,0,1,0
0,1.5297851402675717,0.7698877121135111,1.6321945523947583,0,1,1,0,1,0,1,1,0,0,1,0,1,0,0,0,1,0,0,0,0,0,1,1,1,0,0
0,1.1629355784867594,1.3801942188652905,1.9696464224913872,0,0,1,0,1,0,1,1,0,0,0,0,0,0,1,0,1,0,1,0,1,0,0,1,0,1,0
0,0.429236454925135,0.4755437020452143,0.5646263632807207,0,1,1,1,1,0,0,0,0,0,1,0,0,0,1,0,1,0,1,0,1,0,1,1,1,0,0
0,0.592280704605496,1.2721017857893624,1.1481635427509929,0,1,0,0,1,0,1,1,0,0,0,0,1,0,1,0,0,0,1,0,1,1,0,1,0,1,0
0,-1.1196839170382944,-0.02999629264835803,-0.868518361531541,0,1,0,0,1,0,0,0,0,0,0,0,0,0,1,0,1,0,1,0,0,0,0,1,1,0,0
0,1.2036966409068497,-1.2988351609088702,-0.3188851907119762,0,0,0,0,1,0,1,0,1,1,0,1,0,1,0,1,0,1,0,1,0,0,1,1,1,0,0
0,-0.6713122304173017,0.8181135668704638,-0.37786978351092937,1,0,1,1,1,0,0,1,0,0,0,0,1,0,1,0,0,0,1,0,0,0,0,1,1,0,0
1,-1.0381617921981139,1.022657709460297,-0.7245862493351426,1,1,1,0,1,0,1,1,0,0,0,0,0,0,0,0,0,0,1,0,1,0,0,1,0,0,0
0,-0.7528343552574821,-1.3071499634531722,-0.8445407054461027,0,0,1,1,1,0,1,0,1,1,0,1,0,1,0,1,0,1,0,1,0,0,0,0,0,0,1
0,1.1221745160666692,0.8680023821362769,1.397028230842911,1,1,1,1,1,0,0,1,0,0,0,0,1,0,1,0,0,0,1,0,0,1,0,0,0,1,0
0,0.06238689314432279,-0.6652472070330443,-0.37242131888065966,0,1,1,1,0,1,0,0,0,0,0,0,0,0,1,0,1,0,1,0,0,0,0,1,0,1,0
0,0.7145638918657667,1.4533644812551498,1.4664244645547684,1,0,1,0,1,0,1,1,0,0,1,0,1,0,0,0,1,0,1,0,1,1,0,0,0,1,0
0,0.22543114282468377,-1.3237795685417766,-0.5835879257858124,0,1,1,1,1,0,1,0,1,1,0,1,0,1,0,1,0,1,0,1,0,0,1,0,1,0,0
0,1.5297851402675717,0.30758469065030997,1.2950735607169719,0,0,1,1,1,0,0,0,0,0,1,0,1,0,1,0,1,0,0,0,1,1,0,0,1,0,0
0,0.18467008040459354,0.7964950802552779,0.46489960784165296,0,0,1,1,1,0,1,1,0,0,0,0,1,0,0,0,0,0,1,0,0,0,0,1,0,1,0
1,-1.1604449794583847,0.4655659389920513,-0.8796799935271544,1,0,0,0,1,0,0,1,0,0,0,0,0,0,0,0,0,0,1,0,0,0,0,1,0,1,0
1,1.1221745160666692,0.9444985655438568,1.538710369791182,0,1,1,1,1,0,1,1,0,0,1,0,1,0,0,0,0,0,0,0,1,0,0,1,0,1,0
0,1.2036966409068497,0.2177848231718469,0.9708127102515225,0,1,1,1,1,0,0,0,0,0,1,0,0,0,1,0,1,0,0,0,1,1,0,0,1,0,0
0,-1.2827281667186554,-0.6802138516127882,-0.9892669258477226,1,1,0,0,1,0,0,0,0,0,0,0,0,0,0,0,0,0,0,0,0,0,0,0,0,0,1
0,0.14390901798450328,0.4772066625540746,0.25066686092189466,0,1,0,0,1,0,0,0,0,0,1,0,0,0,1,0,1,0,1,0,1,0,0,1,1,0,0
0,0.46999751734522527,-1.4784348958657971,-0.6093523253329992,0,1,0,0,1,0,0,0,1,1,0,1,0,1,0,1,0,1,0,1,0,0,1,0,1,0,0
1,0.918369203966218,1.1689982342400156,1.4216897023272903,1,0,0,0,1,0,1,1,0,0,0,0,0,0,1,0,0,0,1,0,1,1,0,1,0,1,0
0,1.6113072651077522,1.335294285126059,2.3395464361958176,0,0,1,0,1,0,1,1,0,0,1,0,0,0,1,0,0,0,1,0,1,0,1,1,1,0,0
0,-0.8343564800976626,-1.4983904219721222,-0.9075620149549319,1,0,1,1,1,0,0,0,1,1,0,1,0,1,0,1,0,1,0,1,0,1,0,0,0,0,0
0,-0.7935954176775724,-1.130876149513966,-0.8349893484221884,0,0,0,0,0,1,0,0,0,0,1,0,0,0,0,0,0,0,0,0,0,0,0,1,0,0,0
0,-1.2827281667186554,0.8330802114502078,-0.9691936351046234,1,1,0,0,1,0,0,1,0,0,0,0,0,0,0,0,0,0,1,0,1,0,0,1,0,1,0
0,-0.712073292837392,-1.4734460143392158,-0.8782903041680168,0,0,1,1,1,0,0,0,1,1,0,1,0,1,0,1,0,1,0,1,0,1,0,0,0,0,1
0,1.3259798281671205,0.6651212000553035,1.3995870239486248,0,0,0,0,1,0,0,0,0,0,1,0,1,0,1,0,1,0,1,0,1,0,1,1,0,0,0
0,-0.8343564800976626,-1.0543799661063862,-0.8126440258697054,0,0,1,1,0,1,0,0,0,0,1,0,0,0,0,0,1,0,0,0,0,1,0,0,1,0,0
0,1.6113072651077522,0.9029245528223458,1.9832344962251771,0,1,1,0,1,0,1,0,0,0,1,0,1,0,1,0,1,0,1,0,1,0,1,1,1,0,0
0,1.6113072651077522,0.8297542904324867,1.8633682743592421,0,0,1,1,1,0,1,0,0,0,1,0,1,0,1,0,1,0,1,0,1,0,1,0,1,0,0
0,1.6113072651077522,1.6944937550399128,2.7307329615124347,0,0,1,1,1,0,1,1,0,0,1,0,1,0,1,0,1,0,1,0,1,0,1,1,0,0,0
0,0.7960860167059473,0.6750989631084665,0.9595849025721407,0,1,0,1,1,0,1,0,0,0,1,0,1,0,0,0,1,0,1,0,1,0,1,1,0,0,1
0,-1.2419671042985652,-1.3304314105772181,-0.9815023122855568,0,1,0,0,1,0,1,0,1,1,0,1,0,1,0,1,0,1,0,1,0,0,0,0,0,0,1
0,-1.1196839170382944,-0.016692608577474836,-0.8532758957035392,0,0,0,0,1,0,0,0,0,0,1,0,0,0,0,0,1,0,1,0,0,0,0,1,0,1,0
0,1.4482630154273912,-1.4751089748480761,-0.38023004956533774,0,0,0,0,1,0,0,0,1,1,0,1,0,1,0,1,0,1,0,1,0,0,1,0,1,0,0
0,1.2036966409068497,1.173987115766597,1.8206628997673295,1,0,0,1,1,0,1,1,0,0,0,0,0,0,1,0,0,0,1,0,1,1,0,1,0,1,0
0,1.6113072651077522,0.7050322522679541,1.7747810923545313,0,1,0,0,1,0,1,0,0,0,1,0,1,0,0,0,1,0,1,0,1,0,1,0,1,0,0
0,-1.2827281667186554,-0.46735490647865263,-0.986443430006935,1,1,0,0,1,0,0,0,0,0,0,0,1,0,0,0,0,0,0,0,0,0,0,0,0,1,0
0,1.3667408905872107,0.8031469222907198,1.5934376602676976,0,0,1,0,1,0,1,1,0,0,1,0,1,0,0,0,1,0,0,0,0,1,0,0,0,1,0
0,1.6113072651077522,-0.001725963997730826,1.0733629615313778,0,1,1,1,0,1,0,0,0,0,1,0,1,0,1,0,1,0,1,0,1,0,1,1,1,0,0
0,-0.2637016062163992,-1.4983904219721222,-0.807107326994411,0,1,0,0,1,0,0,0,1,1,0,1,0,1,0,1,0,1,0,1,0,1,0,0,1,0,0
0,1.2852187657470302,0.9494874470704383,1.5597762957908081,0,1,1,1,1,0,1,1,0,0,1,0,0,0,1,0,0,0,0,0,1,0,1,0,0,0,0
1,-0.5082679807369407,0.29261804607056646,-0.36320084027558763,1,1,1,0,1,0,0,1,0,0,0,0,1,0,0,0,0,0,0,0,0,0,0,1,0,1,0
0,-1.201206041878475,1.0060281043716928,-0.8732388936403577,1,0,0,0,1,0,0,1,0,0,0,0,1,0,0,0,0,0,1,0,1,0,0,1,0,1,0
0,-0.4267458558967602,0.9910614597919492,-0.08038802641044969,1,1,0,0,1,0,1,1,0,0,0,0,0,0,0,0,0,0,1,0,1,0,0,1,1,0,0
0,-1.1604449794583847,0.5237695568021665,-0.8680551317451618,1,1,1,0,1,0,0,1,0,0,0,0,0,0,1,0,1,0,0,0,0,0,0,1,0,0,1
0,1.2036966409068497,-0.8598135865697152,0.02236075192071092,0,1,1,0,0,1,0,0,0,0,0,0,0,0,0,0,1,0,1,0,0,0,1,1,0,0,0
0,-1.1196839170382944,-1.4751089748480761,-0.9628407694628512,0,0,0,0,1,0,0,0,1,1,0,1,0,1,0,1,0,1,0,1,0,0,0,1,0,0,1
0,1.081413453646579,0.6884026471793497,1.2343463415787823,1,1,1,0,1,0,1,1,0,0,0,0,0,0,0,0,0,0,0,0,1,1,0,0,0,1,0
0,-1.201206041878475,-1.2788796348025449,-0.9553629171970155,0,1,0,1,1,0,1,0,1,1,0,1,0,1,0,1,0,1,0,1,0,0,1,1,0,0,1
0,1.6113072651077522,1.10913165592104,2.0863582700976924,0,0,1,0,1,0,1,1,0,0,1,0,0,0,1,0,1,0,1,0,0,0,1,1,0,0,0
0,0.9998913288063985,1.0875131693058542,1.4608215899957055,0,1,1,1,1,0,0,1,0,0,0,0,1,0,1,0,0,0,1,0,1,1,0,1,1,0,0
0,1.3667408905872107,-1.4934015404455407,-0.4489645264395106,0,1,0,1,1,0,0,0,1,1,0,1,0,1,0,1,0,1,0,1,0,0,1,0,1,0,0
0,1.1221745160666692,-0.46735490647865263,0.32674683869436655,1,0,0,0,0,1,0,0,0,0,0,0,1,0,0,0,0,0,1,0,1,0,0,1,0,1,0
0,0.5107585797653155,1.159020471186853,1.0356869389058685,0,1,0,1,1,0,1,1,0,0,0,0,0,0,1,0,0,0,1,0,1,0,1,0,0,0,0
0,-1.201206041878475,-0.9995022693139918,-0.9585834671404139,0,0,0,0,0,1,0,0,0,0,0,0,0,0,0,0,0,0,1,0,0,0,0,1,1,0,0
0,-0.712073292837392,1.3386202061437797,-0.31059117167966266,1,0,0,0,1,0,0,1,0,0,1,0,0,0,1,0,1,0,1,0,1,0,0,0,0,1,0
0,0.755324954285857,-0.15638129132175124,0.3486289314604703,0,0,0,1,0,1,0,0,0,0,1,0,0,0,1,0,1,0,1,0,1,1,0,0,0,0,0
0,1.1221745160666692,-0.0033889245065911663,0.773256235641416,0,0,0,0,1,0,1,0,0,0,1,0,0,0,1,0,1,0,0,0,0,1,0,0,0,1,0
0,0.021625830724232544,-0.3393069472963991,-0.2742166041682663,0,1,0,0,1,0,1,0,0,0,0,0,1,0,0,0,0,0,0,0,0,0,0,1,0,0,0
0,-0.9158786049378431,1.5049162570298231,-0.5485809890722977,1,1,0,0,1,0,0,1,0,0,1,0,1,0,1,0,1,0,1,0,1,0,0,1,0,1,0
1,-0.2637016062163992,-1.5150200270607266,-0.7864163965361395,0,1,0,0,1,0,0,0,1,1,0,1,0,1,0,1,0,1,0,1,0,1,0,0,1,0,0
0,-1.0789228546182041,0.6335249503869557,-0.7893501851832079,1,0,0,0,1,0,0,1,0,0,0,0,0,0,1,0,0,0,0,0,1,0,0,0,0,1,0
0,1.407501953007301,1.5431643487336133,2.3050689049524498,0,0,1,0,1,0,1,1,0,0,1,0,0,0,1,0,1,0,1,0,1,1,0,1,0,1,0
0,0.6738028294456765,-0.9662430591367831,-0.2226878050738929,0,0,1,1,0,1,0,0,0,0,1,0,0,0,0,0,1,0,0,0,0,1,0,1,1,0,0
0,-1.2827281667186554,-1.4900756194278202,-1.000009445179469,0,1,0,0,1,0,0,0,1,1,0,1,0,1,0,1,0,1,0,1,0,0,0,1,0,0,1
1,-1.0381617921981139,0.6484915949666992,-0.7398948908469127,0,0,0,0,1,0,0,1,0,0,0,0,0,0,1,0,0,0,1,0,0,0,0,1,0,1,0
1,-0.22294054379630893,1.518219941100707,0.2518359646684708,0,0,0,0,1,0,1,1,0,0,1,0,1,0,1,0,0,0,1,0,1,1,0,1,0,0,0
0,0.18467008040459354,0.8763171846805791,0.4238706839052083,0,1,1,1,1,0,0,1,0,0,0,0,0,0,0,0,0,0,1,0,1,1,0,0,1,0,0
0,1.24445770332694,1.1872907998374802,1.733178645825427,1,0,1,1,1,0,1,1,0,0,1,0,1,0,1,0,0,0,1,0,0,0,0,1,0,1,0
0,-0.05989629411594795,0.8131246853438823,0.23657144027921298,0,1,1,1,1,0,1,1,0,0,1,0,0,0,1,0,1,0,0,0,0,0,0,0,0,1,0
0,0.7145638918657667,1.2970461934222688,1.204898162301818,1,1,1,1,1,0,1,1,0,0,0,0,1,0,1,0,0,0,1,0,1,0,0,1,0,0,0
1,-0.019135231695857704,0.5403991618907709,0.14668280316038942,0,1,0,0,1,0,1,1,0,0,0,0,0,0,1,0,0,0,0,0,0,0,0,1,1,0,0
0,-1.2827281667186554,-1.3387462131215204,-0.9980021161051593,1,0,0,0,0,1,0,0,0,0,0,0,0,0,0,0,0,0,0,0,0,0,0,0,0,1,0
0,1.24445770332694,0.5437250829084921,1.181604321615321,0,0,1,0,1,0,1,1,0,0,0,0,0,0,0,0,1,0,0,0,0,1,0,1,1,0,0
0,-0.1006573565360382,0.9794207362299259,0.17335160371907835,0,1,0,0,1,0,1,1,0,0,1,0,1,0,0,0,0,0,0,0,1,0,0,1,1,0,0
0,1.570546202687662,1.7044715180930754,2.6575205967032627,0,1,1,0,1,0,1,1,0,0,1,0,1,0,1,0,1,0,1,0,1,0,1,1,0,0,0
0,0.8368470791260375,1.3535868507235236,1.4979902657123234,0,0,0,0,1,0,1,1,0,0,0,0,1,0,1,0,0,0,1,0,1,0,1,0,0,1,0
0,-0.8343564800976626,1.1324131030450861,-0.514324043441492,1,0,0,0,1,0,0,1,0,0,1,0,0,0,0,0,1,0,1,0,1,0,0,1,0,0,0
0,0.7145638918657667,0.982746657247647,1.1594575261141429,0,1,1,0,1,0,1,1,0,0,1,0,1,0,0,0,0,0,0,0,1,0,0,1,1,0,0
0,-1.2419671042985652,-1.5083681850252848,-0.9967006609910462,0,0,0,0,1,0,0,0,1,1,0,1,0,1,0,1,0,1,0,1,0,0,0,0,0,0,1
0,-0.9566396673579334,1.1124575769387606,-0.6014333018420402,1,0,0,0,1,0,1,1,0,0,0,0,0,0,1,0,0,0,1,0,1,0,0,0,1,0,0
0,-0.6305511679972114,0.9644540916501818,-0.29166492612188333,1,1,0,0,1,0,0,1,0,0,1,0,0,0,0,0,0,0,1,0,1,0,0,0,0,1,0
0,0.9591302663863083,1.355249811232384,1.6684588270998737,0,0,1,0,1,0,0,1,0,0,1,0,1,0,1,0,0,0,1,0,1,1,0,1,1,0,0
0,1.407501953007301,0.548713964435073,1.3728520477061674,0,1,1,1,1,0,0,0,0,0,1,0,1,0,1,0,0,0,1,0,1,0,1,0,1,0,0
1,-0.9566396673579334,1.18562783932862,-0.6035950408451433,1,1,0,0,1,0,1,1,0,0,0,0,0,0,1,0,0,0,1,0,1,0,0,1,0,1,0
0,-1.1604449794583847,-0.28110332948628386,-0.9052458660230358,0,1,0,0,1,0,0,0,0,0,0,0,0,0,0,0,0,0,1,0,0,0,0,1,0,1,0
0,-0.5490290431570309,0.016566601599733864,-0.4653981545753446,0,1,0,0,1,0,0,0,0,0,0,0,1,0,0,0,1,0,0,0,1,1,0,1,0,0,0
0,-0.9974007297780236,-1.4934015404455407,-0.9334587658696555,0,0,0,1,1,0,0,0,1,1,0,1,0,1,0,1,0,1,0,1,0,0,0,0,0,0,1
0,1.570546202687662,1.5431643487336133,2.513522308823096,0,0,0,0,1,0,1,1,0,0,0,0,1,0,1,0,1,0,1,0,1,0,1,1,0,1,0
1,-0.9158786049378431,0.2660106779287991,-0.7050423640621909,1,1,0,0,1,0,0,1,0,0,0,0,1,0,0,0,0,0,0,0,0,0,0,1,0,1,0
1,-0.712073292837392,0.8031469222907198,-0.44049403891714783,0,0,0,0,1,0,1,1,0,0,0,0,1,0,0,0,0,0,1,0,0,0,0,0,1,0,0
0,1.6113072651077522,1.3718794163209884,2.453677432135153,0,1,1,1,1,0,1,1,0,0,1,0,0,0,1,0,0,0,1,0,1,1,0,1,0,0,0
0,-0.8343564800976626,-1.4900756194278202,-0.8910622111353294,0,1,0,0,1,0,0,0,1,1,0,1,0,1,0,1,0,1,0,1,0,1,0,0,1,0,0
0,1.6113072651077522,-1.318790687015195,-0.21523201136931314,0,1,1,1,1,0,1,0,1,1,0,1,0,1,0,1,0,1,0,1,0,0,1,1,0,0,0
1,-1.2827281667186554,0.2892921250528453,-0.9764067846353853,1,1,1,0,1,0,1,1,0,0,0,0,0,0,0,0,0,0,0,0,0,0,0,1,0,1,0
1,-0.3859847934766699,0.3508216638806817,-0.2837679611921806,0,0,0,0,1,0,0,1,0,0,1,0,0,0,0,0,0,0,0,0,0,0,0,1,0,0,0
0,1.6113072651077522,0.0232184436351757,1.1120536779746701,0,1,0,0,0,1,0,0,0,0,1,0,1,0,1,0,1,0,1,0,1,0,1,1,0,0,0
0,-0.2637016062163992,0.5270954778198876,-0.041366431548315076,0,0,0,0,1,0,1,1,0,0,0,0,0,0,1,0,0,0,0,0,0,0,0,1,0,1,0
0,-0.46750691831685043,1.320327640546315,-0.020896086702605034,0,0,0,0,1,0,0,1,0,0,0,0,1,0,1,0,1,0,1,0,1,1,0,1,0,0,1
0,1.1221745160666692,-1.3537128577012645,-0.34449518033036985,0,1,1,0,1,0,1,0,1,1,0,1,0,1,0,1,0,1,0,1,0,1,0,0,0,0,0
0,-0.8343564800976626,-1.4767719353569364,-0.8962018559080132,0,1,0,0,1,0,0,0,1,1,0,1,0,1,0,1,0,1,0,1,0,0,0,0,0,0,1
0,-0.6713122304173017,0.3508216638806817,-0.4841258730818185,0,1,1,0,1,0,1,1,0,0,0,0,0,0,0,0,0,0,0,0,0,0,0,1,0,1,0
0,1.24445770332694,0.493836267642679,1.1026567308795487,0,0,1,0,1,0,1,0,0,0,1,0,1,0,0,0,0,0,1,0,1,1,0,1,1,0,0
1,-0.4267458558967602,0.5603546879970964,-0.2055262444166058,0,0,0,0,1,0,0,1,0,0,1,0,1,0,0,0,0,0,0,0,0,0,0,0,0,1,0
0,-0.019135231695857704,0.3807549530401692,0.051786872636419165,0,0,1,1,1,0,0,0,0,0,1,0,1,0,1,0,1,0,0,0,1,0,0,0,0,0,0
1,-1.201206041878475,0.48385850458951646,-0.9183927685317029,1,0,0,0,1,0,1,1,0,0,0,0,1,0,0,0,0,0,0,0,0,0,0,1,0,1,0
0,-0.7935954176775724,0.5420621223996317,-0.5887275705584961,1,0,0,0,1,0,0,1,0,0,0,0,1,0,1,0,0,0,0,0,0,0,0,1,0,1,0
0,1.4482630154273912,1.2937202724045482,2.096747852449341,0,0,1,1,1,0,1,1,0,0,0,0,1,0,0,0,1,0,1,0,1,0,1,1,1,0,0
0,-0.1006573565360382,0.7183359363388377,0.110859699680397,0,0,1,1,1,0,0,1,0,0,0,0,0,0,1,0,0,0,0,0,1,1,0,0,0,1,0
0,-0.6713122304173017,0.3408439008275187,-0.47378040785268277,0,0,0,0,1,0,0,1,0,0,0,0,1,0,0,0,0,0,0,0,0,0,0,0,0,0,0
0,0.021625830724232544,0.5237695568021665,0.16073410668055885,0,1,0,0,1,0,0,1,0,0,0,0,1,0,0,0,1,0,0,0,0,0,1,0,0,0,0
0,1.6113072651077522,-1.5150200270607266,-0.4332147137026173,0,1,1,0,1,0,0,0,1,1,0,1,0,1,0,1,0,1,0,1,0,0,1,0,1,0,0
1,-1.1604449794583847,0.6568063975110013,-0.8499891700763725,1,0,0,0,1,0,1,1,0,0,0,0,0,0,0,0,0,0,0,0,1,0,0,1,0,1,0
0,-0.8343564800976626,-1.0394133215266421,-0.8167469182633499,0,0,0,0,0,1,0,0,0,0,1,0,0,0,0,0,1,0,0,0,0,1,0,1,0,0,1
1,-1.1604449794583847,0.6119064637717698,-0.8729521323440278,0,0,1,0,1,0,1,1,0,0,0,0,0,0,0,0,0,0,1,0,0,0,0,1,0,1,0
0,-1.3234892291387457,0.5320843593464687,-1.0088549282431865,0,0,1,1,1,0,0,0,0,0,1,0,1,0,1,0,0,0,1,0,1,0,1,0,0,0,1
0,-1.0789228546182041,0.4722177810274931,-0.8171660309272167,1,0,0,0,1,0,1,1,0,0,1,0,0,0,0,0,0,0,0,0,0,0,0,1,0,1,0
0,1.3259798281671205,1.4367348761665455,2.131798906285368,0,0,1,0,1,0,1,1,0,0,0,0,1,0,1,0,1,0,1,0,1,1,0,1,1,0,0
0,-0.712073292837392,-1.4950645009544015,-0.8674816091525018,0,0,0,0,1,0,0,0,1,1,0,1,0,1,0,1,0,1,0,1,0,0,0,0,0,0,1
0,-0.34522373105657966,-1.4568164092506115,-0.7743503635290238,0,0,0,1,1,0,0,0,1,1,0,1,0,1,0,1,0,1,0,1,0,1,0,0,0,0,0
0,-0.7935954176775724,-1.1541575966380122,-0.8402392860011528,0,0,0,1,0,1,0,0,0,0,0,0,1,0,0,0,0,0,0,0,0,0,0,0,0,1,0
0,-0.34522373105657966,0.49882514916926,-0.12607130677194267,0,1,0,0,1,0,0,1,0,0,0,0,0,0,0,0,0,0,0,0,1,0,0,1,1,0,0
0,1.6113072651077522,0.021555483126315358,1.1615751479947336,0,0,1,0,0,1,0,0,0,0,1,0,1,0,1,0,1,0,1,0,1,0,1,0,0,0,0
0,0.8776081415461278,1.305360995966571,1.481909574556588,0,0,1,1,1,0,1,1,0,0,1,0,1,0,0,0,0,0,1,0,1,0,0,1,0,0,0
0,-1.201206041878475,0.31756245370347297,-0.91365017786163,1,0,0,0,1,0,1,1,0,0,0,0,0,0,0,0,0,0,0,0,0,0,0,0,0,0,0
0,-1.1604449794583847,-1.4751089748480761,-0.9746200411736371,0,1,1,1,1,0,0,0,1,1,0,1,0,1,0,1,0,1,0,1,0,0,0,1,0,0,1
1,-0.019135231695857704,0.88130606620716,0.26901958388701414,0,0,1,1,1,0,1,1,0,0,0,0,0,0,1,0,0,0,1,0,0,0,0,1,0,0,1
1,0.10314795556441304,1.1374019845716672,0.48927431802970206,1,1,0,0,1,0,1,1,0,0,0,0,0,0,1,0,0,0,1,0,1,0,0,1,0,1,0
0,0.10314795556441304,-1.4751089748480761,-0.6738515584459907,0,1,1,1,1,0,0,0,1,1,0,1,0,1,0,1,0,1,0,1,0,0,1,0,0,0,0
1,-1.2419671042985652,-0.6619212860153233,-0.9712891984239579,1,1,0,0,1,0,0,0,0,0,0,0,0,0,0,0,0,0,0,0,0,0,0,0,0,0,1
0,-0.9974007297780236,0.35747350591612304,-0.7725856786285316,0,0,0,0,1,0,0,1,0,0,0,0,1,0,0,0,0,0,0,0,0,0,0,0,0,1,0
0,-0.4267458558967602,-0.3243403027166551,-0.4560012074802234,0,1,0,0,1,0,0,0,0,0,1,0,0,0,0,0,1,0,0,0,0,0,0,0,0,0,1
0,-0.712073292837392,-0.19629234353440153,-0.5874702325668953,0,0,0,0,1,0,0,0,0,0,1,0,0,0,1,0,1,0,0,0,0,0,0,0,0,1,0
0,-0.4267458558967602,1.0060281043716928,-0.05477803679205615,0,1,0,0,1,0,1,1,0,0,0,0,0,0,0,0,0,0,1,0,1,0,0,1,0,1,0
0,-1.2827281667186554,-0.6702360885596255,-0.9891345744801858,1,1,1,0,1,0,0,0,0,0,0,0,0,0,0,0,0,0,0,0,0,0,0,0,1,0,0
0,1.570546202687662,-1.310475884470893,-0.208857087166285,0,0,1,1,1,0,1,0,1,1,0,1,0,1,0,1,0,1,0,1,0,0,1,0,0,0,0
0,-1.1604449794583847,-0.26946260592426075,-0.9007018024042682,0,1,0,0,1,0,0,0,0,0,1,0,0,0,1,0,0,0,0,0,0,0,0,0,0,1,0
0,-0.3044626686364894,0.5620176485059567,-0.11380674671352162,0,1,0,0,1,0,1,0,0,0,1,0,1,0,1,0,1,0,0,0,1,0,0,0,0,0,0
0,-0.019135231695857704,0.7066952127768144,0.19278519618574924,0,0,1,1,1,0,0,1,0,0,0,0,1,0,0,0,0,0,1,0,0,0,0,1,0,1,0
1,-1.0381617921981139,-1.1657983202000353,-0.911598731664808,0,1,1,0,0,1,0,0,0,0,1,0,0,0,0,0,0,0,0,0,0,0,0,0,0,0,0
0,-0.6305511679972114,-1.4751089748480761,-0.8474744940931711,0,1,0,0,1,0,0,0,1,1,0,1,0,1,0,1,0,1,0,1,0,1,0,1,0,0,1
1,-0.9974007297780236,-0.1314368836888447,-0.7653504705365133,0,1,1,0,1,0,0,0,0,0,1,0,0,0,0,0,0,0,1,0,0,0,0,0,0,0,0
1,0.9591302663863083,0.2793143619996828,0.7797414526507248,0,0,0,0,1,0,1,0,0,0,1,0,0,0,1,0,1,0,0,0,1,0,1,0,0,0,0
1,-0.9974007297780236,1.178975997293178,-0.6416460590120072,1,1,0,0,1,0,0,1,0,0,1,0,0,0,0,0,1,0,1,0,1,0,0,0,1,0,0
0,-1.0381617921981139,-1.516682987569587,-0.9593113996618667,1,1,0,0,1,0,0,0,1,1,0,1,0,1,0,1,0,1,0,1,0,0,0,0,0,1,0
0,-1.201206041878475,-1.463468251286053,-0.9820978934394728,0,1,0,1,1,0,0,0,1,1,0,1,0,1,0,1,0,1,0,1,0,0,0,0,0,0,1
0,1.570546202687662,0.4156771237262383,1.4396894883123112,0,0,0,0,1,0,0,0,0,0,1,0,1,0,1,0,1,0,1,0,0,0,1,0,1,0,0
0,-1.2419671042985652,1.0359613935311807,-0.9317381980916755,1,0,0,0,1,0,1,1,0,0,0,0,0,0,0,0,0,0,1,0,1,0,0,1,0,1,0
0,-1.2827281667186554,0.8546986980653932,-0.9689068738082933,1,0,0,0,1,0,0,1,0,0,0,0,0,0,0,0,0,0,1,0,1,0,0,0,0,1,0
0,0.6738028294456765,0.9644540916501818,1.0792525973867708,0,1,1,0,1,0,1,1,0,0,1,0,1,0,0,0,0,0,1,0,0,0,0,1,0,0,0
0,1.0406523912264887,0.17454784994147518,0.7774253037188288,0,1,0,0,1,0,0,0,0,0,0,0,1,0,1,0,1,0,1,0,0,0,1,0,0,0,0
1,0.46999751734522527,-1.1475057546025704,-0.4089944134433613,1,1,1,0,0,1,0,0,0,0,0,0,1,0,0,0,0,0,0,0,0,0,0,1,0,1,0
0,1.081413453646579,0.36911422947814637,0.9950991861945471,0,0,1,1,1,0,0,0,0,0,0,0,1,0,0,0,1,0,1,0,1,0,1,1,1,0,0
0,1.570546202687662,1.4367348761665455,2.3141129150674726,1,1,0,0,1,0,1,1,0,0,1,0,0,0,1,0,1,0,1,0,1,0,1,1,0,1,0
0,-1.2827281667186554,0.16789600790603382,-0.9780170596070846,1,1,0,0,1,0,0,1,0,0,0,0,0,0,0,0,0,0,0,0,0,0,0,1,0,1,0
0,-0.8751175425177529,0.3458327823541002,-0.6168081190375788,0,0,0,0,1,0,1,1,0,0,0,0,0,0,0,0,0,0,0,0,0,0,0,0,0,1,0
1,1.2036966409068497,1.2937202724045482,1.807295411646101,1,1,1,0,1,0,1,1,0,0,0,0,1,0,1,0,0,0,1,0,1,1,0,1,0,1,0
0,0.10314795556441304,-0.3293291842432363,-0.1635708609074028,0,0,1,1,1,0,0,0,0,0,1,0,0,0,0,0,1,0,0,0,0,1,0,1,0,0,0
0,-0.5082679807369407,-1.5083681850252848,-0.8266512122673626,0,0,0,0,1,0,0,0,1,1,0,1,0,1,0,1,0,1,0,1,0,0,0,1,0,0,0
0,0.30695326766486425,-1.505042264007564,-0.6519694656798868,0,1,1,1,1,0,0,0,1,1,0,1,0,1,0,1,0,1,0,1,0,0,1,0,0,0,1
0,0.26619220524477405,-0.5654695765014182,-0.17662952917104535,0,0,0,0,1,0,0,0,0,0,1,0,0,0,0,0,0,0,0,0,0,1,0,1,0,1,0
0,-1.2827281667186554,0.7233248178654187,-0.9706495001475296,1,1,0,0,1,0,1,1,0,0,0,0,0,0,0,0,0,0,0,0,1,0,0,1,0,1,0
0,1.6113072651077522,-1.3670165417721478,-0.2680181484552874,0,0,1,1,1,0,1,0,1,1,0,1,0,1,0,1,0,1,0,1,0,0,1,0,0,0,0
1,0.021625830724232544,0.5237695568021665,0.1631164312962234,1,0,1,0,1,0,1,1,0,0,0,0,1,0,0,0,0,0,0,0,0,0,0,1,0,0,0
0,-0.8343564800976626,-0.7001693777191135,-0.770203354012867,0,0,0,0,1,0,0,0,0,0,0,0,0,0,0,0,0,0,0,0,0,0,0,0,0,0,0
0,-1.2827281667186554,-1.5000533824809827,-1.000141796547006,0,1,0,0,1,0,0,0,1,1,0,1,0,1,0,1,0,1,0,1,0,0,0,0,0,0,0
0,-0.22294054379630893,-1.5200089085873079,-0.77179157042331,0,1,0,1,1,0,0,0,1,1,0,1,0,1,0,1,0,1,0,1,0,0,0,0,0,0,1
0,0.06238689314432279,-1.505042264007564,-0.7093879006296532,0,1,1,1,1,0,0,0,1,1,0,1,0,1,0,1,0,1,0,1,0,1,0,0,1,0,0
0,0.9591302663863083,0.513791793749004,0.9824375720335149,0,0,1,0,1,0,0,1,0,0,1,0,0,0,1,0,0,0,0,0,0,0,1,0,0,0,0
0,1.0406523912264887,-1.3470610156658227,-0.38069327935171704,0,0,0,0,1,0,1,0,1,1,0,1,0,1,0,1,0,1,0,1,0,0,1,0,1,0,0
0,-0.4267458558967602,-1.3171277265063348,-0.7638284298098388,0,0,1,1,1,0,1,0,1,1,0,1,0,1,0,1,0,1,0,1,0,0,1,0,1,0,0
0,-0.9158786049378431,-1.2888573978557074,-0.9093487584166802,0,0,1,1,1,0,1,0,1,1,0,1,0,1,0,1,0,1,0,1,0,0,1,0,1,0,0
0,-0.7935954176775724,-1.4917385799366805,-0.890422512858901,0,1,0,0,1,0,0,0,1,1,0,1,0,1,0,1,0,1,0,1,0,0,1,0,1,0,0
0,0.10314795556441304,0.6800878446350476,0.2782621210533422,1,0,0,0,1,0,1,1,0,0,0,0,1,0,0,0,1,0,0,0,0,0,0,0,1,0,0
0,0.06238689314432279,0.1712219289237545,0.05705886877663966,1,0,0,0,1,0,0,1,0,0,0,0,0,0,0,0,0,0,0,0,0,0,0,1,1,0,0
1,-1.1604449794583847,0.9794207362299259,-0.8215998017397035,1,0,0,0,1,0,1,1,0,0,0,0,0,0,0,0,0,0,1,0,1,0,0,1,0,1,0
0,1.6113072651077522,-1.4684571328126343,-0.35058334323706813,0,1,1,0,1,0,0,0,1,1,0,1,0,1,0,1,0,1,0,1,0,0,1,0,0,0,0
0,-1.2419671042985652,0.18119969197691702,-0.9504438580368934,0,1,0,0,1,0,0,0,0,0,0,0,0,0,0,0,1,0,1,0,1,0,0,0,0,1,0
0,-1.0381617921981139,1.0143429069159948,-0.7172848655593559,1,0,0,0,1,0,0,1,0,0,0,0,0,0,1,0,0,0,1,0,1,0,0,1,0,1,0
1,-0.22294054379630893,0.35414758489840237,-0.17329868642136625,1,1,1,0,1,0,1,1,0,0,0,0,0,0,0,0,0,0,0,0,0,0,0,1,0,1,0
0,-1.1604449794583847,0.1562552843440105,-0.8831652462056265,0,1,1,1,1,0,0,1,0,0,0,0,0,0,0,0,0,0,0,0,0,0,0,1,0,0,1
0,0.18467008040459354,-1.4967274614632617,-0.6628663949404264,0,0,0,0,1,0,0,0,1,1,0,1,0,1,0,1,0,1,0,1,0,0,1,0,0,0,1
0,-0.46750691831685043,-1.4917385799366805,-0.8245777075092842,0,1,0,0,1,0,0,0,1,1,0,1,0,1,0,1,0,1,0,1,0,0,0,0,0,0,1
1,0.8368470791260375,1.0309725120045992,1.2041702297803651,0,0,1,0,1,0,1,1,0,0,0,0,0,0,0,0,0,0,1,0,1,1,0,1,1,0,0
0,-0.5897901055771212,0.8397320534856492,-0.29735603492597085,1,0,0,0,1,0,1,1,0,0,0,0,0,0,0,0,1,0,0,0,1,0,0,1,0,1,0
0,-1.2419671042985652,0.13629975823768548,-0.9560246740347,1,0,0,0,1,0,0,1,0,0,0,0,0,0,0,0,0,0,0,0,0,0,0,0,0,1,0
0,-0.019135231695857704,1.1540315896602715,0.404944438347429,1,1,1,1,1,0,1,1,0,0,1,0,0,0,0,0,0,0,1,0,1,0,0,1,1,0,0
1,-0.3859847934766699,-1.466794172303774,-0.7947986498134776,0,1,1,0,1,0,0,0,1,1,0,1,0,1,0,1,0,1,0,1,0,1,0,1,0,1,0
0,-1.201206041878475,-0.48897339309383825,-0.9378925366821423,0,1,0,0,1,0,0,0,0,0,1,0,0,0,0,0,0,0,0,0,0,0,0,1,0,0,1
0,1.570546202687662,-0.20627010658756428,0.8199100926981796,0,0,1,1,0,1,0,0,0,0,1,0,1,0,0,0,1,0,1,0,1,0,1,0,0,0,1
0,-0.9566396673579334,1.03263547251346,-0.6438077980151102,0,1,0,0,1,0,0,1,0,0,0,0,0,0,0,0,1,0,1,0,1,0,0,1,0,0,0
0,-1.2827281667186554,-0.5105918797090239,-0.9870169525995951,0,0,0,0,1,0,0,0,0,0,0,0,1,0,0,0,0,0,0,0,0,0,0,0,0,1,0
0,-0.5897901055771212,-0.24618115880021457,-0.5717204198300022,1,1,1,1,1,0,0,0,0,0,0,0,0,0,1,0,0,0,0,0,1,0,0,0,0,1,0
0,-0.8343564800976626,-0.3725661574736078,-0.7016453456287435,1,1,1,1,1,0,0,0,0,0,0,0,0,0,0,0,0,0,0,0,1,1,0,0,1,0,0
0,1.570546202687662,0.5071399517135622,1.4552628325591548,0,1,1,0,1,0,1,0,0,0,1,0,1,0,1,0,1,0,0,0,1,0,1,1,0,0,1
0,1.2852187657470302,-1.3453980551569622,-0.3024515625761422,0,0,0,0,1,0,1,0,1,1,0,1,0,1,0,1,0,1,0,1,0,1,0,1,0,0,0
0,-1.1604449794583847,-0.8248914158836461,-0.9371866627219455,0,1,0,0,0,1,0,0,0,0,0,0,0,0,0,0,1,0,0,0,1,0,0,1,0,1,0
0,-0.3859847934766699,-1.5083681850252848,-0.8014162181903235,0,0,0,0,1,0,0,0,1,1,0,1,0,1,0,1,0,1,0,1,0,0,0,1,0,0,1
0,0.26619220524477405,-0.45904010393435046,-0.09739517713894374,0,0,1,1,1,0,0,0,0,0,1,0,0,0,0,0,0,0,0,0,0,0,0,0,1,0,0
0,-0.1821794813762187,-0.3492847103495616,-0.379546234166397,0,1,1,0,1,0,0,0,0,0,1,0,0,0,0,0,1,0,0,0,0,1,0,0,0,0,1
1,-1.1196839170382944,0.6601323185287225,-0.8356952223823854,0,0,0,0,1,0,0,1,0,0,0,0,1,0,0,0,0,0,1,0,0,0,0,1,0,1,0
1,0.5107585797653155,0.7066952127768144,0.694705699008255,0,0,1,0,1,0,0,1,0,0,0,0,0,0,1,0,0,0,0,0,1,0,0,1,0,1,0
0,0.18467008040459354,0.18286265248577738,0.1174110923734744,0,1,0,0,1,0,0,1,0,0,0,0,0,0,0,0,0,0,0,0,0,0,0,1,0,0,1
1,1.1221745160666692,1.5015903360121026,1.9330292108061733,0,0,1,0,1,0,0,1,0,0,1,0,1,0,1,0,1,0,1,0,1,0,1,1,0,0,0
1,-0.9974007297780236,1.1889537603463405,-0.6473592263773508,1,1,0,0,1,0,1,1,0,0,0,0,0,0,1,0,0,0,1,0,1,0,0,1,0,1,0
0,0.592280704605496,0.9993762623362513,1.0272605685060179,0,0,0,0,1,0,1,1,0,0,1,0,0,0,1,0,0,0,1,0,0,1,0,0,1,0,0
0,-0.2637016062163992,0.6285360688603742,-0.09536578950337771,1,1,1,1,1,0,1,1,0,0,0,0,0,0,0,0,0,0,1,0,0,0,0,1,0,1,0
1,-1.201206041878475,0.7798654751666736,-0.8880843053657488,1,0,1,1,1,0,0,1,0,0,1,0,0,0,0,0,1,0,1,0,0,0,0,1,0,0,1
0,0.7145638918657667,0.16290712637945234,0.5606999393771254,0,0,1,1,1,0,0,1,0,0,0,0,0,0,0,0,0,0,0,0,0,0,0,1,0,0,0
0,-0.22294054379630893,0.22443666520728825,-0.14543872355484505,0,1,1,1,1,0,1,0,0,0,0,0,0,0,0,0,1,0,1,0,1,0,0,0,0,0,0
1,-0.9974007297780236,0.9062504738400666,-0.6868219924646086,1,0,0,0,1,0,0,1,0,0,0,0,0,0,1,0,0,0,1,0,1,0,0,1,0,1,0
0,1.2036966409068497,-1.3703424627898688,-0.38382559505009073,0,0,1,0,1,0,1,0,1,1,0,1,0,1,0,1,0,1,0,1,0,0,1,0,0,0,0
0,1.570546202687662,0.5653435695236774,1.6048198778758724,0,0,1,0,1,0,0,0,0,0,1,0,0,0,1,0,1,0,1,0,1,0,1,0,0,0,0
0,1.3667408905872107,-1.322116608032916,-0.25987853935176686,0,1,0,0,1,0,1,0,1,1,0,1,0,1,0,1,0,1,0,1,0,0,1,0,0,0,1
0,1.4482630154273912,1.6579086238449834,2.454273013289069,0,1,1,1,1,0,1,1,0,0,1,0,1,0,1,0,1,0,1,0,1,0,1,1,0,0,0
0,-0.7935954176775724,-0.5222326032710469,-0.722358334648271,0,0,0,0,0,1,0,0,0,0,0,0,0,0,1,0,0,0,1,0,1,0,0,0,0,1,0
0,0.9591302663863083,0.5337473198553295,1.0017829302551613,0,1,1,0,1,0,0,1,0,0,0,0,0,0,0,0,0,0,0,0,1,1,0,1,0,1,0
0,0.22543114282468377,0.4855214650983768,0.3204160316138507,1,1,1,0,1,0,0,1,0,0,1,0,1,0,0,0,0,0,0,0,0,0,0,1,0,1,0
1,-0.7528343552574821,0.8513727770476726,-0.45028804011487983,1,1,0,0,1,0,0,1,0,0,0,0,0,0,0,0,0,0,1,0,1,0,0,0,1,0,0
0,-0.6713122304173017,-1.5150200270607266,-0.8498788772700917,0,0,0,1,1,0,0,0,1,1,0,1,0,1,0,1,0,1,0,1,0,1,0,1,0,0,0
0,-0.7528343552574821,0.17787377095919635,-0.5471692411519038,0,0,1,1,1,0,0,1,0,0,0,0,0,0,0,0,0,0,0,0,0,0,0,0,0,1,0
0,-0.019135231695857704,0.16290712637945234,0.02697099122324702,1,1,1,1,1,0,0,1,0,0,0,0,0,0,0,0,0,0,0,0,0,0,0,1,0,0,0
0,-0.9974007297780236,-0.3526106313672825,-0.8113205121943362,0,0,0,0,1,0,0,0,0,0,1,0,0,0,0,0,1,0,0,0,0,1,0,0,0,0,0
0,0.429236454925135,1.1457167871159692,0.8484538709636416,0,0,1,1,1,0,1,1,0,0,0,0,0,0,1,0,0,0,1,0,1,0,0,1,0,0,0
0,0.7960860167059473,0.3042587696325893,0.7018526728552487,0,0,0,0,1,0,1,0,0,0,1,0,0,0,1,0,1,0,1,0,0,1,0,0,1,0,0
0,-1.201206041878475,-0.4856474720761173,-0.9416645506569443,0,1,0,0,1,0,0,0,0,0,0,0,0,0,0,0,1,0,0,0,0,0,0,1,0,0,1
0,-0.14141841895612844,-1.4983904219721222,-0.7564167532277714,0,1,0,0,1,0,0,0,1,1,0,1,0,1,0,1,0,1,0,1,0,1,0,1,0,0,1
0,-1.2827281667186554,-1.5033793034987035,-1.0001859136695184,1,0,0,0,1,0,0,0,1,1,0,1,0,1,0,1,0,1,0,1,0,0,0,0,0,0,1
1,-0.8343564800976626,-0.7051582592456948,-0.7763797511645898,1,1,0,0,0,1,0,0,0,0,0,0,0,0,1,0,1,0,0,0,1,0,0,1,0,1,0
0,-0.6713122304173017,-0.9762208221899457,-0.765019592117671,0,0,1,1,0,1,0,0,0,0,0,0,0,0,0,0,0,0,0,0,1,0,0,1,1,0,0
0,0.30695326766486425,0.528758438328748,0.40670912324792124,0,0,0,0,1,0,1,0,0,0,0,0,0,0,1,0,1,0,1,0,1,1,0,1,0,0,1
0,-1.1196839170382944,-0.8431839814811108,-0.9158780925485016,1,0,0,0,0,1,0,0,0,0,0,0,0,0,1,0,0,0,0,0,1,0,0,0,0,1,0
0,0.30695326766486425,1.0725465247261101,0.6265447447267422,1,1,1,0,1,0,1,1,0,0,0,0,0,0,0,0,0,0,1,0,1,0,0,1,0,0,0
0,0.14390901798450328,-1.5067052245164245,-0.7349978902480467,0,0,0,0,1,0,0,0,1,1,0,1,0,1,0,1,0,1,0,1,0,1,0,0,0,0,1
0,-1.1196839170382944,0.5038140306958415,-0.8268717978799242,1,0,0,0,1,0,0,1,0,0,0,0,0,0,0,0,0,0,0,0,1,0,0,1,0,1,0
0,-0.9158786049378431,0.6601323185287225,-0.6417784103795442,1,0,0,0,1,0,0,1,0,0,1,0,0,0,0,0,0,0,1,0,0,0,0,1,0,0,1
0,-1.2419671042985652,0.8214394878881845,-0.9269956074216026,1,1,1,1,1,0,0,1,0,0,0,0,0,0,0,0,0,0,1,0,1,0,0,1,0,0,0
0,-0.3859847934766699,0.8563616585742535,-0.15157100358405554,1,1,0,0,1,0,1,1,0,0,0,0,0,0,0,0,1,0,1,0,0,0,0,1,0,1,0
0,-0.2637016062163992,-1.4900756194278202,-0.7856664054534302,0,1,1,1,1,0,0,0,1,1,0,1,0,1,0,1,0,1,0,1,0,1,0,1,0,0,0
1,1.6113072651077522,1.5814124404374035,2.541183744638312,0,0,1,0,1,0,1,1,0,0,1,0,1,0,1,0,0,0,1,0,1,0,1,1,0,1,0
0,0.06238689314432279,-0.48731043258497764,-0.207996803277295,0,0,1,0,1,0,0,0,0,0,0,0,0,0,0,0,1,0,0,0,0,0,0,0,0,0,0
0,-0.9158786049378431,-0.08653694994961292,-0.7384390258040067,0,1,0,0,1,0,0,0,0,0,1,0,0,0,0,0,1,0,1,0,0,0,0,0,0,0,0
0,-0.7528343552574821,-0.3043847766103298,-0.658057628586585,0,0,0,0,1,0,0,0,0,0,1,0,0,0,0,0,1,0,0,0,0,1,0,0,0,0,1
0,-0.3859847934766699,0.8380690929767889,-0.051601603971169994,1,0,0,0,1,0,1,1,0,0,1,0,0,0,0,0,0,0,1,0,0,0,0,1,0,0,0
0,0.592280704605496,-1.5033793034987035,-0.5795512090759365,0,1,1,0,1,0,0,0,1,1,0,1,0,1,0,1,0,1,0,1,0,0,1,0,0,0,1
0,-0.34522373105657966,0.811461724835022,-0.033778286476198516,0,1,1,0,1,0,0,1,0,0,1,0,0,0,0,0,1,0,0,0,1,0,0,1,0,1,0
0,0.6738028294456765,1.1374019845716672,1.1324799056978678,1,1,1,0,1,0,1,1,0,0,0,0,1,0,0,0,0,0,1,0,1,0,0,1,0,0,0
1,-0.5082679807369407,-0.3609254339115847,-0.543022231635747,0,1,0,0,1,0,0,0,0,0,1,0,0,0,0,0,1,0,0,0,0,1,0,0,0,0,1
0,-1.2419671042985652,0.16290712637945234,-0.9450836276516481,1,0,0,0,1,0,0,1,0,0,0,0,0,0,0,0,0,0,0,0,0,0,0,0,0,0,0
0,-1.2419671042985652,-0.5255585242887678,-0.9686642296344757,1,0,0,0,1,0,0,0,0,0,0,0,1,0,0,0,0,0,0,0,0,0,0,1,1,0,0
0,-0.4267458558967602,-0.26946260592426075,-0.43319265514136124,0,1,0,0,0,1,0,0,0,0,0,0,0,0,1,0,1,0,1,0,1,0,1,0,0,0,0
0,-1.0381617921981139,1.1041427743944585,-0.6942998447304445,1,1,0,0,1,0,1,1,0,0,0,0,0,0,1,0,0,0,1,0,1,0,0,1,0,0,0
0,-1.2827281667186554,-1.4551534487417508,-0.99954621539309,0,1,0,0,1,0,0,0,1,1,0,1,0,1,0,1,0,1,0,1,0,0,0,0,0,0,1
0,1.081413453646579,1.0575798801463665,1.453233444923589,0,0,1,1,1,0,1,1,0,0,0,0,1,0,0,0,1,0,0,0,1,0,0,1,0,0,0
0,1.0406523912264887,-1.3420721341392414,-0.3480245501313543,0,0,1,1,1,0,1,0,1,1,0,1,0,1,0,1,0,1,0,1,0,1,0,1,1,0,0
0,0.3477143300849545,1.6512567818095416,0.9885257349402132,1,0,0,0,1,0,1,1,0,0,1,0,1,0,1,0,1,0,1,0,1,0,0,1,0,0,0
1,1.081413453646579,0.4772066625540746,1.0162754050004539,0,0,0,0,1,0,1,1,0,0,0,0,1,0,0,0,0,0,0,0,0,0,1,1,1,0,0
0,-1.201206041878475,0.1562552843440105,-0.9205324489735499,0,0,1,1,1,0,0,1,0,0,0,0,0,0,0,0,0,0,0,0,0,0,0,1,0,1,0
0,-0.019135231695857704,-1.4900756194278202,-0.737777268966322,0,1,0,0,1,0,0,0,1,1,0,1,0,1,0,1,0,1,0,1,0,0,1,1,0,0,0
1,0.5515196421854057,1.1307501425362254,1.0050475973210717,0,1,1,0,1,0,1,1,0,0,0,0,0,0,1,0,0,0,1,0,1,0,0,1,0,1,0
0,-1.3234892291387457,-1.3004981214177305,-1.0088549282431865,0,1,1,1,1,0,1,0,1,1,0,1,0,1,0,1,0,1,0,1,0,0,1,0,0,0,1
0,-1.2419671042985652,0.5354102803641899,-0.9333484730633748,1,1,0,0,1,0,0,1,0,0,0,0,0,0,0,0,0,0,0,0,1,0,0,1,0,1,0
0,0.7960860167059473,-1.505042264007564,-0.5622131799286001,0,0,1,1,1,0,0,0,1,1,0,1,0,1,0,1,0,1,0,1,0,1,0,0,1,0,0
1,-0.7935954176775724,0.3142365326857518,-0.5939995666987167,1,0,0,0,1,0,0,1,0,0,0,0,0,0,1,0,0,0,0,0,0,0,0,1,0,1,0
1,-0.8751175425177529,0.8264283694147659,-0.5466398356817561,1,0,0,0,1,0,0,1,0,0,0,0,0,0,0,0,0,0,1,0,1,0,0,0,0,0,0
0,-0.019135231695857704,0.7582469885514882,0.2116011489372478,0,1,0,0,1,0,1,1,0,0,1,0,0,0,0,0,1,0,0,0,0,0,0,0,0,0,0
1,-0.6305511679972114,1.1839648788197594,-0.29307667404227716,1,1,1,0,1,0,1,1,0,0,0,0,0,0,1,0,0,0,1,0,1,0,0,1,1,0,0
0,-0.6713122304173017,0.3292031772654958,-0.5106182051504583,0,0,0,0,1,0,1,1,0,0,0,0,0,0,0,0,0,0,0,0,0,0,0,1,1,0,0
0,0.755324954285857,1.4167793500602204,1.4973946845584072,0,0,0,0,1,0,1,1,0,0,1,0,1,0,1,0,0,0,1,0,1,1,0,0,0,0,0
0,-0.14141841895612844,0.34915870337182087,-0.01891081618955126,0,1,0,0,1,0,0,0,0,0,0,0,0,0,1,0,1,0,1,0,1,1,0,1,0,0,0
0,1.5297851402675717,0.003262917528850668,0.9866728157946965,0,1,1,0,1,0,0,0,0,0,1,0,1,0,1,0,1,0,0,0,0,0,1,0,1,0,0
0,1.570546202687662,1.1839648788197594,2.149798692270389,0,0,1,1,1,0,1,1,0,0,1,0,0,0,1,0,1,0,0,0,1,0,1,0,0,1,0
0,0.3477143300849545,0.12133311365794146,0.24404929254504876,0,1,1,1,1,0,1,0,0,0,0,0,1,0,1,0,0,0,1,0,0,1,0,0,0,0,0
0,-1.2827281667186554,0.5221065962933062,-0.9733185860595239,0,1,0,0,1,0,0,1,0,0,0,0,0,0,0,0,0,0,1,0,0,0,0,1,0,1,0
0,-1.0381617921981139,0.5453880434173524,-0.7529315005492992,0,0,1,0,1,0,0,0,0,0,1,0,0,0,1,0,1,0,1,0,1,0,0,0,0,0,0
0,-0.3044626686364894,0.8497098165388122,-0.04771929719008718,1,1,1,1,1,0,0,1,0,0,0,0,0,0,0,0,0,0,1,0,1,1,0,1,0,1,0
0,1.407501953007301,0.8214394878881845,1.6551795732236698,0,1,1,1,1,0,1,1,0,0,1,0,1,0,0,0,1,0,0,0,0,1,0,0,0,1,0
0,-1.1196839170382944,-0.3043847766103298,-0.8944151124462646,0,1,1,1,1,0,1,0,0,0,0,0,0,0,0,0,1,0,0,0,0,0,0,1,0,0,1
0,-0.712073292837392,-1.3320943710860789,-0.8658492756195465,0,1,0,1,1,0,1,0,1,1,0,1,0,1,0,1,0,1,0,1,0,0,0,1,0,1,0
0,-0.5082679807369407,-1.4917385799366805,-0.8245997660705403,0,0,1,1,1,0,0,0,1,1,0,1,0,1,0,1,0,1,0,1,0,0,0,0,0,1,0
0,-1.201206041878475,-0.28941813203058603,-0.9346719867387439,1,1,1,1,1,0,0,0,0,0,0,0,1,0,1,0,0,0,0,0,0,0,0,1,0,0,1
0,0.8776081415461278,1.3419461271615007,1.4784022633168596,0,1,1,1,1,0,1,1,0,0,0,0,1,0,0,0,1,0,1,0,1,1,0,1,0,1,0
0,0.38847539250504476,-1.5067052245164245,-0.6385358018748896,0,1,0,0,1,0,0,0,1,1,0,1,0,1,0,1,0,1,0,1,0,1,0,1,0,0,1
0,-0.9566396673579334,0.49549922815153935,-0.6695501390010408,0,0,1,0,1,0,0,1,0,0,0,0,0,0,0,0,0,0,0,0,1,0,0,1,0,1,0
0,1.24445770332694,1.0841872482881334,1.74978874245131,0,0,0,0,1,0,1,1,0,0,0,0,1,0,0,0,0,0,1,0,1,0,1,0,0,0,0
0,1.4890240778474815,-1.3503869366835435,-0.284540010836146,0,0,1,0,1,0,1,0,1,1,0,1,0,1,0,1,0,1,0,1,0,0,1,0,0,0,0
0,1.4890240778474815,-1.3387462131215204,-0.26854755392543506,0,0,0,0,1,0,1,0,1,1,0,1,0,1,0,1,0,1,0,1,0,0,1,0,1,0,0
0,0.30695326766486425,-0.48897339309383825,-0.1007039613273667,0,1,1,0,1,0,0,0,0,0,0,0,1,0,0,0,0,0,0,0,0,0,0,1,0,0,1
0,1.1221745160666692,-0.83985806046339,0.06076470706767341,0,1,0,0,0,1,0,0,0,0,1,0,1,0,1,0,0,0,0,0,0,0,1,0,0,0,0
0,-1.1604449794583847,0.982746657247647,-0.8380334298755375,1,0,0,0,1,0,0,1,0,0,1,0,0,0,1,0,1,0,0,0,1,0,0,1,0,0,0
1,1.570546202687662,0.831417250941347,1.767634118507538,0,0,0,0,1,0,1,0,0,0,1,0,1,0,1,0,1,0,1,0,1,0,1,0,0,0,1
0,0.18467008040459354,0.46889186000977245,0.24391694117751198,1,0,1,0,1,0,1,1,0,0,0,0,0,0,1,0,0,0,0,0,0,0,0,1,1,0,0
0,-0.019135231695857704,1.1307501425362254,0.3790256288714492,0,1,1,0,1,0,1,1,0,0,0,0,1,0,0,0,0,0,1,0,1,0,0,1,1,0,0
0,0.26619220524477405,-0.36591431543816594,-0.03796941311486759,0,1,0,0,1,0,1,0,0,0,0,0,0,0,0,0,1,0,0,0,0,0,1,1,1,0,0
0,0.22543114282468377,-1.3503869366835435,-0.60544795999066,0,0,0,0,1,0,1,0,1,1,0,1,0,1,0,1,0,1,0,1,0,1,0,1,0,1,0
0,0.7960860167059473,0.8181135668704638,1.0107166475639031,0,1,0,0,1,0,1,1,0,0,0,0,0,0,1,0,0,0,0,0,1,0,1,1,1,0,0
0,0.6330417670255862,1.3436090876703612,1.1958982693093079,0,0,1,1,1,0,1,1,0,0,1,0,1,0,0,0,0,0,1,0,1,0,0,1,1,0,0
0,1.5297851402675717,-0.17799977793693683,0.8197115656468743,0,1,1,1,0,1,0,0,0,0,1,0,0,0,1,0,1,0,1,0,1,0,1,0,0,0,0
0,-0.5082679807369407,0.18951449452121918,-0.3499436449606397,0,1,0,0,1,0,0,1,0,0,0,0,0,0,0,0,0,0,0,0,0,0,0,0,1,0,0
0,0.7145638918657667,0.5869620561388632,0.8348437386685953,0,0,0,0,1,0,1,0,0,0,1,0,0,0,1,0,1,0,1,0,1,1,0,1,1,0,0
0,-0.5490290431570309,-0.6652472070330443,-0.6146463800344759,1,0,0,0,0,1,0,0,0,0,0,0,0,0,0,0,0,0,1,0,1,1,0,1,1,0,0
0,-0.3044626686364894,-0.10815543656479852,-0.2981280845699362,0,1,1,1,1,0,0,0,0,0,1,0,1,0,1,0,0,0,0,0,0,1,0,1,0,0,0
0,-0.8343564800976626,-0.5255585242887678,-0.7472183331839556,0,1,0,0,1,0,0,0,0,0,0,0,1,0,0,0,0,0,0,0,0,0,0,1,0,0,0
1,0.26619220524477405,1.3569127717412448,0.8814755371641028,1,1,1,0,1,0,1,1,0,0,0,0,1,0,1,0,0,0,1,0,1,0,0,1,0,1,0
0,-1.0381617921981139,0.32587725624777514,-0.7686151376024241,1,1,0,0,1,0,0,1,0,0,0,0,0,0,1,0,0,0,0,0,0,0,0,0,0,0,1
0,-0.3859847934766699,0.04649989075922188,-0.3321865031494365,0,0,1,1,1,0,0,0,0,0,1,0,1,0,1,0,1,0,0,0,0,1,0,1,0,0,1
0,-0.22294054379630893,-1.5116941060430058,-0.7751224131729891,0,1,0,0,1,0,0,0,1,1,0,1,0,1,0,1,0,1,0,1,0,0,0,1,0,1,0
1,0.592280704605496,0.7050322522679541,0.6965365595925157,0,1,0,0,1,0,1,1,0,0,0,0,0,0,0,0,0,0,1,0,0,0,0,1,1,0,0
0,-0.2637016062163992,-1.5200089085873079,-0.7813208688859681,0,1,1,1,1,0,0,0,1,1,0,1,0,1,0,1,0,1,0,1,0,0,1,1,1,0,0
0,-0.7528343552574821,-0.005051885015451507,-0.5937128054023867,1,0,1,0,1,0,1,0,0,0,1,0,0,0,0,0,0,0,1,0,0,0,0,1,0,0,0
1,-0.8751175425177529,1.3036980354577106,-0.508721168882429,1,0,1,0,1,0,1,1,0,0,0,0,0,0,1,0,1,0,1,0,1,0,0,1,0,0,0
0,-1.2419671042985652,-1.516682987569587,-0.9875242995084866,0,1,0,1,1,0,0,0,1,1,0,1,0,1,0,1,0,1,0,1,0,0,0,0,0,0,1
0,-0.2637016062163992,0.5686694905413986,-0.09560843367719528,0,0,1,1,1,0,0,1,0,0,1,0,1,0,0,0,0,0,0,0,0,0,0,0,0,1,0
1,1.6113072651077522,1.656245663336123,2.667844003371143,0,0,1,0,1,0,1,1,0,0,1,0,1,0,1,0,1,0,1,0,1,0,1,1,0,0,0
0,1.24445770332694,-1.4917385799366805,-0.47536862426312576,0,0,1,1,1,0,0,0,1,1,0,1,0,1,0,1,0,1,0,1,0,0,1,0,1,0,0
0,1.570546202687662,-1.4983904219721222,-0.39286960516511343,0,1,1,1,1,0,0,0,1,1,0,1,0,1,0,1,0,1,0,1,0,0,1,0,0,0,1
0,-0.8751175425177529,0.009914759564292502,-0.6897337225504209,0,1,1,1,1,0,1,0,0,0,1,0,0,0,0,0,0,0,1,0,0,0,0,1,0,0,0
1,-0.7528343552574821,-1.5033793034987035,-0.9079811276187987,0,1,1,0,1,0,0,0,1,1,0,1,0,1,0,1,0,1,0,1,0,1,0,0,0,0,1
0,-0.7935954176775724,0.8014839617818594,-0.49632425745647113,0,0,0,1,1,0,1,0,0,0,1,0,1,0,1,0,1,0,1,0,1,0,1,0,1,0,0
0,-1.0789228546182041,-1.4850867379012387,-0.9654657382523336,0,1,0,1,1,0,0,0,1,1,0,1,0,1,0,1,0,1,0,1,0,0,0,1,0,0,1
1,-0.8751175425177529,0.34416982184523986,-0.6668148774052778,0,1,1,1,1,0,1,1,0,0,0,0,0,0,0,0,0,0,0,0,0,0,0,1,1,0,0
0,-0.5897901055771212,-0.2677996454154004,-0.5347502711646897,0,1,1,0,1,0,1,0,0,0,0,0,1,0,0,0,0,0,0,0,0,0,0,0,1,0,0
0,-1.2827281667186554,-0.9745578616810853,-0.9931712911900616,1,1,0,0,0,1,0,0,0,0,0,0,0,0,0,0,0,0,0,0,1,0,0,1,0,1,0
0,-0.019135231695857704,0.35414758489840237,0.016735818800391898,0,0,1,0,1,0,0,1,0,0,1,0,0,0,0,0,0,0,0,0,0,0,0,1,0,0,0
0,-0.14141841895612844,-0.9728949011722248,-0.535654672176192,0,1,0,0,0,1,0,0,0,0,1,0,0,0,0,0,1,0,0,0,0,1,0,0,0,0,1
0,-1.201206041878475,-0.15305537030403032,-0.9336352343597047,0,0,0,0,1,0,1,0,0,0,0,0,0,0,0,0,0,0,1,0,0,0,0,1,0,1,0
0,-1.2419671042985652,1.0076910648805535,-0.9219883140164559,1,0,0,0,1,0,1,1,0,0,0,0,0,0,0,0,0,0,1,0,1,0,0,1,0,1,0
0,-0.7935954176775724,1.0575798801463665,-0.4958389691088358,1,1,1,1,1,0,0,1,0,0,0,0,0,0,1,0,0,0,1,0,1,0,0,1,0,0,1
0,0.3477143300849545,-0.8149136528304834,-0.2686357881704597,0,0,0,0,0,1,0,0,0,0,0,0,1,0,0,0,0,0,0,0,1,0,0,1,0,1,0
0,-1.2827281667186554,-1.5299866716404704,-1.000538850649617,0,0,0,0,1,0,0,0,1,1,0,1,0,1,0,1,0,1,0,1,0,0,0,0,0,1,0
0,-1.0381617921981139,-0.33265510526095726,-0.845445106457605,0,1,0,0,1,0,0,0,0,0,0,0,0,0,0,0,0,0,1,0,0,0,0,0,0,0,1
0,0.7960860167059473,-0.018355569086335177,0.4958036521615232,0,0,1,0,1,0,0,0,0,0,1,0,0,0,1,0,0,0,1,0,0,1,0,1,0,0,1
0,0.5107585797653155,-1.3370832526126601,-0.5064491370730454,0,0,1,1,1,0,1,0,1,1,0,1,0,1,0,1,0,1,0,1,0,0,1,1,0,0,0
0,1.5297851402675717,0.3741031110047274,1.3135806936108843,0,1,1,0,1,0,1,0,0,0,0,0,1,0,1,0,1,0,1,0,0,0,1,0,1,0,0
0,0.8368470791260375,-1.5349755531670517,-0.5651690271369246,0,0,0,0,1,0,0,0,1,1,0,1,0,1,0,1,0,1,0,1,0,0,1,0,0,0,1
1,1.2036966409068497,1.1008168533767377,1.6101801082611178,0,0,1,0,1,0,1,1,0,0,0,0,1,0,1,0,0,0,1,0,0,1,0,1,1,0,0
0,1.1221745160666692,0.972768894194484,1.4069545834081798,0,0,1,0,1,0,1,1,0,0,1,0,1,0,0,0,0,0,0,0,1,0,0,1,1,0,0
1,-1.201206041878475,0.5171177147667252,-0.9100105152543647,1,0,1,0,1,0,0,1,0,0,0,0,0,0,0,0,0,0,1,0,0,0,0,1,0,1,0
1,-0.3859847934766699,1.0060281043716928,0.017331399954308192,0,0,1,0,1,0,0,1,0,0,1,0,0,0,0,0,0,0,1,0,1,0,0,1,0,1,0
0,-1.2827281667186554,-1.1142465444253618,-0.9950242103355786,1,1,0,1,0,1,0,0,0,0,0,0,1,0,0,0,0,0,0,0,0,0,0,1,0,0,1
0,1.407501953007301,0.24938107284019476,1.1932512419585695,0,0,0,0,1,0,0,0,0,0,1,0,0,0,1,0,1,0,0,0,1,1,0,1,0,0,0
0,-0.8343564800976626,0.8280913299236263,-0.5445663309236777,1,0,0,0,1,0,1,1,0,0,0,0,1,0,0,0,0,0,1,0,0,0,0,1,0,0,0
1,1.570546202687662,0.5936138981743051,1.563702719694403,0,0,1,0,1,0,1,0,0,0,1,0,1,0,1,0,1,0,0,0,1,0,1,1,0,0,0
0,-0.3044626686364894,-1.4950645009544015,-0.7835046664503273,0,1,0,0,1,0,0,0,1,1,0,1,0,1,0,1,0,1,0,1,0,1,0,0,1,0,0
0,-1.1196839170382944,-0.36757727594702655,-0.8835843588694935,0,0,0,0,1,0,1,0,0,0,1,0,0,0,0,0,0,0,0,0,0,0,0,1,0,1,0
0,-0.2637016062163992,-0.4424104988457461,-0.43736172321877403,0,1,0,0,1,0,1,0,0,0,0,0,0,0,0,0,0,0,0,0,0,1,0,1,1,0,0
0,-1.2827281667186554,-1.5033793034987035,-1.0001859136695184,0,1,1,1,1,0,0,0,1,1,0,1,0,1,0,1,0,1,0,1,0,1,0,0,0,0,1
1,1.5297851402675717,-0.6918545751748113,0.31979839189867837,0,1,0,0,0,1,0,0,0,0,0,0,1,0,1,0,0,0,1,0,0,1,0,1,1,0,0
0,1.6113072651077522,1.6346271767209373,2.5616099723615093,0,1,1,1,1,0,1,1,0,0,1,0,1,0,1,0,1,0,1,0,1,0,1,1,0,1,0
0,1.1221745160666692,0.982746657247647,1.466225937503463,1,1,1,0,1,0,0,1,0,0,0,0,1,0,0,0,0,0,1,0,1,1,0,1,0,1,0
1,-0.019135231695857704,1.1823019183108991,0.4106796642740288,0,0,1,1,1,0,1,1,0,0,0,0,1,0,0,0,0,0,1,0,1,0,0,1,0,1,0
0,-1.2827281667186554,-1.4967274614632617,-1.0000976794244938,1,1,0,0,1,0,0,0,1,1,0,1,0,1,0,1,0,1,0,1,0,0,0,1,0,1,0
0,-0.7528343552574821,-0.3526106313672825,-0.6677413369780362,0,0,0,0,1,0,1,0,0,0,0,0,1,0,0,0,0,0,0,0,0,1,0,1,0,0,1
0,-0.7935954176775724,0.5038140306958415,-0.5547353276627643,0,0,0,0,1,0,1,1,0,0,1,0,0,0,0,0,0,0,0,0,0,0,0,1,1,0,0
0,-1.0789228546182041,1.4982644149943818,-0.7135128515845537,1,0,0,0,1,0,1,1,0,0,0,0,1,0,1,0,1,0,1,0,1,0,0,1,1,0,0
0,0.5515196421854057,0.4772066625540746,0.576626220604068,0,0,0,0,1,0,1,0,0,0,1,0,0,0,1,0,0,0,1,0,1,0,1,0,0,0,1
0,-0.712073292837392,1.213898167979247,-0.3232969029632068,1,1,0,0,1,0,0,1,0,0,0,0,0,0,1,0,1,0,1,0,1,0,0,1,0,1,0
1,0.429236454925135,0.9794207362299259,0.7351611003520397,0,1,1,0,1,0,1,1,0,0,0,0,1,0,0,0,1,0,1,0,0,0,0,1,0,1,0
0,0.26619220524477405,-0.5006141166558613,-0.139240267841866,0,1,0,0,1,0,0,0,0,0,0,0,0,0,0,0,1,0,0,0,0,0,1,1,0,0,0
1,-0.46750691831685043,-0.15970721233947216,-0.4635011183073154,1,1,0,0,1,0,0,0,0,0,0,0,0,0,1,0,0,0,1,0,0,0,0,1,0,0,0
0,0.9998913288063985,-0.3692402364558869,0.4011283072501145,0,1,0,0,0,1,0,0,0,0,1,0,0,0,1,0,0,0,1,0,1,0,0,1,0,1,0
0,0.8368470791260375,0.9511504075792986,1.1406195148013882,0,0,1,0,1,0,0,1,0,0,0,0,0,0,0,0,1,0,1,0,1,1,0,1,0,1,0
0,-0.5897901055771212,0.7665617910957905,-0.3468775049460344,0,1,1,1,1,0,0,1,0,0,1,0,0,0,1,0,0,0,1,0,0,0,0,1,0,0,1
0,-1.2827281667186554,-0.15638129132175124,-0.9823184790520344,1,0,0,0,1,0,1,0,0,0,0,0,0,0,0,0,0,0,0,0,1,0,0,1,0,1,0
0,1.0406523912264887,-0.12644800216226346,0.5258694711536598,0,0,1,0,1,0,1,0,0,0,1,0,0,0,0,0,1,0,0,0,0,1,0,1,0,0,0
1,1.570546202687662,1.3036980354577106,2.2617900077678783,0,0,0,0,1,0,1,1,0,0,0,0,0,0,1,0,0,0,1,0,1,0,1,0,0,0,0
0,0.10314795556441304,1.144053826607109,0.5493618388914628,0,0,0,0,1,0,0,1,0,0,0,0,0,0,1,0,1,0,1,0,1,1,0,1,0,1,0
0,-1.201206041878475,0.6933915287059312,-0.8955842161928408,0,1,0,0,1,0,0,1,0,0,0,0,0,0,1,0,0,0,0,0,1,0,0,0,1,0,0
0,0.22543114282468377,1.3303054035994775,0.70608791661643,0,1,0,0,1,0,1,1,0,0,1,0,1,0,0,0,0,0,1,0,1,1,0,1,0,1,0
0,0.10314795556441304,0.1429516002731273,0.08972759799700236,0,1,1,1,1,0,1,0,0,0,1,0,1,0,1,0,1,0,0,0,0,0,1,1,1,0,0
0,-1.0381617921981139,0.8513727770476726,-0.7470418646939063,1,1,0,0,1,0,1,1,0,0,0,0,0,0,1,0,0,0,1,0,0,0,0,1,0,1,0
0,0.592280704605496,0.3192254142123333,0.5397884233062925,0,0,0,0,1,0,0,0,0,0,0,0,0,0,1,0,1,0,1,0,1,0,1,0,0,0,1
0,-0.7528343552574821,-0.47899563004067547,-0.67116041397274,0,0,0,0,1,0,0,0,0,0,0,0,1,0,0,0,0,0,0,0,0,0,0,0,0,1,0
1,-0.5082679807369407,-0.1613701728483325,-0.45326594588446045,0,0,1,0,1,0,0,0,0,0,0,0,1,0,0,0,0,0,0,0,1,0,0,1,0,1,0
0,1.3667408905872107,0.6784248841261872,1.4345057264171153,0,1,1,0,1,0,1,0,0,0,1,0,1,0,0,0,1,0,1,0,1,0,1,0,0,1,0
0,-0.712073292837392,-1.510031145534145,-0.8584817161599915,0,1,1,0,1,0,0,0,1,1,0,1,0,1,0,1,0,1,0,1,0,0,0,1,1,0,0
0,0.38847539250504476,-1.466794172303774,-0.6363078871880181,0,0,0,0,1,0,0,0,1,1,0,1,0,1,0,1,0,1,0,1,0,0,1,1,0,0,0
0,-0.6305511679972114,0.4672288995009121,-0.41373700411343417,0,0,1,0,1,0,1,1,0,0,1,0,0,0,0,0,0,0,0,0,0,0,0,0,0,1,0
0,0.18467008040459354,1.3186646800374546,0.6578899602717356,0,1,0,0,1,0,1,1,0,0,0,0,1,0,0,0,1,0,1,0,1,1,0,1,1,0,0
0,-0.8343564800976626,-0.5139178007267448,-0.7390125483966666,0,0,0,0,1,0,0,0,0,0,0,0,1,0,0,0,0,0,0,0,0,0,0,1,0,1,0
0,0.8368470791260375,0.9777577757210655,1.1387445370946152,1,1,1,0,1,0,0,1,0,0,0,0,1,0,0,0,0,0,1,0,1,1,0,1,0,0,0
0,1.1221745160666692,-1.325442529050637,-0.34487017587172447,0,0,0,0,1,0,1,0,1,1,0,1,0,1,0,1,0,1,0,1,0,0,1,0,0,0,1
0,-0.5897901055771212,-1.3071499634531722,-0.8024529705693627,0,1,1,1,0,1,0,0,0,0,0,0,0,0,0,0,0,0,0,0,0,0,0,0,1,0,0
0,-1.2827281667186554,0.3341920587920773,-0.9758112034814693,1,1,0,0,1,0,1,1,0,0,0,0,0,0,0,0,0,0,0,0,0,0,0,1,0,1,0
0,-1.201206041878475,0.17621081045033601,-0.9231794763242883,0,0,0,0,1,0,0,1,0,0,0,0,0,0,0,0,0,0,0,0,0,0,0,1,0,1,0
0,-0.9566396673579334,0.15126640281742948,-0.7567476316466136,0,0,0,1,1,0,0,0,0,0,0,0,0,0,0,0,1,0,1,0,1,0,0,1,1,0,0
0,-1.2827281667186554,0.5121288332401437,-0.9734509374270609,1,0,0,0,1,0,0,1,0,0,0,0,0,0,0,0,0,0,1,0,0,0,0,1,0,1,0
0,0.9591302663863083,0.9411726445261361,1.3090366299921166,0,1,1,0,1,0,1,1,0,0,1,0,1,0,1,0,0,0,0,0,0,1,0,1,0,1,0
0,-0.6305511679972114,0.1379627187465458,-0.5016624292804601,1,1,1,1,1,0,0,1,0,0,0,0,0,0,0,0,0,0,0,0,0,0,0,1,0,1,0
0,-0.8751175425177529,0.04982581177694256,-0.6820352846720235,1,0,1,1,1,0,1,0,0,0,0,0,0,0,0,0,1,0,0,0,1,0,0,1,0,1,0
0,-1.0381617921981139,0.1562552843440105,-0.778850310025279,0,1,0,0,1,0,0,1,0,0,0,0,0,0,0,0,0,0,0,0,0,0,0,1,0,1,0
0,1.4890240778474815,-1.4850867379012387,-0.3856343970730952,0,0,1,1,1,0,0,0,1,1,0,1,0,1,0,1,0,1,0,1,0,0,1,0,0,0,0
0,-0.5490290431570309,0.7033692917590937,-0.3327820843033526,1,1,0,0,1,0,1,1,0,0,0,0,0,0,0,0,0,0,0,0,1,0,0,1,0,0,0
0,-1.201206041878475,0.513791793749004,-0.8985400634011653,1,0,1,1,1,0,0,1,0,0,0,0,0,0,0,0,0,0,0,0,1,0,0,1,0,1,0
0,0.8776081415461278,-1.4784348958657971,-0.5277135901239769,0,1,1,1,1,0,0,0,1,1,0,1,0,1,0,1,0,1,0,1,0,0,1,0,1,0,0
0,1.2036966409068497,-1.3670165417721478,-0.3705683997351428,0,1,1,0,1,0,1,0,1,1,0,1,0,1,0,1,0,1,0,1,0,1,0,1,1,0,0
0,-0.34522373105657966,0.8546986980653932,-0.0018595483385449366,1,1,0,0,1,0,1,1,0,0,0,0,1,0,0,0,0,0,1,0,0,0,0,1,1,0,0
0,1.2036966409068497,0.18618857350349852,0.8883798668372784,0,0,1,1,1,0,1,0,0,0,0,0,0,0,0,0,0,0,1,0,1,0,0,1,1,0,0
0,-0.6305511679972114,0.029870285670617534,-0.5186254628864418,0,1,0,0,1,0,1,0,0,0,1,0,0,0,0,0,0,0,0,0,1,0,0,0,0,0,0
0,-0.9566396673579334,-1.3387462131215204,-0.9249882783472928,0,1,0,0,0,1,0,0,0,0,0,0,0,0,0,0,0,0,0,0,0,0,0,1,0,0,1
0,1.2852187657470302,0.14627752129084798,0.9533643882979054,0,1,1,1,1,0,0,0,0,0,1,0,0,0,1,0,1,0,1,0,0,0,1,0,0,0,1
0,-1.2419671042985652,0.36745126896928604,-0.9456130331217959,1,0,0,0,1,0,1,1,0,0,0,0,0,0,0,0,0,0,0,0,0,0,0,1,0,1,0
0,-1.2827281667186554,-0.6319879968558355,-0.9886272275712943,1,1,1,1,1,0,0,0,0,0,0,0,0,0,0,0,0,0,0,0,0,0,0,1,0,0,1
0,-0.6713122304173017,-0.4956252351292798,-0.651418001648483,1,0,1,0,0,1,0,0,0,0,0,0,0,0,0,0,1,0,1,0,1,0,0,1,0,1,0
0,1.6113072651077522,-1.3370832526126601,-0.20148952770672987,0,0,1,0,1,0,1,0,1,1,0,1,0,1,0,1,0,1,0,1,0,0,1,0,0,0,0
0,-0.1006573565360382,0.8497098165388122,0.23553468790017382,0,1,0,0,1,0,1,1,0,0,1,0,1,0,1,0,0,0,0,0,0,1,0,0,0,0,0
0,0.6738028294456765,1.1972685628906428,1.1296564098570805,0,0,1,0,1,0,1,1,0,0,1,0,0,0,0,0,0,0,1,0,1,0,0,1,0,0,1
0,1.1629355784867594,0.34915870337182087,1.0775761467313032,0,1,1,0,1,0,1,0,0,0,1,0,0,0,1,0,1,0,0,0,1,0,1,0,1,0,0
0,0.592280704605496,0.7432803439717443,0.7635284101274524,0,1,1,1,1,0,1,1,0,0,0,0,1,0,0,0,0,0,1,0,0,0,0,0,0,1,0
0,-0.5082679807369407,-0.015029648068614022,-0.39183285278607427,0,1,0,0,1,0,0,0,0,0,1,0,0,0,1,0,0,0,0,0,1,0,0,0,1,0,0
0,0.06238689314432279,0.4472733733945866,0.12244044433987733,1,1,1,1,1,0,0,1,0,0,0,0,0,0,0,0,0,0,1,0,0,0,0,0,0,1,0
0,1.5297851402675717,-1.3354202921037994,-0.265084359808219,0,0,1,1,1,0,1,0,1,1,0,1,0,1,0,1,0,1,0,1,0,0,1,0,0,0,0
0,0.8776081415461278,1.3635646137766861,1.5616953906200932,0,1,0,1,1,0,0,1,0,0,1,0,1,0,0,0,1,0,1,0,1,1,0,1,0,1,0
1,1.1629355784867594,1.1124575769387606,1.6675323675271156,0,1,1,0,1,0,1,1,0,0,0,0,1,0,1,0,1,0,1,0,0,1,0,1,0,0,1
0,-1.201206041878475,0.40237343965535505,-0.9080914204250795,1,1,0,0,1,0,1,1,0,0,0,0,0,0,0,0,0,0,0,0,0,0,0,1,0,1,0
0,-0.7935954176775724,-1.510031145534145,-0.8896504632149356,0,1,0,0,1,0,0,0,1,1,0,1,0,1,0,1,0,1,0,1,0,1,0,0,0,0,1
1,-0.6713122304173017,1.0409502750577622,-0.3342158907850025,1,0,0,0,1,0,1,1,0,0,0,0,0,0,0,0,0,0,1,0,1,0,0,1,0,1,0
0,-1.201206041878475,-0.2046071460787037,-0.9344734596874386,0,0,1,1,1,0,0,0,0,0,0,0,1,0,0,0,0,0,1,0,0,0,0,1,1,0,0
0,-0.3044626686364894,-1.4867496984100992,-0.7722327416484331,0,1,0,0,1,0,0,0,1,1,0,1,0,1,0,1,0,1,0,1,0,0,0,1,0,0,1
0,-0.1006573565360382,-0.011703727050893342,-0.1757251281595431,0,1,0,0,1,0,1,0,0,0,1,0,0,0,0,0,0,0,0,0,1,0,0,1,0,0,1
0,-0.46750691831685043,-1.2090352934304065,-0.7312038177119885,0,0,1,0,0,1,0,0,0,0,1,0,0,0,0,0,0,0,0,0,0,0,0,0,0,1,0
0,-1.2827281667186554,-0.6502805624533005,-0.9888698717451119,1,1,0,0,1,0,0,0,0,0,0,0,0,0,0,0,0,0,0,0,0,0,0,0,0,1,0
0,-0.712073292837392,-1.5116941060430058,-0.8812240928150852,1,0,0,0,1,0,0,0,1,1,0,1,0,1,0,1,0,1,0,1,0,0,0,0,0,0,0
1,-0.3859847934766699,0.8513727770476726,-0.0747851518513869,0,1,1,0,1,0,0,1,0,0,0,0,0,0,0,0,0,0,1,0,1,0,0,1,0,1,0
0,0.5107585797653155,1.3402831666526405,1.0782820206914998,0,0,1,1,1,0,1,1,0,0,1,0,1,0,0,0,0,0,1,0,1,0,0,1,0,1,0
0,-0.34522373105657966,0.608580542754049,-0.1119317690067486,0,0,1,1,1,0,1,1,0,0,0,0,1,0,1,0,0,0,0,0,0,1,0,0,0,0,0
0,-0.8751175425177529,0.84139501399451,-0.572999816382859,1,0,0,0,1,0,1,1,0,0,0,0,0,0,0,0,1,0,1,0,0,0,0,0,0,1,0
0,-1.2827281667186554,-0.6585953649976026,-0.9889801645513926,1,1,0,0,1,0,0,0,0,0,0,0,0,0,0,0,0,0,0,0,0,0,0,0,0,0,1
0,0.9591302663863083,1.2754277068070834,1.5253869987924655,0,0,1,0,1,0,1,1,0,0,0,0,0,0,1,0,1,0,1,0,1,0,1,0,0,0,0
0,-1.2827281667186554,0.36412534795156487,-0.9754141493788585,1,0,0,0,1,0,0,1,0,0,0,0,1,0,0,0,0,0,0,0,0,0,0,0,0,1,0
0,-1.2827281667186554,-1.510031145534145,-1.0002741479145432,0,1,0,0,1,0,0,0,1,1,0,1,0,1,0,1,0,1,0,1,0,0,0,0,0,1,0
0,-1.0381617921981139,0.48053258357179535,-0.7780562018200574,1,0,0,0,1,0,0,1,0,0,0,0,0,0,0,0,0,0,0,0,1,0,0,1,0,1,0
1,0.918369203966218,0.7964950802552779,1.1111051598406556,0,0,1,0,1,0,0,1,0,0,0,0,0,0,1,0,1,0,1,0,0,0,1,0,1,0,0
0,-1.2419671042985652,-1.1292131890051058,-0.9828037673996698,1,0,0,0,0,1,0,0,0,0,0,0,0,0,0,0,1,0,0,0,0,0,0,1,0,1,0
0,1.6113072651077522,0.700043370741373,1.6870321356775548,0,0,1,1,1,0,1,0,0,0,1,0,0,0,1,0,1,0,1,0,1,0,1,1,1,0,0
1,0.5107585797653155,-1.0194577954203168,-0.30448095021170835,0,0,0,0,0,1,0,0,0,0,0,0,0,0,0,0,0,0,0,0,1,1,0,0,0,1,0
0,0.592280704605496,-1.4867496984100992,-0.5473015925194408,0,0,0,0,1,0,0,0,1,1,0,1,0,1,0,1,0,1,0,1,0,0,1,0,0,0,1
1,0.5515196421854057,1.0110169858982743,0.9429748059462572,1,0,0,0,1,0,0,1,0,0,0,0,1,0,0,0,0,0,1,0,1,1,0,0,1,0,0
0,-1.2419671042985652,-0.48398451156725697,-0.9679362971130226,0,1,0,0,1,0,0,0,0,0,0,0,1,0,0,0,0,0,0,0,0,0,0,1,0,0,1
0,-1.2419671042985652,0.508802912222423,-0.9230250663954951,0,0,1,0,1,0,0,1,0,0,1,0,0,0,0,0,1,0,0,0,0,0,0,1,0,1,0
0,-0.8343564800976626,-0.45238826189890863,-0.7388140213453613,0,0,1,0,1,0,0,0,0,0,0,0,1,0,0,0,0,0,0,0,0,0,0,1,0,1,0
1,1.4482630154273912,0.8231024483970448,1.6944658708208786,1,0,1,0,1,0,1,1,0,0,0,0,1,0,0,0,0,0,0,0,1,0,0,1,0,0,0
0,1.4890240778474815,1.0093540253894138,1.9345071344103357,0,1,1,1,1,0,0,1,0,0,0,0,0,0,0,0,1,0,1,0,1,0,1,1,1,0,0
1,0.9591302663863083,0.9960503413185302,1.3136027521721405,0,1,0,1,1,0,0,1,0,0,1,0,0,0,0,0,0,0,1,0,1,1,0,0,1,0,0
1,-1.1604449794583847,0.5121288332401437,-0.8748712271733131,0,0,0,0,1,0,1,1,0,0,1,0,0,0,0,0,0,0,0,0,0,0,0,1,0,1,0
0,1.2852187657470302,0.3741031110047274,1.117060971379817,0,1,1,0,1,0,1,0,0,0,0,0,1,0,1,0,1,0,1,0,0,0,1,1,0,0,0
0,1.081413453646579,1.506579217538684,1.8358391899115634,1,1,1,0,1,0,1,1,0,0,1,0,1,0,1,0,0,0,1,0,1,1,0,1,0,1,0
0,1.2036966409068497,1.6861789524956108,2.149511930974059,0,1,1,1,1,0,1,1,0,0,1,0,1,0,1,0,1,0,1,0,1,0,1,0,0,0,0
0,1.24445770332694,-1.3370832526126601,-0.31423083428692794,0,1,1,1,1,0,1,0,1,1,0,1,0,1,0,1,0,1,0,1,0,0,1,0,1,0,0
0,0.8368470791260375,-0.3742291179824681,0.2613652631311289,0,0,0,0,0,1,0,0,0,0,1,0,1,0,1,0,1,0,1,0,0,1,0,1,0,1,0
0,-1.1196839170382944,-1.510031145534145,-0.9708921443213471,0,1,1,1,1,0,0,0,1,1,0,1,0,1,0,1,0,1,0,1,0,0,0,0,0,0,1
1,0.6738028294456765,0.7765395541489529,0.826174724094927,0,1,1,0,1,0,1,1,0,0,1,0,1,0,1,0,0,0,0,0,0,0,0,1,0,1,0
0,1.2036966409068497,1.2072463259438058,1.9197940740524815,0,0,1,1,1,0,1,1,0,0,1,0,0,0,0,0,0,0,1,0,1,0,1,1,0,0,0
0,0.918369203966218,-0.2677996454154004,0.3640919829010337,0,0,1,0,1,0,0,0,0,0,1,0,1,0,0,0,1,0,0,0,0,0,1,0,0,0,1
1,1.570546202687662,1.1490427081336905,2.153570706245191,0,0,1,0,1,0,0,1,0,0,1,0,1,0,1,0,1,0,1,0,0,0,1,1,0,1,0
0,1.6113072651077522,-1.4884126589189595,-0.42375159092372766,0,0,1,1,1,0,0,0,1,1,0,1,0,1,0,1,0,1,0,1,0,0,1,1,1,0,0
0,0.14390901798450328,-0.1380887257242863,-0.023035767144451835,0,1,1,1,0,1,0,0,0,0,1,0,0,0,1,0,1,0,1,0,1,1,0,0,1,0,0
0,-0.3044626686364894,-1.460142330268332,-0.7904089961235031,0,1,1,0,1,0,0,0,1,1,0,1,0,1,0,1,0,1,0,1,0,1,0,1,0,0,0
1,1.6113072651077522,1.6628975053715644,2.660785263769174,0,0,1,0,1,0,1,1,0,0,1,0,1,0,1,0,1,0,1,0,1,0,1,1,0,0,0
0,0.14390901798450328,-1.516682987569587,-0.7089467294045301,0,0,0,0,1,0,0,0,1,1,0,1,0,1,0,1,0,1,0,1,0,1,0,1,0,0,0
0,-1.2827281667186554,-0.06824438435214823,-0.9811493753054583,0,1,0,0,1,0,0,0,0,0,0,0,0,0,0,0,0,0,1,0,1,0,0,1,0,0,1
0,1.6113072651077522,1.3519238902146633,2.319340794085181,0,0,1,0,1,0,1,1,0,0,1,0,0,0,1,0,0,0,1,0,1,0,1,1,0,1,0
0,1.081413453646579,-1.4967274614632617,-0.48463321999071,0,1,1,1,1,0,0,0,1,1,0,1,0,1,0,1,0,1,0,1,0,0,1,0,0,0,1
1,-1.0381617921981139,0.8197765273793242,-0.7103143602024116,1,1,1,0,1,0,0,1,0,0,0,0,0,0,0,0,0,0,1,0,1,0,0,1,0,1,0
0,-1.2827281667186554,0.30758469065030997,-0.9761641404615679,0,0,0,0,1,0,0,0,0,0,0,0,0,0,1,0,1,0,1,0,1,1,0,0,1,0,0
0,-0.1006573565360382,1.4184423105690807,0.4216427692183368,0,0,1,1,1,0,1,1,0,0,0,0,1,0,1,0,1,0,1,0,1,0,0,1,0,1,0
0,1.2852187657470302,-1.5067052245164245,-0.46173643340682313,0,1,0,0,1,0,0,0,1,1,0,1,0,1,0,1,0,1,0,1,0,0,1,0,0,0,1
0,1.24445770332694,0.13131087671110397,0.804954388166508,0,1,0,0,1,0,1,0,0,0,1,0,1,0,1,0,1,0,0,0,0,1,0,0,0,0,0
1,1.6113072651077522,0.6518175159844203,1.5939891242991016,0,1,1,0,1,0,1,0,0,0,1,0,1,0,1,0,0,0,1,0,1,0,1,0,1,0,0
0,-0.9974007297780236,0.33751797980979803,-0.7296156013015455,1,1,1,0,1,0,0,1,0,0,1,0,0,0,0,0,0,0,0,0,0,0,0,0,0,1,0
0,1.2036966409068497,0.6534804764932807,1.2822354780658907,0,0,0,0,1,0,1,0,0,0,0,0,1,0,1,0,1,0,1,0,1,0,1,0,0,0,0
0,1.407501953007301,1.541501388224753,2.313517333913557,0,1,1,1,1,0,1,1,0,0,0,0,1,0,1,0,1,0,1,0,1,0,1,1,0,0,0
0,-1.0789228546182041,-0.6685731280507652,-0.8893195847960933,1,1,0,0,1,0,0,0,0,0,0,0,0,0,0,0,0,0,0,0,0,0,0,0,0,1,0
0,1.5297851402675717,0.5237695568021665,1.4000281951737479,0,0,1,1,1,0,1,0,0,0,1,0,0,0,0,0,1,0,1,0,1,0,1,1,0,0,0
1,-0.5082679807369407,0.5270954778198876,-0.2967163366495424,0,0,0,0,1,0,0,1,0,0,0,0,0,0,0,0,0,0,1,0,0,0,0,0,0,0,0
0,-1.1196839170382944,0.35747350591612304,-0.8312835101311548,0,0,0,0,1,0,1,1,0,0,0,0,0,0,0,0,0,0,0,0,0,0,0,0,0,1,0
0,-0.34522373105657966,-0.24119227727363332,-0.40544298508112064,0,0,1,1,0,1,0,0,0,0,1,0,1,0,1,0,0,0,1,0,1,1,0,0,0,1,0
0,-0.8751175425177529,-0.6918545751748113,-0.7954604066511622,1,0,1,0,1,0,0,0,0,0,0,0,0,0,0,0,0,0,0,0,0,0,0,1,0,1,0
0,1.6113072651077522,1.5215458621184275,2.5038386004316453,0,1,1,0,1,0,1,1,0,0,0,0,1,0,1,0,1,0,1,0,1,0,1,1,1,0,0
0,1.3667408905872107,-0.22123675116730807,0.6723603764557721,0,0,1,1,1,0,0,0,0,0,1,0,1,0,0,0,1,0,0,0,0,0,1,1,1,0,0
0,0.5107585797653155,0.5370732408730502,0.5500677128516597,0,0,1,1,1,0,0,0,0,0,1,0,0,0,1,0,1,0,1,0,1,0,1,1,0,0,1
0,1.4890240778474815,-1.501716342989843,-0.3925828438687834,0,0,1,1,1,0,0,0,1,1,0,1,0,1,0,1,0,1,0,1,0,0,1,0,0,0,0
1,-0.712073292837392,0.69006560768821,-0.41523698627885264,1,1,1,0,1,0,1,1,0,0,0,0,0,0,0,0,0,0,0,0,1,0,0,1,0,0,0
0,-0.1821794813762187,-0.1763368174280765,-0.2824885646393237,0,0,0,0,1,0,0,0,0,0,0,0,0,0,1,0,0,0,1,0,0,0,0,1,0,0,0
0,1.5297851402675717,1.6861789524956108,2.576808321066999,1,0,0,0,1,0,1,1,0,0,1,0,1,0,1,0,1,0,1,0,1,1,0,0,1,0,0
0,0.14390901798450328,0.3558105454072627,0.17355013077038384,0,0,0,0,1,0,0,0,0,0,1,0,1,0,1,0,1,0,0,0,1,1,0,1,0,0,1
1,-0.6713122304173017,0.7233248178654187,-0.44371458886054616,1,1,0,0,1,0,1,1,0,0,0,0,0,0,0,0,0,0,1,0,0,0,0,1,0,1,0
0,-0.5897901055771212,0.6767619236173268,-0.32331896152446293,1,0,0,0,1,0,1,1,0,0,0,0,0,0,0,0,0,0,1,0,0,0,0,1,0,1,0
0,0.06238689314432279,1.0908390903235752,0.4062238349002859,1,0,1,0,1,0,1,1,0,0,0,0,0,0,0,0,0,0,1,0,1,0,0,1,0,1,0
0,0.38847539250504476,-0.656932404488742,-0.10487302940477954,0,1,1,1,0,1,0,0,0,0,0,0,1,0,1,0,0,0,0,0,1,1,0,1,1,0,0
0,0.6330417670255862,0.20281817859210285,0.5922436819734241,0,1,0,0,1,0,1,0,0,0,1,0,0,0,0,0,1,0,0,0,1,1,0,1,0,0,0
0,0.592280704605496,1.4866236914323585,1.2519490734611927,1,1,1,0,1,0,1,1,0,0,0,0,1,0,1,0,1,0,1,0,1,0,0,1,0,1,0
0,0.26619220524477405,0.8214394878881845,0.5239724348856306,1,0,1,1,1,0,1,1,0,0,0,0,1,0,1,0,1,0,0,0,0,1,0,1,0,1,0
0,-0.8751175425177529,-1.4618052907771928,-0.9196059894007913,0,0,1,1,1,0,0,0,1,1,0,1,0,1,0,1,0,1,0,1,0,0,1,0,1,0,0
0,-1.0381617921981139,-1.4934015404455407,-0.9437821725375352,0,1,0,0,1,0,0,0,1,1,0,1,0,1,0,1,0,1,0,1,0,0,0,1,0,0,1
0,-1.201206041878475,-1.3387462131215204,-0.9707597929538103,0,0,0,0,1,0,1,0,1,1,0,1,0,1,0,1,0,1,0,1,0,0,0,0,0,0,1
0,-0.9974007297780236,0.06146653533896589,-0.7534167888969345,0,1,0,0,1,0,0,0,0,0,1,0,0,0,1,0,0,0,0,0,1,0,0,1,0,1,0
0,-1.2827281667186554,-1.510031145534145,-1.0002741479145432,1,1,0,1,1,0,0,0,1,1,0,1,0,1,0,1,0,1,0,1,0,0,0,1,0,0,1
0,-0.019135231695857704,0.9960503413185302,0.37269482179093333,0,1,1,1,1,0,0,1,0,0,1,0,1,0,1,0,0,0,0,0,1,1,0,0,0,0,1
0,1.1221745160666692,0.03319620668833821,0.7241979954077317,0,1,1,1,1,0,0,0,0,0,1,0,1,0,1,0,1,0,0,0,0,1,0,1,0,0,0
0,-0.9158786049378431,-1.4934015404455407,-0.9260250307263319,0,0,1,0,1,0,0,0,1,1,0,1,0,1,0,1,0,1,0,1,0,0,0,1,0,0,0
0,1.570546202687662,-1.3370832526126601,-0.25438595759898475,0,0,1,0,1,0,1,0,1,1,0,1,0,1,0,1,0,1,0,1,0,0,1,1,0,0,0
0,-1.1604449794583847,-1.4800978563746574,-0.9751715052050409,1,0,1,1,1,0,0,0,1,1,0,1,0,1,0,1,0,1,0,1,0,0,0,0,0,0,1
1,-1.2827281667186554,0.14627752129084798,-0.9783038209034146,1,0,0,0,1,0,0,1,0,0,0,0,0,0,0,0,0,0,0,0,0,0,0,1,0,1,0
0,0.429236454925135,-0.45238826189890863,-0.05963092026840982,0,0,1,1,0,1,0,0,0,0,1,0,1,0,0,0,1,0,1,0,0,1,0,1,0,0,0
0,1.081413453646579,1.1523686291514113,1.621010861837889,1,1,1,0,1,0,1,1,0,0,0,0,0,0,1,0,0,0,1,0,1,1,0,1,0,0,0
0,-0.3859847934766699,-0.3526106313672825,-0.46994221819411214,0,0,1,0,1,0,0,0,0,0,0,0,0,0,1,0,1,0,0,0,0,0,0,0,0,1,0
0,1.6113072651077522,-1.5116941060430058,-0.34866424840778276,0,0,1,0,1,0,0,0,1,1,0,1,0,1,0,1,0,1,0,1,0,0,1,0,0,0,0
0,-0.4267458558967602,-0.28609221101286514,-0.43877347113916787,0,1,1,0,1,0,0,0,0,0,1,0,0,0,0,0,1,0,0,0,0,1,0,1,1,0,0
0,-1.2827281667186554,-1.3204536475240558,-0.9977594719313415,0,0,0,0,0,1,0,0,0,0,0,0,0,0,0,0,0,0,0,0,0,0,0,1,0,0,1
0,1.4890240778474815,-1.360364699736706,-0.2530845024848718,0,1,0,0,1,0,1,0,1,1,0,1,0,1,0,1,0,1,0,1,0,0,1,0,0,0,0
0,0.7145638918657667,-0.9795467432076665,-0.23729057262546616,0,1,0,0,0,1,0,0,0,0,1,0,0,0,0,0,1,0,0,0,0,1,0,1,0,0,1
1,-1.2827281667186554,-1.318790687015195,-0.9977374133700855,1,0,0,0,0,1,0,0,0,0,0,0,0,0,0,0,0,0,0,0,0,0,0,1,0,1,0
0,-1.2419671042985652,-0.660258325506463,-0.9663039635800674,1,1,0,0,1,0,0,0,0,0,0,0,0,0,0,0,0,0,0,0,0,0,0,1,0,0,1
0,-0.712073292837392,0.34915870337182087,-0.5171475392822796,0,0,1,0,1,0,0,1,0,0,0,0,1,0,0,0,0,0,0,0,0,0,0,0,0,0,0
0,-0.05989629411594795,-1.4784348958657971,-0.7401375350207304,0,1,0,0,1,0,0,0,1,1,0,1,0,1,0,1,0,1,0,1,0,0,1,0,0,0,0
0,1.3667408905872107,1.335294285126059,2.138129713365884,1,1,1,0,1,0,1,1,0,0,0,0,1,0,1,0,0,0,1,0,1,0,0,1,1,0,0
0,-1.3234892291387457,-0.292744053048307,-1.0088549282431865,0,0,1,1,0,1,0,0,0,0,1,0,1,0,1,0,1,0,1,0,0,0,1,0,1,0,0
0,-1.201206041878475,-0.3376439867875385,-0.934098464146084,1,1,0,1,1,0,0,0,0,0,0,0,0,0,0,0,0,0,1,0,0,0,0,1,1,0,0
0,-0.9974007297780236,-1.4917385799366805,-0.9463850827657613,0,0,0,0,1,0,0,0,1,1,0,1,0,1,0,1,0,1,0,1,0,0,1,0,0,0,1
0,1.2852187657470302,0.27266251996424096,1.0596425364300504,0,1,1,1,1,0,0,0,0,0,1,0,0,0,1,0,0,0,1,0,1,1,0,1,1,0,0
0,-0.1821794813762187,-1.4751089748480761,-0.7604534699376474,0,0,1,0,1,0,0,0,1,1,0,1,0,1,0,1,0,1,0,1,0,0,0,0,0,0,1
0,0.9998913288063985,1.193942641872922,1.63155485411833,0,0,1,0,1,0,1,1,0,0,0,0,0,0,1,0,0,0,1,0,1,1,0,1,1,0,0
0,-0.7528343552574821,0.7449433044806045,-0.4535968243033028,1,0,1,1,1,0,1,1,0,0,0,0,0,0,1,0,0,0,0,0,1,0,0,1,0,1,0
0,-0.5490290431570309,-1.4934015404455407,-0.8440774756597235,0,1,0,0,1,0,0,0,1,1,0,1,0,1,0,1,0,1,0,1,0,0,1,1,0,0,1
0,-0.9158786049378431,0.5021510701869811,-0.6306829540676991,1,1,1,0,1,0,0,1,0,0,0,0,0,0,0,0,0,0,1,0,0,0,0,1,0,1,0
0,0.755324954285857,-0.5056029981824426,0.1176096194247797,0,0,1,0,0,1,0,0,0,0,0,0,1,0,0,0,0,0,1,0,1,0,0,1,0,1,0
0,1.407501953007301,0.026544364652896852,0.8982621022800352,0,0,1,0,1,0,1,0,0,0,1,0,1,0,1,0,0,0,0,0,0,0,1,0,0,0,1
0,-0.8751175425177529,-1.4767719353569364,-0.898209184982323,0,1,1,1,1,0,0,0,1,1,0,1,0,1,0,1,0,1,0,1,0,0,0,1,0,1,0
0,1.6113072651077522,-0.12977392317998412,0.9980550334028715,0,1,1,1,0,1,0,0,0,0,1,0,0,0,1,0,1,0,1,0,1,0,1,0,0,0,0
0,1.3667408905872107,-1.4800978563746574,-0.4090826476883859,0,1,1,1,1,0,0,0,1,1,0,1,0,1,0,1,0,1,0,1,0,1,0,1,0,1,0
0,-0.5897901055771212,0.781528435675534,-0.28564293889895365,1,0,0,0,1,0,1,1,0,0,0,0,0,0,0,0,1,0,1,0,0,0,0,1,0,1,0
0,-0.9566396673579334,-1.5083681850252848,-0.9299514546299272,0,0,0,0,1,0,0,0,1,1,0,1,0,1,0,1,0,1,0,1,0,0,0,1,0,1,0
0,-0.9566396673579334,0.34416982184523986,-0.7292185471989348,0,0,0,0,1,0,1,1,0,0,0,0,0,0,0,0,0,0,0,0,0,0,0,1,1,0,0
0,0.6330417670255862,1.5498161907690553,1.336014250408392,0,1,1,0,1,0,1,1,0,0,1,0,1,0,1,0,0,0,1,0,1,0,0,1,0,0,0
0,-0.9158786049378431,0.17621081045033601,-0.6843734921651756,0,1,0,0,1,0,0,1,0,0,0,0,0,0,0,0,0,0,0,0,0,0,0,0,0,0,1
0,-0.9566396673579334,0.9943873808096698,-0.616256655006175,1,0,0,0,1,0,1,1,0,0,0,0,0,0,0,0,0,0,1,0,1,0,0,1,0,1,0
1,-0.7935954176775724,1.0043651438628323,-0.4397440478344386,1,0,0,0,1,0,1,1,0,0,0,0,0,0,0,0,0,0,1,0,1,0,0,1,0,1,0
0,-1.1604449794583847,0.4522622549211681,-0.8632463653913205,1,1,0,0,1,0,1,1,0,0,0,0,1,0,0,0,0,0,0,0,0,0,0,0,0,1,0
0,-1.1604449794583847,0.17787377095919635,-0.9038782352251544,1,1,0,0,1,0,0,1,0,0,0,0,0,0,0,0,0,0,0,0,0,0,0,1,0,1,0
0,1.6113072651077522,0.9029245528223458,1.8474640516935554,0,0,1,0,1,0,1,0,0,0,1,0,1,0,1,0,1,0,1,0,1,0,1,0,0,0,0
0,0.755324954285857,0.6867396866704893,0.9419821706897303,0,0,1,1,1,0,0,0,0,0,1,0,1,0,1,0,1,0,1,0,1,0,1,0,1,0,0
0,1.081413453646579,-0.7916322057064374,0.07320573561614363,1,1,1,0,0,1,0,0,0,0,0,0,1,0,0,0,0,0,0,0,1,0,0,1,0,0,0
0,-0.9158786049378431,0.69006560768821,-0.6498077266767839,1,1,1,0,1,0,1,1,0,0,0,0,0,0,0,0,0,0,1,0,0,0,0,1,0,1,0
1,1.1629355784867594,0.5753213325768404,1.1550237553016565,0,1,1,0,1,0,1,1,0,0,0,0,1,0,0,0,0,0,0,0,0,0,0,1,0,1,0
0,0.8776081415461278,0.65015455547556,0.9693789037698726,0,1,0,0,1,0,0,1,0,0,1,0,0,0,1,0,1,0,0,0,0,1,0,0,0,1,0
0,0.021625830724232544,-0.1314368836888447,-0.11157883202665018,0,0,0,0,1,0,1,0,0,0,1,0,1,0,0,0,0,0,0,0,0,0,0,1,0,0,1
0,-0.22294054379630893,-1.4834237773923784,-0.7714165748819554,0,0,0,0,1,0,0,0,1,1,0,1,0,1,0,1,0,1,0,1,0,0,1,1,0,0,0
1,-1.2827281667186554,0.4772066625540746,-0.9739141672134403,1,0,0,0,1,0,0,1,0,0,0,0,0,0,0,0,0,0,1,0,0,0,0,1,0,1,0
0,-0.3859847934766699,1.0126799464071345,-0.041410548670827343,0,1,0,0,1,0,0,1,0,0,0,0,1,0,0,0,0,0,1,0,1,0,0,0,0,0,1
0,-1.2827281667186554,-1.4967274614632617,-1.0000976794244938,0,1,0,1,1,0,0,0,1,1,0,1,0,1,0,1,0,1,0,1,0,0,0,0,0,0,1
0,0.5107585797653155,0.6484915949666992,0.6932057168428367,0,1,1,1,1,0,0,0,0,0,1,0,1,0,1,0,1,0,1,0,1,0,1,1,0,0,1
0,0.26619220524477405,-1.4967274614632617,-0.6317417650079945,0,0,1,1,1,0,0,0,1,1,0,1,0,1,0,1,0,1,0,1,0,0,1,1,0,0,0
0,-1.1196839170382944,0.1712219289237545,-0.8555920446354353,1,1,0,0,1,0,0,0,0,0,0,0,0,0,1,0,0,0,1,0,1,1,0,1,0,0,1
0,1.6113072651077522,0.5803102141034214,1.556621921531178,0,1,1,1,1,0,1,0,0,0,1,0,1,0,1,0,1,0,1,0,0,0,1,0,0,0,0
0,1.0406523912264887,0.06479245635668657,0.7427713039854125,0,0,1,1,1,0,1,0,0,0,0,0,1,0,0,0,0,0,1,0,0,0,0,1,0,0,0
0,1.5297851402675717,-0.6735620095773465,0.3403128538669007,0,0,0,0,0,1,0,0,0,0,1,0,1,0,1,0,1,0,0,0,0,0,1,1,0,0,0
0,1.1629355784867594,1.117446458465342,1.7022304843830443,0,1,1,1,1,0,0,1,0,0,0,0,1,0,0,0,1,0,1,0,1,1,0,1,0,0,0
0,-1.2419671042985652,0.19450337604780069,-0.9518556059572872,0,1,0,0,1,0,0,1,0,0,0,0,0,0,0,0,0,0,0,0,0,0,0,0,0,0,1
0,0.5515196421854057,-1.3271054895594974,-0.4944933968722104,0,0,1,1,1,0,1,0,1,1,0,1,0,1,0,1,0,1,0,1,0,1,0,0,0,0,1
0,-1.2827281667186554,-0.4956252351292798,-0.9868184255482898,1,0,0,0,1,0,1,0,0,0,0,0,0,0,0,0,0,0,0,0,0,0,0,1,0,0,0
0,-0.4267458558967602,0.14627752129084798,-0.32327484440195065,1,0,1,0,1,0,0,1,0,0,0,0,0,0,0,0,0,0,0,0,0,0,0,1,0,1,0
0,0.6330417670255862,1.2521462596830373,1.1547590525665825,0,0,0,0,1,0,0,1,0,0,1,0,0,0,1,0,1,0,1,0,1,0,1,1,1,0,0
0,1.2852187657470302,0.7216618573565584,1.4760640558237075,0,1,0,0,1,0,1,0,0,0,0,0,1,0,1,0,1,0,1,0,1,0,1,0,1,0,0
0,1.6113072651077522,-1.3487239761746832,-0.28390031255971754,0,1,1,1,1,0,1,0,1,1,0,1,0,1,0,1,0,1,0,1,0,0,1,0,0,0,0
0,-0.8343564800976626,-0.2162478696407268,-0.6821455774783042,0,0,1,1,1,0,0,0,0,0,0,0,0,0,1,0,0,0,1,0,0,0,0,1,1,0,0
1,0.06238689314432279,0.9777577757210655,0.4106355471515165,1,0,1,0,1,0,1,1,0,0,0,0,1,0,1,0,0,0,0,0,1,0,0,1,0,1,0
0,1.6113072651077522,0.12964791620224364,1.1476782544033572,0,0,1,1,1,0,0,0,0,0,1,0,1,0,1,0,0,0,0,0,1,0,1,0,1,0,0
0,-0.14141841895612844,0.6967174497236519,0.0677131538633616,0,1,1,0,1,0,1,1,0,0,0,0,1,0,1,0,0,0,0,0,0,0,0,1,0,1,0
0,0.021625830724232544,-1.4884126589189595,-0.7350861244930714,0,1,1,1,1,0,0,0,1,1,0,1,0,1,0,1,0,1,0,1,0,1,0,0,1,0,0
0,-1.2827281667186554,-1.4800978563746574,-0.9998770938119323,0,0,0,0,1,0,0,0,1,1,0,1,0,1,0,1,0,1,0,1,0,0,0,0,0,0,1
0,1.2036966409068497,1.5281977041538695,2.0091753642624135,0,0,1,1,1,0,1,1,0,0,0,0,1,0,1,0,1,0,1,0,1,1,0,1,0,1,0
0,0.3477143300849545,0.2709995594553806,0.31518815259614225,1,1,1,0,1,0,1,0,0,0,0,0,0,0,1,0,0,0,1,0,1,1,0,1,0,1,0
0,1.2852187657470302,1.1706611947488759,1.7503181479214578,1,0,0,0,1,0,1,1,0,0,0,0,0,0,1,0,0,0,1,0,1,1,0,1,1,0,0
0,-1.1604449794583847,0.5986027797008862,-0.8678566046938565,0,0,0,0,1,0,0,1,0,0,0,0,0,0,1,0,0,0,0,0,1,0,0,1,1,0,0
0,-0.34522373105657966,0.6484915949666992,-0.15384303539343935,0,0,0,0,1,0,1,1,0,0,1,0,0,0,0,0,1,0,0,0,0,0,0,1,0,1,0
0,-0.7528343552574821,-1.5067052245164245,-0.8789300024444452,0,0,1,1,1,0,0,0,1,1,0,1,0,1,0,1,0,1,0,1,0,1,0,0,0,0,1
0,-1.201206041878475,-1.4934015404455407,-0.9831346458185121,0,1,0,1,1,0,0,0,1,1,0,1,0,1,0,1,0,1,0,1,0,0,0,0,0,0,1
1,-1.1604449794583847,1.1623463922045736,-0.8134822511974392,1,0,0,0,1,0,0,1,0,0,0,0,1,0,1,0,0,0,1,0,1,0,0,1,1,0,0
0,-0.5897901055771212,-0.99285042727855,-0.7648872407501341,1,0,0,1,0,1,0,0,0,0,0,0,0,0,0,0,0,0,0,0,1,0,0,1,0,1,0
0,-0.9974007297780236,0.04649989075922188,-0.7677769122746901,0,1,0,0,1,0,0,0,0,0,0,0,0,0,0,0,0,0,1,0,1,0,0,1,0,1,0
0,0.10314795556441304,-1.3819831863518919,-0.6571973446975952,0,0,0,0,1,0,1,0,1,1,0,1,0,1,0,1,0,1,0,1,0,0,1,0,0,0,0
0,-1.2827281667186554,0.3707771899870067,-0.9753259151338339,1,0,0,0,1,0,1,1,0,0,0,0,0,0,0,0,0,0,0,0,0,0,0,0,0,1,0
0,1.3667408905872107,-1.3154647659974745,-0.27042253163220803,0,1,0,1,1,0,1,0,1,1,0,1,0,1,0,1,0,1,0,1,0,0,1,1,1,0,0
0,-0.9974007297780236,-0.675224970086207,-0.8573346709746714,0,1,0,1,0,1,0,0,0,0,1,0,0,0,0,0,1,0,0,0,1,0,1,1,0,0,1
0,1.570546202687662,1.305360995966571,2.261216485175218,0,0,1,0,1,0,1,1,0,0,1,0,0,0,1,0,0,0,1,0,1,1,0,1,1,0,0
0,0.429236454925135,0.9212171184198106,0.7730356500288544,0,0,1,1,1,0,1,1,0,0,0,0,0,0,1,0,0,0,0,0,1,0,0,1,0,0,0
1,-1.2419671042985652,0.9644540916501818,-0.9334808244309117,1,0,0,0,1,0,1,1,0,0,0,0,0,0,0,0,0,0,1,0,1,0,0,1,0,1,0
1,-0.14141841895612844,1.217224088996968,0.29198254615466934,0,1,0,0,1,0,0,1,0,0,0,0,1,0,1,0,0,0,1,0,1,0,0,1,0,0,0
0,-0.712073292837392,0.6468286344578388,-0.4316264972921743,1,0,1,0,1,0,0,1,0,0,0,0,0,0,1,0,0,0,1,0,0,0,0,1,0,1,0
0,1.3259798281671205,0.987735538774228,1.6729146564736168,0,1,1,1,1,0,1,1,0,0,1,0,1,0,1,0,1,0,0,0,0,0,1,0,1,0,0
0,0.10314795556441304,1.0193317884425763,0.49915655347245846,0,1,0,0,1,0,1,1,0,0,0,0,0,0,1,0,1,0,1,0,0,0,0,0,0,1,0
0,1.2852187657470302,1.178975997293178,1.90455160822448,0,1,0,0,1,0,0,1,0,0,1,0,1,0,0,0,0,0,1,0,1,1,0,1,1,0,0
0,1.0406523912264887,-0.31103661864577165,0.3882902245990335,0,0,1,1,0,1,0,0,0,0,0,0,0,0,1,0,1,0,1,0,1,0,1,1,1,0,0
1,-0.5897901055771212,-0.49895115614700075,-0.6269109400928969,0,0,0,0,1,0,0,0,0,0,0,0,1,0,0,0,0,0,0,0,0,0,0,1,1,0,0
0,1.407501953007301,0.8214394878881845,1.8027734065885899,0,1,1,1,1,0,1,1,0,0,0,0,1,0,0,0,0,0,0,0,1,0,0,1,0,0,0
0,1.24445770332694,-1.5200089085873079,-0.4895743377120883,0,1,1,1,1,0,0,0,1,1,0,1,0,1,0,1,0,1,0,1,0,0,1,1,0,0,1
0,1.1221745160666692,1.1623463922045736,1.6318857325371723,0,0,1,0,1,0,1,1,0,0,0,0,1,0,0,0,0,0,1,0,1,0,0,1,0,1,0
1,-0.9566396673579334,0.65015455547556,-0.6856970058405448,1,1,0,0,1,0,1,1,0,0,0,0,0,0,0,0,0,0,0,0,1,0,0,1,1,0,0
0,1.5297851402675717,1.6030309270525889,2.462743500811432,0,0,1,1,1,0,1,1,0,0,1,0,1,0,1,0,1,0,1,0,1,0,1,1,1,0,0
0,-0.712073292837392,1.2055833654349448,-0.3453113470968476,1,1,1,0,1,0,1,1,0,0,0,0,0,0,1,0,0,0,1,0,1,0,0,1,0,1,0
0,0.6330417670255862,-1.4934015404455407,-0.5956098416704159,0,0,0,1,1,0,0,0,1,1,0,1,0,1,0,1,0,1,0,1,0,1,0,0,0,0,1
0,-0.8343564800976626,0.3092476511591708,-0.6817705819369495,0,1,1,0,1,0,0,0,0,0,0,0,0,0,1,0,1,0,1,0,1,0,0,1,0,1,0
1,1.570546202687662,0.9029245528223458,1.8963458234371908,0,1,1,0,1,0,1,1,0,0,1,0,1,0,1,0,1,0,0,0,0,1,0,1,0,1,0
1,0.46999751734522527,0.2992698881060078,0.3686581050810573,0,1,0,0,1,0,0,1,0,0,0,0,0,0,1,0,0,0,0,0,0,0,0,0,0,1,0
0,-1.2827281667186554,-0.47899563004067547,-0.9865978399357282,1,1,0,0,1,0,1,0,0,0,0,0,0,0,0,0,0,0,0,0,0,0,0,1,0,1,0
0,0.5107585797653155,-1.3437350946481017,-0.528750342503016,0,1,1,1,1,0,1,0,1,1,0,1,0,1,0,1,0,1,0,1,0,0,1,0,0,0,1
0,-0.3859847934766699,-1.3320943710860789,-0.7373802148637113,0,0,0,0,1,0,1,0,1,1,0,1,0,1,0,1,0,1,0,1,0,1,0,0,1,0,0
0,0.429236454925135,-6.300348887048559e-05,0.27415922865969766,0,0,1,0,1,0,1,0,0,0,0,0,0,0,0,0,1,0,1,0,0,1,0,1,0,0,0
0,0.10314795556441304,-1.466794172303774,-0.682432338774634,0,1,0,0,1,0,0,0,1,1,0,1,0,1,0,1,0,1,0,1,0,0,0,0,0,0,0
0,-0.9566396673579334,0.13629975823768548,-0.7468653962038572,0,1,1,0,1,0,0,0,0,0,1,0,1,0,0,0,1,0,1,0,0,0,0,1,0,0,1
0,-0.8343564800976626,1.167335273731155,-0.5091182229850398,1,1,0,0,1,0,1,1,0,0,0,0,0,0,0,0,1,0,1,0,1,0,0,1,0,0,1
1,1.3259798281671205,1.4816348099057775,2.1796880427724763,0,0,1,0,1,0,1,1,0,0,1,0,1,0,1,0,0,0,1,0,1,0,0,1,1,0,0
0,-1.2419671042985652,0.8829690267160208,-0.923444179059362,1,0,0,0,1,0,1,1,0,0,0,0,0,0,1,0,0,0,1,0,0,0,0,1,0,1,0
0,-0.22294054379630893,-0.5272214847976282,-0.43914846668052254,0,1,0,0,1,0,1,0,0,0,0,0,0,0,0,0,0,0,0,0,0,0,0,0,0,0,1
0,0.30695326766486425,-0.4856474720761173,-0.11612289564541768,0,0,0,0,1,0,0,0,0,0,0,0,0,0,1,0,0,0,0,0,0,1,0,1,0,0,1
1,-1.1196839170382944,0.3558105454072627,-0.8545994093789084,1,0,0,0,1,0,0,1,0,0,0,0,0,0,1,0,0,0,0,0,0,0,0,1,1,0,0
0,-0.9974007297780236,-1.4950645009544015,-0.9409366181354915,0,1,1,1,1,0,0,0,1,1,0,1,0,1,0,1,0,1,0,1,0,1,0,0,1,0,0
1,1.0406523912264887,1.0958279718501562,1.3994105554585756,0,0,1,0,1,0,1,1,0,0,0,0,1,0,0,0,0,0,1,0,1,1,0,1,0,0,0
0,0.7960860167059473,1.178975997293178,1.3048455033534474,0,0,1,1,1,0,0,1,0,0,1,0,0,0,1,0,0,0,1,0,1,1,0,0,0,1,0
0,-1.201206041878475,-0.30105885559260914,-0.9406719154004175,0,1,1,0,1,0,0,0,0,0,0,0,0,0,1,0,1,0,0,0,0,0,0,1,0,0,1
0,0.3477143300849545,1.5398384277158927,0.9795699590702149,0,1,0,1,1,0,0,1,0,0,1,0,1,0,1,0,1,0,1,0,1,0,1,1,0,1,0
0,-0.5082679807369407,1.1207723794830629,-0.11241705735438394,0,1,0,0,1,0,1,1,0,0,0,0,0,0,0,0,1,0,1,0,1,0,0,1,0,0,1
0,-1.2827281667186554,-0.49229931411155914,-0.9867743084257773,0,1,0,1,1,0,1,0,0,0,0,0,0,0,0,0,0,0,0,0,0,0,0,1,0,1,0
0,-1.1604449794583847,0.5304213988376084,-0.8621875544510251,1,1,0,1,1,0,1,1,0,0,0,0,0,0,0,0,1,0,0,0,0,0,0,0,1,0,0
0,-0.3859847934766699,-1.463468251286053,-0.7997838846573682,0,1,0,0,1,0,0,0,1,1,0,1,0,1,0,1,0,1,0,1,0,0,0,0,0,1,0
1,-1.0789228546182041,-1.5083681850252848,-0.9617378414000436,0,0,0,0,1,0,0,0,1,1,0,1,0,1,0,1,0,1,0,1,0,0,0,0,0,0,0
0,-0.9974007297780236,-1.513357066551866,-0.9415321992894076,0,1,1,1,1,0,0,0,1,1,0,1,0,1,0,1,0,1,0,1,0,0,0,1,0,0,1
0,-0.5897901055771212,0.15459232383515015,-0.4797141608305879,0,1,0,0,1,0,1,0,0,0,1,0,0,0,1,0,0,0,1,0,0,0,0,0,0,0,1
1,0.7960860167059473,-0.53387332683307,0.11835961050748903,0,1,0,0,0,1,0,0,0,0,1,0,0,0,0,0,0,0,1,0,1,0,0,1,1,0,0
0,-0.05989629411594795,0.9860725782653676,0.30548238564343494,0,1,0,0,1,0,0,1,0,0,0,0,1,0,0,0,0,0,1,0,1,0,0,1,0,1,0
0,-0.14141841895612844,-1.4701200933214948,-0.7199539514713504,0,1,1,1,1,0,0,0,1,1,0,1,0,1,0,1,0,1,0,1,0,0,0,1,0,0,1
0,0.14390901798450328,1.3702164558121281,0.6827720173686763,0,0,1,0,1,0,1,1,0,0,1,0,1,0,1,0,1,0,0,0,1,0,1,1,1,0,0
0,-0.6713122304173017,1.1689982342400156,-0.3317673904855696,1,0,1,0,1,0,1,1,0,0,0,0,1,0,0,0,0,0,1,0,1,0,0,1,0,1,0
0,0.38847539250504476,1.4450496787108476,1.0144224858549367,0,1,1,0,1,0,1,1,0,0,0,0,0,0,1,0,1,0,1,0,1,1,0,1,0,1,0
0,-1.2827281667186554,-1.4734460143392158,-0.9997888595669076,1,1,0,0,1,0,0,0,1,1,0,1,0,1,0,1,0,1,0,1,0,0,0,0,0,1,0
0,1.1221745160666692,1.1573575106779928,1.6121653787741714,0,0,0,0,1,0,0,1,0,0,0,0,1,0,1,0,0,0,1,0,1,0,1,1,0,1,0
0,-1.1196839170382944,0.6800878446350476,-0.8217321531072405,1,1,0,0,1,0,1,1,0,0,0,0,1,0,1,0,0,0,0,0,0,0,0,1,0,1,0
0,-0.4267458558967602,1.03263547251346,-0.02285929865440277,0,1,1,0,1,0,1,1,0,0,1,0,0,0,0,0,1,0,1,0,0,0,0,0,1,0,0
0,0.14390901798450328,-1.4917385799366805,-0.714704013892386,0,1,1,0,1,0,0,0,1,1,0,1,0,1,0,1,0,1,0,1,0,1,0,0,0,0,1
0,-1.1604449794583847,0.18452561299463818,-0.8848858139836066,1,0,0,0,1,0,0,1,0,0,0,0,0,0,0,0,0,0,0,0,0,0,0,0,0,1,0
0,-0.9566396673579334,0.003262917528850668,-0.767181331120774,0,1,0,0,1,0,0,0,0,0,1,0,0,0,0,0,1,0,0,0,1,0,0,0,0,0,1
0,-1.2827281667186554,0.32421429573891436,-0.9759435548490063,0,1,1,1,1,0,0,1,0,0,0,0,1,0,0,0,0,0,0,0,0,0,0,0,1,0,0
0,-0.8343564800976626,-0.5205696427621863,-0.7568799830141505,0,1,1,1,1,0,0,0,0,0,1,0,0,0,0,0,0,0,0,0,0,0,0,1,0,1,0
0,-0.3859847934766699,0.29594396708828713,-0.23389355419201868,0,0,0,0,1,0,1,0,0,0,0,0,0,0,0,0,1,0,1,0,1,1,0,1,0,0,1
0,1.2036966409068497,0.9129023158755084,1.519695889988378,0,1,0,0,1,0,1,1,0,0,1,0,1,0,0,0,0,0,0,0,1,1,0,1,0,0,0
0,0.18467008040459354,1.129087182027365,0.5244577232332661,1,1,0,0,1,0,1,1,0,0,0,0,0,0,0,0,1,0,1,0,1,0,0,0,0,0,0
0,-0.9974007297780236,-1.5183459480784474,-0.9396572215826345,0,0,0,0,1,0,0,0,1,1,0,1,0,1,0,1,0,1,0,1,0,0,0,0,0,0,1
0,-0.05989629411594795,0.791506198728697,0.17489570300700905,0,1,1,0,1,0,1,1,0,0,0,0,0,0,1,0,0,0,1,0,0,0,0,0,1,0,0
0,-0.7935954176775724,0.31756245370347297,-0.6132346321140821,1,1,1,1,1,0,1,1,0,0,0,0,0,0,0,0,0,0,0,0,0,0,0,1,1,0,0
0,-0.34522373105657966,1.1274242215185046,0.05317656199555685,1,0,0,0,1,0,1,1,0,0,0,0,0,0,1,0,0,0,1,0,1,0,0,1,0,1,0
0,0.5107585797653155,1.0342984330223204,0.9572908122015005,0,1,1,1,1,0,1,1,0,0,0,0,1,0,1,0,0,0,0,0,1,0,0,1,0,0,0
1,1.4890240778474815,1.3485979691969427,2.0788804178318574,0,0,1,0,1,0,1,1,0,0,0,0,1,0,0,0,1,0,1,0,1,0,1,0,1,0,0
0,-1.2419671042985652,-1.4834237773923784,-0.9926198271586578,0,1,0,0,1,0,0,0,1,1,0,1,0,1,0,1,0,1,0,1,0,0,0,0,0,0,1
0,1.1629355784867594,1.3685534953032676,1.879801902495076,1,1,1,1,1,0,1,1,0,0,1,0,1,0,0,0,0,0,1,0,1,1,0,1,0,1,0
0,0.3477143300849545,1.3253165220728964,0.908651684631683,1,1,0,0,1,0,1,1,0,0,0,0,1,0,1,0,0,0,1,0,1,0,0,1,0,1,0
0,0.46999751734522527,-0.5255585242887678,-0.009602103339454727,0,0,0,0,0,1,0,0,0,0,0,0,0,0,1,0,0,0,1,0,1,1,0,1,0,1,0
0,0.26619220524477405,-0.9745578616810853,-0.43129561887333195,0,1,0,0,0,1,0,0,0,0,0,0,0,0,1,0,1,0,0,0,0,1,0,0,0,0,1
0,1.6113072651077522,0.00825179905543169,1.0886054273593797,0,1,1,1,0,1,0,0,0,0,1,0,1,0,1,0,1,0,1,0,1,0,1,1,1,0,0
1,-0.7935954176775724,1.0642317221818078,-0.4637658210423893,0,0,0,0,1,0,0,1,0,0,0,0,0,0,1,0,0,0,1,0,1,0,0,1,0,1,0
0,0.755324954285857,0.16290712637945234,0.5628175612577161,0,0,1,1,1,0,0,0,0,0,1,0,1,0,0,0,1,0,0,0,1,1,0,1,1,0,0
1,1.570546202687662,1.1423908660982487,2.1736439969882904,0,0,1,0,1,0,0,1,0,0,0,0,1,0,1,0,0,0,1,0,1,0,1,1,0,1,0
1,-0.4267458558967602,1.0592428406552268,-0.08991732487310795,1,1,0,0,1,0,1,1,0,0,0,0,0,0,0,0,0,0,1,0,1,0,0,1,0,1,0
0,-1.2419671042985652,-0.32600326322551565,-0.963524584861792,1,0,0,0,1,0,0,0,0,0,0,0,1,0,0,0,1,0,0,0,0,0,0,1,1,0,0
0,0.9591302663863083,1.3951608634450345,1.6004081656246418,0,0,0,0,1,0,1,1,0,0,0,0,1,0,1,0,0,0,1,0,1,1,0,1,0,1,0
0,-1.2827281667186554,-0.45238826189890863,-0.9862449029556297,0,1,0,0,1,0,0,0,0,0,1,0,0,0,0,0,0,0,0,0,0,0,0,0,0,0,1
0,-0.3859847934766699,-0.23620339574705207,-0.44289842209406854,0,0,1,1,1,0,0,0,0,0,1,0,1,0,0,0,1,0,0,0,0,1,0,1,0,0,1
1,1.3667408905872107,0.19949225757438172,1.0817893319312284,0,0,1,0,1,0,1,0,0,0,0,0,1,0,1,0,0,0,1,0,0,1,0,1,0,0,0
1,-0.5490290431570309,0.7765395541489529,-0.2254230666696559,1,1,0,0,1,0,1,1,0,0,0,0,1,0,0,0,0,0,1,0,0,0,0,1,0,1,0
0,-0.8751175425177529,0.4871844256072372,-0.6578370429740235,0,1,0,0,1,0,0,1,0,0,1,0,0,0,1,0,0,0,0,0,0,0,0,1,0,0,0
0,-0.9974007297780236,-1.5000533824809827,-0.9448851006003428,1,0,1,1,1,0,0,0,1,1,0,1,0,1,0,1,0,1,0,1,0,1,0,1,0,0,1
0,0.7960860167059473,1.1074686954121795,1.1940894672863032,0,0,1,1,1,0,1,1,0,0,1,0,1,0,1,0,0,0,0,0,1,0,0,0,0,0,0
0,-1.201206041878475,-1.4834237773923784,-0.9817449564593745,0,1,0,0,1,0,0,0,1,1,0,1,0,1,0,1,0,1,0,1,0,0,0,1,0,1,0
0,0.755324954285857,0.4755437020452143,0.7640136984750879,0,0,1,1,1,0,0,1,0,0,1,0,1,0,0,0,0,0,0,0,0,0,0,1,0,0,0
1,-0.712073292837392,0.35913646642498387,-0.5029859429558293,1,1,0,0,1,0,1,1,0,0,0,0,0,0,0,0,0,0,0,0,0,0,0,0,0,1,0
1,1.2852187657470302,0.9777577757210655,1.6740837602201928,0,1,1,0,1,0,1,1,0,0,0,0,1,0,1,0,0,0,0,0,1,0,0,1,0,1,0
0,0.18467008040459354,-0.8199025343570646,-0.3564288619699487,0,0,0,0,0,1,0,0,0,0,0,0,0,0,1,0,0,0,0,0,1,0,0,1,1,0,0
0,-0.7935954176775724,-1.4934015404455407,-0.9013635592419528,0,1,0,0,1,0,0,0,1,1,0,1,0,1,0,1,0,1,0,1,0,0,1,0,0,0,1
0,0.6738028294456765,-0.3160255001723529,0.15316802016969833,0,1,1,0,1,0,1,0,0,0,1,0,0,0,0,0,0,0,0,0,0,1,0,1,0,1,0
1,0.5107585797653155,1.2405055361210144,1.0802452326432976,0,0,0,0,1,0,1,1,0,0,0,0,0,0,1,0,0,0,1,0,1,1,0,1,0,0,0
0,-0.5897901055771212,0.20780706011868388,-0.45838353209588795,0,0,0,0,1,0,0,1,0,0,0,0,0,0,0,0,0,0,0,0,0,0,0,1,0,1,0
1,-1.2827281667186554,0.32754021675663547,-0.975899437726494,1,1,0,0,1,0,1,1,0,0,0,0,0,0,0,0,0,0,0,0,0,0,0,1,0,1,0
0,1.4482630154273912,-0.35759951289386377,0.6651692854862662,0,1,1,0,0,1,0,0,0,0,1,0,0,0,1,0,0,0,1,0,1,0,1,1,0,0,0
0,0.8776081415461278,-1.5033793034987035,-0.5638455134615555,0,1,0,0,1,0,0,0,1,1,0,1,0,1,0,1,0,1,0,1,0,0,1,0,1,0,0
1,-0.3859847934766699,0.7848543566932551,-0.06891757455725012,0,0,1,1,1,0,0,1,0,0,0,0,1,0,1,0,0,0,0,0,1,0,0,1,0,0,0
0,-0.6305511679972114,0.39239567660219254,-0.42935446548279055,1,1,0,0,1,0,0,1,0,0,0,0,0,0,1,0,0,0,0,0,0,0,0,1,0,1,0
0,1.570546202687662,0.5171177147667252,1.5177988537203486,0,1,1,0,1,0,1,0,0,0,1,0,1,0,1,0,1,0,0,0,1,0,1,0,1,0,0
0,1.407501953007301,-1.516682987569587,-0.40317095327173685,0,0,1,1,1,0,0,0,1,1,0,1,0,1,0,1,0,1,0,1,0,0,1,1,0,0,0
0,-0.7528343552574821,0.6634582395464431,-0.47772889031753407,0,0,1,1,1,0,1,1,0,0,0,0,0,0,0,0,0,0,1,0,0,0,0,1,0,1,0
1,-1.2827281667186554,-1.2988351609088702,-0.9974727106350115,1,0,0,0,0,1,0,0,0,0,0,0,0,0,0,0,0,0,0,0,0,0,0,1,0,0,1
0,1.24445770332694,-1.5083681850252848,-0.4727877725961559,0,0,0,1,1,0,0,0,1,1,0,1,0,1,0,1,0,1,0,1,0,0,1,0,1,0,0
0,0.3477143300849545,0.12465903467566214,0.2604167449971145,0,0,0,0,1,0,1,0,0,0,0,0,0,0,1,0,1,0,0,0,1,1,0,1,0,1,0
0,-0.6305511679972114,0.922880078928671,-0.311936743916288,0,0,1,0,1,0,1,1,0,0,0,0,0,0,0,0,0,0,1,0,1,0,0,0,0,1,0
0,0.9591302663863083,1.1872907998374802,1.4241823197492354,0,1,1,0,1,0,1,1,0,0,1,0,0,0,0,0,0,0,1,0,1,1,0,1,0,1,0
0,-1.1196839170382944,-1.4734460143392158,-0.9664583735088604,0,0,0,0,1,0,0,0,1,1,0,1,0,1,0,1,0,1,0,1,0,0,0,0,1,0,0
0,-1.2419671042985652,-0.7400804299317638,-0.976914131544277,1,0,0,0,0,1,0,0,0,0,1,0,1,0,0,0,0,0,0,0,1,0,0,1,0,1,0
0,-1.201206041878475,-1.505042264007564,-0.9844802180551374,0,0,1,0,1,0,0,0,1,1,0,1,0,1,0,1,0,1,0,1,0,0,0,1,0,0,1
0,0.18467008040459354,0.08641094297187242,0.06905872609998702,0,1,0,0,1,0,1,0,0,0,1,0,1,0,1,0,1,0,0,0,0,1,0,0,0,1,0
0,-0.14141841895612844,0.1329738372199643,-0.139527029138196,1,0,0,0,1,0,0,0,0,0,1,0,1,0,1,0,0,0,0,0,1,0,0,1,0,0,0
0,-0.9974007297780236,-0.7084841802634158,-0.8608860993369121,0,1,0,0,1,0,0,0,0,0,0,0,0,0,0,0,0,0,0,0,0,0,0,0,0,0,1
0,1.24445770332694,1.496601454485521,2.0806451027323494,0,0,0,0,1,0,1,1,0,0,0,0,1,0,1,0,1,0,1,0,1,0,0,1,1,0,0
0,-1.0381617921981139,-1.4701200933214948,-0.9387307620098762,0,0,1,1,1,0,0,0,1,1,0,1,0,1,0,1,0,1,0,1,0,0,0,0,0,0,1
0,-1.201206041878475,1.0160058674248558,-0.8795255835983613,0,0,0,0,1,0,0,1,0,0,0,0,1,0,0,0,0,0,1,0,1,0,0,0,0,1,0
0,1.6113072651077522,-1.4584793697594718,-0.34985541071561505,0,1,1,1,1,0,0,0,1,1,0,1,0,1,0,1,0,1,0,1,0,0,1,0,0,0,0
0,-0.5490290431570309,-0.2877551715217255,-0.5264783106936323,0,0,0,0,1,0,0,0,0,0,0,0,0,0,0,0,0,0,0,0,1,0,0,1,0,1,0
0,1.081413453646579,-1.5449533162202145,-0.5421619477467571,0,0,1,0,1,0,0,0,1,1,0,1,0,1,0,1,0,1,0,1,0,0,1,0,0,0,0
0,-1.2419671042985652,0.8364061324679285,-0.9250103369085488,1,1,1,1,1,0,0,1,0,0,0,0,0,0,1,0,1,0,0,0,1,0,0,0,1,0,0
0,0.10314795556441304,-1.3004981214177305,-0.6194992635108296,0,0,1,1,1,0,1,0,1,1,0,1,0,1,0,1,0,1,0,1,0,0,0,1,0,1,0
0,-0.7528343552574821,-1.505042264007564,-0.8763270922162192,0,1,0,0,1,0,0,0,1,1,0,1,0,1,0,1,0,1,0,1,0,0,0,0,1,0,0
0,-0.7528343552574821,0.34915870337182087,-0.5562353098281827,1,0,0,0,1,0,0,1,0,0,0,0,0,0,1,0,0,0,0,0,0,0,0,0,0,1,0
0,1.4890240778474815,-1.4983904219721222,-0.3749139363026049,0,0,1,1,1,0,0,0,1,1,0,1,0,1,0,1,0,1,0,1,0,0,1,0,1,0,0
1,-1.0381617921981139,-0.021681490104055855,-0.7992985963097329,0,1,1,0,1,0,1,0,0,0,1,0,1,0,0,0,1,0,0,0,0,0,0,0,0,1,0
0,1.4890240778474815,0.36246238744270454,1.3682418084036312,0,1,1,1,1,0,0,0,0,0,1,0,1,0,1,0,1,0,1,0,0,0,1,1,0,0,0
0,1.6113072651077522,0.46889186000977245,1.519122367395718,0,0,1,1,1,0,1,0,0,0,0,0,1,0,0,0,1,0,1,0,1,0,1,1,0,1,0
0,-0.9974007297780236,1.1972685628906428,-0.6472930506935825,1,1,0,0,1,0,1,1,0,0,0,0,1,0,0,0,0,0,1,0,1,0,0,0,0,1,0
0,-1.1604449794583847,-0.48398451156725697,-0.9130766552689702,0,0,1,1,1,0,0,0,0,0,1,0,0,0,0,0,0,0,0,0,0,0,0,0,0,1,0
0,1.24445770332694,0.513791793749004,1.1512737998881104,0,1,1,1,1,0,0,1,0,0,0,0,1,0,1,0,0,0,0,0,0,0,0,1,1,0,0
0,1.6113072651077522,-1.4967274614632617,-0.37617127429420566,0,1,0,0,1,0,0,0,1,1,0,1,0,1,0,1,0,1,0,1,0,0,1,0,0,0,0
0,0.5515196421854057,-1.4551534487417508,-0.5954333731803667,0,0,0,0,1,0,0,0,1,1,0,1,0,1,0,1,0,1,0,1,0,0,1,1,0,1,0
0,-1.1196839170382944,0.16955896841489418,-0.8632022482688081,1,0,1,0,1,0,0,1,0,0,0,0,0,0,0,0,0,0,0,0,0,0,0,0,0,1,0
0,-0.1006573565360382,-0.4939622746204195,-0.3581714883091847,0,1,1,0,1,0,0,0,0,0,0,0,0,0,1,0,0,0,0,0,0,0,0,1,0,0,1
0,1.24445770332694,1.326979482581757,1.8748607847736976,0,1,0,0,1,0,1,1,0,0,0,0,1,0,1,0,0,0,1,0,1,0,1,1,0,0,0
0,1.1221745160666692,-1.4967274614632617,-0.5111696691818621,0,0,0,0,1,0,0,0,1,1,0,1,0,1,0,1,0,1,0,1,0,0,1,0,0,0,0
0,1.24445770332694,1.4184423105690807,2.02364578044645,1,0,1,0,1,0,1,1,0,0,0,0,1,0,1,0,0,0,1,0,1,1,0,1,0,1,0
0,-0.3044626686364894,0.700043370741373,-0.03869734563632048,0,1,1,1,1,0,0,1,0,0,0,0,0,0,0,0,1,0,1,0,0,0,0,0,0,1,0
0,-1.2827281667186554,-0.6319879968558355,-0.9886272275712943,1,1,0,0,1,0,0,0,0,0,0,0,0,0,0,0,0,0,0,0,0,0,0,1,0,0,1
1,-1.0789228546182041,0.5304213988376084,-0.8071955612394357,0,1,1,0,1,0,1,1,0,0,0,0,0,0,1,0,0,0,0,0,0,0,0,1,0,1,0
0,-0.4267458558967602,-1.3171277265063348,-0.7589314292109728,0,1,0,0,1,0,1,0,1,1,0,1,0,1,0,1,0,1,0,1,0,0,1,0,0,0,1
0,-0.05989629411594795,0.5221065962933062,0.08154387177096951,0,0,1,1,1,0,1,0,0,0,0,0,1,0,0,0,1,0,1,0,1,0,1,0,0,0,0
0,0.26619220524477405,0.5537028459616545,0.36199641958169915,0,0,1,1,1,0,0,1,0,0,0,0,0,0,1,0,1,0,0,0,0,0,0,1,0,0,0
0,-0.2637016062163992,-1.4618052907771928,-0.7801958822619044,0,1,0,0,1,0,0,0,1,1,0,1,0,1,0,1,0,1,0,1,0,0,0,0,0,0,1
0,0.8368470791260375,1.3718794163209884,1.5365927479105912,1,0,1,0,1,0,0,1,0,0,1,0,1,0,1,0,0,0,1,0,1,1,0,1,0,0,0
0,-1.2827281667186554,0.8929467897691834,-0.968399526899402,1,0,0,0,1,0,0,1,0,0,0,0,1,0,0,0,1,0,1,0,0,0,0,0,0,1,0
0,-0.8343564800976626,0.07975910093643059,-0.6416681175732634,0,1,0,0,1,0,1,0,0,0,1,0,1,0,0,0,1,0,0,0,0,0,0,1,0,1,0
0,-0.6713122304173017,1.022657709460297,-0.32254691188049756,1,0,0,0,1,0,1,1,0,0,0,0,1,0,1,0,0,0,0,0,1,0,0,1,1,0,0
0,-1.2419671042985652,-1.4800978563746574,-0.9888698717451119,0,0,0,0,1,0,0,0,1,1,0,1,0,1,0,1,0,1,0,1,0,0,0,0,0,0,1
0,0.26619220524477405,-0.6585953649976026,-0.21889373253783462,0,1,0,1,0,1,0,0,0,0,1,0,0,0,0,0,1,0,1,0,0,1,0,0,0,0,0
0,-1.2827281667186554,0.33585501930093764,-0.9757891449202133,1,1,0,0,1,0,1,1,0,0,0,0,0,0,0,0,0,0,0,0,0,0,0,1,0,1,0
0,-1.0381617921981139,-1.0044911508405732,-0.9000621041278399,0,0,1,1,0,1,0,0,0,0,1,0,0,0,0,0,1,0,0,0,0,0,0,0,0,0,1
1,-1.1604449794583847,0.14960344230856867,-0.8934224771897378,0,1,0,0,1,0,0,1,0,0,0,0,0,0,0,0,0,0,0,0,0,0,0,0,0,1,0
1,-0.9158786049378431,1.0143429069159948,-0.6125287581538853,1,1,0,0,1,0,1,1,0,0,0,0,0,0,0,0,0,0,1,0,1,0,0,1,0,1,0
0,0.918369203966218,0.5553658064705149,0.9806067114492544,0,0,0,0,1,0,0,1,0,0,0,0,1,0,1,0,0,0,0,0,0,0,0,1,0,1,0
0,1.6113072651077522,0.3508216638806817,1.4088736782374651,0,1,1,1,1,0,0,0,0,0,0,0,1,0,1,0,0,0,1,0,1,0,1,1,0,0,0
0,-0.9158786049378431,0.09805166653389527,-0.7207039425540596,0,0,1,0,1,0,0,0,0,0,0,0,0,0,1,0,0,0,1,0,1,0,0,1,1,0,0
1,-0.8751175425177529,1.5481532302601948,-0.48692731036134995,0,1,0,0,1,0,1,1,0,0,0,0,1,0,1,0,1,0,1,0,1,0,0,1,0,1,0
0,-0.712073292837392,-0.6170213522760918,-0.7267479883382455,0,0,1,1,1,0,0,0,0,0,0,0,0,0,0,0,0,0,0,0,0,0,0,0,0,1,0
0,-0.3859847934766699,-1.4784348958657971,-0.7976442042155214,0,0,1,1,1,0,0,0,1,1,0,1,0,1,0,1,0,1,0,1,0,0,1,0,0,0,0
0,-1.2827281667186554,-1.4900756194278202,-1.000009445179469,0,1,0,1,1,0,0,0,1,1,0,1,0,1,0,1,0,1,0,1,0,0,0,0,0,0,1
1,-1.201206041878475,-0.660258325506463,-0.9527820655300456,1,0,0,0,1,0,0,0,0,0,0,0,0,0,0,0,0,0,0,0,0,0,0,0,0,1,0
0,0.592280704605496,1.0392873145489014,0.928526448323477,0,1,1,1,1,0,0,1,0,0,1,0,1,0,1,0,0,0,0,0,1,1,0,1,0,1,0
0,-0.712073292837392,-1.5033793034987035,-0.8894739947248864,0,0,0,1,1,0,0,0,1,1,0,1,0,1,0,1,0,1,0,1,0,1,0,0,0,0,1
0,1.3667408905872107,1.1523686291514113,1.95162457794511,1,1,0,0,1,0,0,1,0,0,0,0,1,0,1,0,0,0,1,0,1,0,0,0,0,1,0
1,1.4482630154273912,-0.13975168623314688,0.7451977457235893,0,0,1,0,1,0,0,0,0,0,0,0,1,0,1,0,1,0,0,0,0,1,0,1,0,0,0
0,-0.6305511679972114,1.1224353399919231,-0.2566800479696247,1,0,1,1,1,0,0,1,0,0,0,0,0,0,1,0,1,0,1,0,1,1,0,0,0,0,0
0,-1.0381617921981139,-0.17799977793693683,-0.8253497571532495,1,0,0,0,1,0,0,0,0,0,0,0,0,0,0,0,1,0,1,0,0,0,0,1,0,0,1
1,-0.8343564800976626,0.5187806752755855,-0.5896540301312545,1,1,1,0,1,0,0,1,0,0,0,0,0,0,0,0,0,0,0,0,1,0,0,1,0,1,0
1,-0.46750691831685043,0.2277625862250094,-0.348399545672709,0,0,1,0,1,0,1,0,0,0,0,0,1,0,1,0,0,0,0,0,1,1,0,0,0,0,0
0,-0.46750691831685043,-0.9595912171013413,-0.6646751969634309,0,1,0,0,0,1,0,0,0,0,0,0,1,0,0,0,1,0,0,0,0,0,0,1,0,0,1
0,0.9591302663863083,0.011577720073152843,0.5406045900727701,0,0,1,1,1,0,1,0,0,0,1,0,0,0,0,0,0,0,1,0,0,1,0,0,0,0,0
0,-1.0789228546182041,-0.5288844453064885,-0.8883048909783102,0,0,1,1,1,0,1,0,0,0,0,0,0,0,0,0,0,0,0,0,0,0,0,1,1,0,0
1,1.3259798281671205,-0.37755503900018905,0.5431413246172276,0,0,0,0,0,1,0,0,0,0,0,0,1,0,1,0,0,0,1,0,1,0,1,1,0,0,0
0,0.38847539250504476,0.5187806752755855,0.4804950106497531,0,1,1,0,1,0,1,0,0,0,1,0,0,0,0,0,1,0,1,0,1,1,0,0,1,0,0
0,1.4482630154273912,1.4699940863437542,2.303701274154569,0,0,1,1,1,0,1,1,0,0,1,0,0,0,1,0,1,0,1,0,1,0,1,1,0,0,0
0,0.6330417670255862,-1.2822055558202659,-0.45957469440372023,0,1,1,1,1,0,1,0,1,1,0,1,0,1,0,1,0,1,0,1,0,0,1,0,0,0,0
1,0.7145638918657667,1.3951608634450345,1.3505067251536842,0,0,0,0,1,0,1,1,0,0,0,0,1,0,0,0,1,0,1,0,1,1,0,1,0,1,0
1,-1.0381617921981139,0.003262917528850668,-0.7910707529611877,0,0,0,0,1,0,0,0,0,0,0,0,1,0,1,0,0,0,1,0,0,0,0,1,0,1,0
0,1.24445770332694,-1.513357066551866,-0.4512806753714067,0,0,1,1,1,0,0,0,1,1,0,1,0,1,0,1,0,1,0,1,0,0,1,0,0,1,0
0,-0.6305511679972114,-1.4551534487417508,-0.8387613623969906,0,1,0,0,1,0,0,0,1,1,0,1,0,1,0,1,0,1,0,1,0,0,0,0,1,0,0
0,0.38847539250504476,0.4356326498325638,0.4840684975732499,1,0,1,1,1,0,0,1,0,0,0,0,0,0,0,0,0,0,1,0,0,0,0,1,1,0,0
0,-1.1604449794583847,-1.5299866716404704,-0.971708311087825,0,1,1,1,1,0,0,0,1,1,0,1,0,1,0,1,0,1,0,1,0,0,0,0,0,0,1
0,1.2036966409068497,-1.2921833188734282,-0.28590764163402743,0,0,0,1,1,0,1,0,1,1,0,1,0,1,0,1,0,1,0,1,0,0,1,0,0,0,0
1,-1.2419671042985652,0.32754021675663547,-0.9358852076078323,1,1,0,0,1,0,0,1,0,0,0,0,1,0,0,0,0,0,0,0,0,0,0,1,0,1,0
0,-1.2419671042985652,0.18286265248577738,-0.9558040884221385,0,0,1,0,1,0,0,1,0,0,0,0,0,0,0,0,0,0,0,0,0,0,0,1,0,1,0
0,0.6330417670255862,1.0658946826906688,0.9647024887835679,0,1,1,0,1,0,1,1,0,0,1,0,1,0,1,0,0,0,1,0,0,0,1,1,0,0,0
0,-0.22294054379630893,-1.5067052245164245,-0.7792032470053775,0,1,1,0,1,0,0,0,1,1,0,1,0,1,0,1,0,1,0,1,0,0,1,0,0,0,0
0,1.5297851402675717,0.5171177147667252,1.5136959613267045,0,0,1,1,1,0,0,0,0,0,0,0,1,0,1,0,1,0,1,0,1,0,1,1,0,0,0
1,-1.2827281667186554,0.7964950802552779,-0.9696789234522587,1,1,0,0,1,0,1,1,0,0,0,0,0,0,1,0,0,0,1,0,0,0,0,1,0,1,0
0,0.5515196421854057,0.9910614597919492,0.8936959801000114,0,1,1,0,1,0,1,1,0,0,0,0,1,0,1,0,0,0,1,0,0,1,0,1,0,1,0
0,-0.1006573565360382,0.8447209350122307,0.2067262068996379,1,1,0,0,1,0,0,1,0,0,0,0,0,0,0,0,0,0,1,0,1,0,0,1,0,1,0
0,-0.712073292837392,-0.006714845524311847,-0.5700880862970469,1,0,0,0,1,0,1,0,0,0,1,0,0,0,0,0,0,0,0,0,1,0,0,1,0,0,0
0,1.4890240778474815,1.0276465909868786,1.8637212113393402,0,1,1,1,1,0,1,1,0,0,0,0,1,0,1,0,0,0,1,0,0,1,0,0,1,0,0
0,1.3259798281671205,-1.5067052245164245,-0.47122161474696894,0,1,0,0,1,0,0,0,1,1,0,1,0,1,0,1,0,1,0,1,0,0,1,1,1,0,0
1,1.6113072651077522,1.305360995966571,2.2768560051058304,0,1,1,1,1,0,0,1,0,0,1,0,0,0,1,0,1,0,1,0,1,0,1,1,1,0,0
1,-0.7935954176775724,0.8048098827995801,-0.4929713561455359,1,1,1,0,1,0,0,1,0,0,0,0,1,0,0,0,1,0,0,0,1,0,0,1,0,0,0
0,-0.6305511679972114,-1.4884126589189595,-0.8855475708212911,0,1,0,0,1,0,0,0,1,1,0,1,0,1,0,1,0,1,0,1,0,1,0,1,0,0,1
0,0.755324954285857,1.5531421117867759,1.5147988893895121,0,1,1,0,1,0,1,1,0,0,1,0,0,0,1,0,1,0,1,0,1,1,0,1,0,1,0
0,0.755324954285857,-0.14474056775972813,0.36823899241719027,0,1,1,1,1,0,0,0,0,0,1,0,1,0,0,0,1,0,0,0,0,0,1,0,1,0,0
0,1.6113072651077522,0.8680023821362769,1.8449052585878418,0,0,1,0,1,0,1,0,0,0,1,0,1,0,1,0,1,0,1,0,1,0,1,1,0,0,0
0,1.407501953007301,0.749932186007186,1.6023493190151834,1,1,1,1,1,0,1,1,0,0,0,0,1,0,1,0,0,0,0,0,0,1,0,0,0,1,0
0,0.06238689314432279,-1.501716342989843,-0.710799648550047,0,1,0,0,1,0,0,0,1,1,0,1,0,1,0,1,0,1,0,1,0,0,0,0,0,0,1
0,1.407501953007301,-0.46236602495207113,0.5448177752726951,0,1,1,0,0,1,0,0,0,0,1,0,1,0,0,0,1,0,0,0,1,0,1,1,0,0,0
0,0.6738028294456765,-1.4900756194278202,-0.6016097703320895,0,0,1,0,1,0,0,0,1,1,0,1,0,1,0,1,0,1,0,1,0,1,0,1,0,0,0
0,0.8368470791260375,-1.5116941060430058,-0.5190004584277964,0,1,1,1,1,0,0,0,1,1,0,1,0,1,0,1,0,1,0,1,0,0,1,1,0,0,1
0,-0.22294054379630893,-0.1796627384457972,-0.2978413232736062,0,1,0,0,1,0,1,0,0,0,0,0,0,0,1,0,1,0,0,0,0,0,0,0,0,1,0
1,-0.3859847934766699,0.9943873808096698,0.0030153936990647604,1,0,0,0,1,0,0,1,0,0,0,0,1,0,0,0,0,0,1,0,1,0,0,1,0,1,0
0,1.4890240778474815,0.5537028459616545,1.4410791776714487,0,1,0,0,1,0,1,0,0,0,1,0,1,0,1,0,1,0,0,0,1,0,1,1,1,0,0
0,-1.2419671042985652,-1.1907427278329419,-0.9891125159189296,0,0,1,1,0,1,0,0,0,0,0,0,0,0,0,0,1,0,0,0,0,0,0,0,0,0,0
0,0.10314795556441304,0.7183359363388377,0.32749682977707567,1,0,0,0,1,0,1,1,0,0,0,0,0,0,0,0,0,0,1,0,0,0,0,1,0,1,0
0,0.5515196421854057,0.19117745503007955,0.41659135869067787,0,0,1,0,1,0,0,0,0,0,1,0,1,0,0,0,1,0,0,0,1,1,0,0,0,0,1
0,0.8776081415461278,1.0758724457438313,1.2541108124642955,0,0,0,0,1,0,1,1,0,0,0,0,1,0,0,0,0,0,1,0,1,0,1,1,0,0,0
0,0.9591302663863083,1.1107946164299003,1.4212705896634235,1,0,1,0,1,0,1,1,0,0,0,0,1,0,0,0,0,0,1,0,1,1,0,1,0,1,0
0,-0.9566396673579334,0.36246238744270454,-0.7194907216849712,1,0,1,0,1,0,0,1,0,0,0,0,0,0,1,0,0,0,0,0,0,0,0,1,0,0,0
0,-0.5082679807369407,-0.18797754099009936,-0.48333176487659696,0,1,0,0,1,0,1,0,0,0,1,0,0,0,0,0,1,0,0,0,0,0,0,0,0,0,0
0,-0.8751175425177529,0.36745126896928604,-0.626624178796567,0,1,0,0,1,0,0,1,0,0,0,0,1,0,0,0,0,0,0,0,0,0,0,1,0,0,1
1,-0.1006573565360382,0.8380690929767889,0.15019011440011767,0,0,1,0,1,0,1,1,0,0,0,0,1,0,0,0,0,0,1,0,0,0,0,1,0,1,0
0,1.4482630154273912,0.20281817859210285,1.082936377116548,0,1,1,0,1,0,0,0,0,0,1,0,1,0,1,0,0,0,0,0,1,0,1,0,0,0,0
1,0.22543114282468377,1.2554721807007578,0.7598887475201871,0,1,1,0,1,0,1,1,0,0,0,0,1,0,1,0,0,0,1,0,1,0,0,1,0,1,0
1,-0.6305511679972114,0.6817508051439078,-0.3632228988368438,1,0,1,0,1,0,1,1,0,0,1,0,0,0,1,0,0,0,0,0,0,0,0,1,0,0,0
0,0.6330417670255862,1.3718794163209884,1.2335301748123049,1,1,0,0,1,0,1,1,0,0,0,0,1,0,1,0,0,0,1,0,1,1,0,1,1,0,0
0,-1.2827281667186554,-0.7001693777191135,-0.9895316285827964,0,0,0,0,1,0,0,0,0,0,0,0,0,0,0,0,0,0,0,0,0,0,0,0,0,1,0
0,1.24445770332694,-0.1946293830255412,0.6268315060230721,0,1,1,1,0,1,0,0,0,0,1,0,1,0,1,0,0,0,1,0,1,0,1,0,0,1,0
0,-1.201206041878475,0.16955896841489418,-0.911598731664808,0,0,0,0,1,0,0,0,0,0,0,0,0,0,1,0,0,0,1,0,1,1,0,1,0,1,0
0,0.6330417670255862,-1.3470610156658227,-0.508699110321173,0,0,0,0,1,0,1,0,1,1,0,1,0,1,0,1,0,1,0,1,0,1,0,0,0,0,0
0,1.3667408905872107,-1.177439043762058,-0.13394621314038926,0,1,0,0,0,1,0,0,0,0,0,0,0,0,0,0,1,0,0,0,0,1,0,0,1,0,0
0,1.4482630154273912,0.65015455547556,1.526445809732761,0,0,1,1,1,0,1,1,0,0,0,0,1,0,1,0,0,0,0,0,0,0,1,1,1,0,0
1,-0.6305511679972114,-0.6585953649976026,-0.6688883821633562,1,1,0,0,1,0,0,0,0,0,0,0,0,0,0,0,0,0,0,0,0,0,0,1,0,1,0
0,-1.0381617921981139,-1.4701200933214948,-0.9497159255154403,0,0,1,1,1,0,0,0,1,1,0,1,0,1,0,1,0,1,0,1,0,1,0,0,0,0,1
0,1.6113072651077522,0.7399544229540231,1.7396859213959923,0,1,1,0,1,0,1,0,0,0,1,0,1,0,1,0,1,0,1,0,1,0,1,1,0,0,0
0,-0.14141841895612844,-1.4967274614632617,-0.7560417576864168,0,0,1,0,1,0,0,0,1,1,0,1,0,1,0,1,0,1,0,1,0,0,0,0,0,0,1
0,0.18467008040459354,0.8480468560299513,0.49964184182009397,0,1,1,0,1,0,0,1,0,0,0,0,0,0,1,0,1,0,0,0,1,0,0,1,0,1,0
0,0.06238689314432279,1.4949384939766606,0.5737365490795119,1,0,0,0,1,0,1,1,0,0,1,0,1,0,1,0,0,0,1,0,1,0,0,1,0,0,1
1,0.38847539250504476,0.6584693580198622,0.5534867898463633,1,0,0,0,1,0,1,1,0,0,0,0,0,0,0,0,0,0,1,0,0,0,0,1,0,1,0
0,1.081413453646579,0.021555483126315358,0.668169249817103,0,0,1,1,1,0,1,0,0,0,1,0,1,0,0,0,1,0,0,0,0,1,0,0,0,0,1
0,-0.8751175425177529,0.4871844256072372,-0.6256977192238086,1,1,1,1,1,0,0,1,0,0,0,0,0,0,0,0,0,0,1,0,0,0,0,1,0,0,0
1,1.1221745160666692,0.5354102803641899,1.1348401717522765,0,1,1,1,1,0,1,1,0,0,1,0,0,0,0,0,0,0,0,0,0,0,0,1,0,1,0
0,-0.22294054379630893,-0.28941813203058603,-0.3738551253623096,0,0,0,0,1,0,0,0,0,0,0,0,1,0,0,0,1,0,0,0,0,0,0,1,0,0,1
0,-1.2827281667186554,0.6967174497236519,-0.9710024371276279,1,0,0,0,1,0,1,1,0,0,0,0,0,0,0,0,0,0,0,0,1,0,0,0,0,0,1
1,-1.2827281667186554,0.4738807415363535,-0.9739582843359526,1,1,0,0,1,0,0,1,0,0,0,0,0,0,0,0,0,0,1,0,0,0,0,1,0,1,0
0,-0.6305511679972114,-1.0128059533848752,-0.7473506845514925,0,1,1,0,0,1,0,0,0,0,1,0,0,0,1,0,0,0,0,0,0,0,0,0,0,0,1
0,1.0406523912264887,-1.466794172303774,-0.48564791380849304,0,1,1,0,1,0,0,0,1,1,0,1,0,1,0,1,0,1,0,1,0,0,1,0,0,0,1
0,-1.2827281667186554,-1.531649632149331,-1.000560909210873,0,1,1,1,1,0,0,0,1,1,0,1,0,1,0,1,0,1,0,1,0,1,0,0,0,0,1
0,-1.201206041878475,-0.6835397726305091,-0.949517398464135,1,0,1,1,1,0,0,0,0,0,0,0,0,0,0,0,0,0,0,0,0,0,0,0,0,0,1
0,0.8368470791260375,0.8630135006096954,1.1622369048324181,0,0,0,0,1,0,1,1,0,0,1,0,1,0,1,0,0,0,0,0,0,0,0,0,0,1,0
0,0.10314795556441304,-1.3054870029443117,-0.6112493616010284,0,1,0,0,1,0,1,0,1,1,0,1,0,1,0,1,0,1,0,1,0,0,0,1,0,1,0
0,0.7145638918657667,1.3668905347944074,1.3477935221191777,1,1,1,1,1,0,1,1,0,0,1,0,0,0,1,0,0,0,1,0,1,0,0,0,1,0,0
0,1.4482630154273912,0.19782929706552138,1.1352151672936308,0,1,1,1,1,0,1,0,0,0,0,0,1,0,0,0,1,0,0,0,1,0,1,0,1,0,0
0,0.592280704605496,-1.3121388449797535,-0.5062726685829961,0,1,1,0,1,0,1,0,1,1,0,1,0,1,0,1,0,1,0,1,0,0,0,0,0,1,0
1,1.3259798281671205,1.461679283799452,2.1157182151296325,0,0,1,0,1,0,1,1,0,0,0,0,1,0,1,0,0,0,1,0,1,0,0,1,0,0,0
0,-1.1196839170382944,0.16290712637945234,-0.8656507485682412,1,1,0,0,1,0,0,1,0,0,0,0,0,0,0,0,0,0,0,0,0,0,0,1,0,1,0
0,0.755324954285857,0.9910614597919492,1.1143918854678223,1,1,1,0,1,0,1,1,0,0,0,0,0,0,0,0,0,0,1,0,1,0,0,1,0,1,0
0,0.5515196421854057,1.037624354040041,0.9320778766857177,1,0,0,0,1,0,1,1,0,0,0,0,0,0,0,0,0,0,1,0,1,0,0,0,0,0,0
0,-0.9566396673579334,0.39904751863763394,-0.7161157618127798,0,0,0,0,1,0,1,1,0,0,0,0,0,0,0,0,0,0,0,0,0,0,0,1,0,1,0
0,-0.9974007297780236,-1.4834237773923784,-0.931804373775444,0,0,0,0,1,0,0,0,1,1,0,1,0,1,0,1,0,1,0,1,0,0,1,0,0,0,1
0,-0.7528343552574821,-1.3320943710860789,-0.866930145121098,0,1,0,0,1,0,1,0,1,1,0,1,0,1,0,1,0,1,0,1,0,1,0,1,1,0,0
0,0.5107585797653155,1.6895048735133318,1.2523681861250595,0,0,0,0,1,0,1,1,0,0,1,0,1,0,1,0,1,0,1,0,1,0,0,1,0,1,0
0,-0.9974007297780236,0.32421429573891436,-0.7666960427731386,0,0,0,0,1,0,1,1,0,0,0,0,0,0,0,0,0,0,0,0,0,0,0,1,1,0,0
1,-1.2827281667186554,-0.48897339309383825,-0.986730191303265,1,1,0,1,1,0,0,0,0,0,0,0,0,0,1,0,0,0,0,0,0,0,0,1,0,0,1
0,1.3667408905872107,1.2737647462982231,2.0931523069645883,0,1,1,1,1,0,0,1,0,0,1,0,1,0,1,0,0,0,1,0,1,1,0,1,0,0,0
0,1.6113072651077522,0.2410662702958926,1.2043466982704143,0,1,1,1,1,0,1,0,0,0,1,0,1,0,1,0,1,0,0,0,0,0,1,0,1,0,0
0,0.3477143300849545,1.6213234926500537,1.0183047926360198,1,0,1,0,1,0,1,1,0,0,1,0,1,0,1,0,1,0,1,0,1,0,0,1,0,0,0
0,-0.3859847934766699,-1.322116608032916,-0.7391007826416912,0,0,1,1,1,0,1,0,1,1,0,1,0,1,0,1,0,1,0,1,0,0,1,0,0,0,1
0,-0.14141841895612844,0.4672288995009121,0.04296344813395796,1,0,0,0,1,0,0,1,0,0,0,0,0,0,0,0,0,0,1,0,0,0,0,1,0,1,0
0,-1.1604449794583847,0.508802912222423,-0.8677463118875757,0,0,0,0,1,0,1,1,0,0,1,0,0,0,0,0,0,0,0,0,0,0,0,1,0,1,0
0,-1.0789228546182041,-1.3121388449797535,-0.9412233794318213,0,1,1,1,1,0,1,0,1,1,0,1,0,1,0,1,0,1,0,1,0,0,1,0,0,0,1
1,1.407501953007301,1.3485979691969427,2.0950493432326174,0,0,1,0,1,0,1,1,0,0,1,0,1,0,1,0,1,0,0,0,1,1,0,1,1,0,0
1,-1.0381617921981139,-0.6353139178735565,-0.8570037925558291,0,1,0,1,1,0,0,0,0,0,0,0,0,0,0,0,0,0,0,0,0,0,0,1,0,0,1
0,0.9591302663863083,-1.3437350946481017,-0.37725214379575706,0,1,1,1,1,0,1,0,1,1,0,1,0,1,0,1,0,1,0,1,0,1,0,1,0,0,1
0,1.6113072651077522,-1.325442529050637,-0.19304109874562322,0,0,1,0,1,0,1,0,1,1,0,1,0,1,0,1,0,1,0,1,0,0,1,0,1,0,0
0,1.6113072651077522,0.6784248841261872,1.6748337513029024,0,1,1,0,1,0,1,0,0,0,1,0,1,0,1,0,0,0,1,0,1,0,1,1,0,1,0
0,-0.3859847934766699,-1.505042264007564,-0.8206292250444328,0,1,1,1,1,0,0,0,1,1,0,1,0,1,0,1,0,1,0,1,0,0,1,0,1,0,0
0,0.10314795556441304,-0.48897339309383825,-0.27856214073572855,0,0,0,1,1,0,1,0,0,0,0,0,0,0,0,0,0,0,0,0,0,0,0,0,0,0,1
1,-0.22294054379630893,0.18951449452121918,-0.15126218372646938,0,1,1,0,1,0,0,1,0,0,0,0,0,0,0,0,0,0,0,0,0,0,0,1,0,1,0
0,-0.2637016062163992,-0.15970721233947216,-0.29585605276055243,1,0,1,1,1,0,1,0,0,0,0,0,1,0,0,0,1,0,0,0,0,0,0,1,0,1,0
0,-0.8343564800976626,-1.2788796348025449,-0.8699080508906787,0,1,1,1,1,0,1,0,1,1,0,1,0,1,0,1,0,1,0,1,0,1,0,0,0,0,1
0,0.30695326766486425,-1.4867496984100992,-0.6537782677028914,0,0,0,0,1,0,0,0,1,1,0,1,0,1,0,1,0,1,0,1,0,0,1,0,0,0,1
0,-1.0381617921981139,-0.19961826455212245,-0.8034014887033772,0,1,1,1,0,1,0,0,0,0,1,0,1,0,1,0,0,0,1,0,1,0,0,0,0,0,1
0,1.5297851402675717,1.0875131693058542,1.9333380306637598,0,1,1,1,1,0,1,1,0,0,1,0,1,0,0,0,0,0,1,0,0,0,0,1,1,0,0
0,1.1221745160666692,-1.5033793034987035,-0.49632425745647113,0,1,1,1,1,0,0,0,1,1,0,1,0,1,0,1,0,1,0,1,0,0,1,0,1,0,0
0,0.26619220524477405,-1.3171277265063348,-0.590734899632806,0,1,1,1,0,1,0,0,0,0,0,0,0,0,0,0,0,0,0,0,0,1,0,1,1,0,0
0,1.6113072651077522,1.6495938213006813,2.6859761407237,0,1,1,0,1,0,1,1,0,0,1,0,1,0,1,0,1,0,1,0,1,0,1,0,1,0,0
0,-1.2827281667186554,-1.0028281903317124,-0.9935462867314164,1,0,0,0,0,1,0,0,0,0,0,0,0,0,0,0,0,0,1,0,0,0,0,1,0,1,0
0,0.8776081415461278,0.19450337604780069,0.6543605904707511,0,1,1,1,1,0,1,0,0,0,0,0,1,0,0,0,1,0,1,0,0,1,0,1,0,1,0
0,-1.201206041878475,0.6800878446350476,-0.8920327878306001,1,1,0,0,1,0,1,1,0,0,0,0,0,0,0,0,0,0,0,0,1,0,0,1,0,1,0
0,1.24445770332694,0.3558105454072627,1.0681130239524135,0,0,1,1,1,0,0,0,0,0,1,0,1,0,1,0,1,0,1,0,0,0,1,0,1,0,0
0,1.570546202687662,0.6634582395464431,1.7054069172039301,0,1,1,1,1,0,1,1,0,0,0,0,1,0,0,0,1,0,0,0,0,0,1,1,0,1,0
0,0.38847539250504476,-1.4701200933214948,-0.5861687774527824,0,0,0,0,1,0,0,0,1,1,0,1,0,1,0,1,0,1,0,1,0,1,0,1,0,0,1
0,0.592280704605496,-1.4767719353569364,-0.5928304629521406,0,1,0,0,1,0,0,0,1,1,0,1,0,1,0,1,0,1,0,1,0,0,1,0,0,0,0
0,1.3667408905872107,1.250483299174177,1.9095589016296262,1,0,1,1,1,0,1,1,0,0,0,0,1,0,1,0,0,0,1,0,1,1,0,1,1,0,0
0,-0.46750691831685043,1.315338759019734,-0.038167940166172885,1,0,1,0,1,0,1,1,0,0,1,0,0,0,1,0,0,0,1,0,1,0,0,1,0,0,0
0,-0.8751175425177529,-0.9712319406633644,-0.8213130404433736,0,1,0,0,0,1,0,0,0,0,0,0,1,0,0,0,1,0,0,0,0,0,0,1,0,1,0
0,-1.2827281667186554,1.1606834316957133,-0.9648480985371612,1,1,0,1,1,0,1,1,0,0,0,0,0,0,1,0,0,0,1,0,1,0,0,1,0,1,0
1,0.918369203966218,0.8513727770476726,1.2167656682576287,0,0,1,0,1,0,1,1,0,0,0,0,1,0,1,0,1,0,0,0,0,0,0,0,0,1,0
0,1.4890240778474815,1.0908390903235752,1.9662052869354276,0,1,0,0,1,0,1,1,0,0,0,0,1,0,1,0,1,0,1,0,0,0,1,1,1,0,0
1,-1.201206041878475,0.2992698881060078,-0.9222088996290174,0,0,0,0,1,0,0,1,0,0,0,0,0,0,1,0,0,0,0,0,0,0,0,0,0,1,0
0,-1.1604449794583847,0.31756245370347297,-0.8766359120738053,1,1,0,0,1,0,0,0,0,0,0,0,0,0,1,0,1,0,1,0,1,0,0,1,0,1,0
1,-0.1006573565360382,0.14128863976426648,-0.08508649995801032,0,1,0,0,1,0,1,0,0,0,0,0,0,0,1,0,1,0,1,0,0,0,1,1,1,0,0
0,-1.1196839170382944,0.5952768586831654,-0.824555648948028,0,0,0,0,1,0,1,1,0,0,0,0,0,0,1,0,1,0,0,0,0,0,0,1,0,1,0
0,1.570546202687662,-1.3453980551569622,-0.2476580964158581,0,0,1,0,1,0,1,0,1,1,0,1,0,1,0,1,0,1,0,1,0,0,1,1,1,0,0
0,-0.14141841895612844,-0.3193514211900738,-0.29406930929880404,0,0,0,0,1,0,1,0,0,0,0,0,1,0,0,0,0,0,0,0,0,1,0,1,0,1,0
0,0.7960860167059473,-0.1164702391091007,0.38945932834560965,0,1,1,0,1,0,1,0,0,0,0,0,1,0,0,0,1,0,0,0,0,0,0,0,0,0,0
0,1.4482630154273912,0.3957215976199132,1.2999043856320693,0,1,0,0,1,0,1,0,0,0,1,0,1,0,1,0,0,0,0,0,1,1,0,0,1,0,0
0,0.5515196421854057,-1.5116941060430058,-0.5818673580078325,0,0,1,1,1,0,0,0,1,1,0,1,0,1,0,1,0,1,0,1,0,0,1,0,0,0,1
0,-0.9974007297780236,-0.33598102627867815,-0.81559987307803,0,1,0,0,1,0,0,0,0,0,0,0,0,0,0,0,0,0,0,0,1,0,0,1,1,0,0
0,1.6113072651077522,-1.501716342989843,-0.3815535632407069,0,1,1,0,1,0,0,0,1,1,0,1,0,1,0,1,0,1,0,1,0,0,1,0,1,0,0
0,-0.6305511679972114,-1.4950645009544015,-0.8662904468446695,0,0,0,0,1,0,0,0,1,1,0,1,0,1,0,1,0,1,0,1,0,1,0,0,0,0,0
0,-1.201206041878475,1.4334089551488247,-0.8682977759189795,0,1,0,0,1,0,0,1,0,0,0,0,1,0,1,0,1,0,1,0,1,0,0,1,0,1,0
1,-1.2419671042985652,0.6301990293692344,-0.9366351986905417,0,0,0,0,1,0,0,1,0,0,0,0,1,0,0,0,0,0,1,0,0,0,0,1,0,0,0
0,-0.9566396673579334,0.31257357217689147,-0.7266597540932209,1,0,0,0,1,0,0,1,0,0,1,0,0,0,0,0,0,0,0,0,0,0,0,1,1,0,0
0,0.755324954285857,-0.28110332948628386,0.28311500452969585,0,0,0,0,0,1,0,0,0,0,0,0,1,0,1,0,0,0,1,0,1,1,0,1,1,0,0
0,-1.0789228546182041,-1.4884126589189595,-0.9645833958020875,0,0,1,1,1,0,0,0,1,1,0,1,0,1,0,1,0,1,0,1,0,0,1,0,0,0,1
0,-1.201206041878475,0.9993762623362513,-0.8883269495395664,0,0,1,0,1,0,1,1,0,0,0,0,0,0,0,0,0,0,1,0,1,0,0,0,0,1,0
1,-0.6305511679972114,0.9760948152122051,-0.2993854225615369,0,0,0,0,1,0,1,1,0,0,0,0,0,0,0,0,0,0,1,0,1,0,0,1,0,1,0
0,-0.1006573565360382,-0.4972881956381404,-0.3727080801769896,0,1,1,0,1,0,1,0,0,0,0,0,0,0,0,0,0,0,0,0,0,0,0,0,0,1,0
0,-0.05989629411594795,0.20614409960982355,-0.052329536492623084,0,1,0,0,1,0,1,0,0,0,0,0,1,0,0,0,1,0,1,0,0,0,0,1,0,1,0
0,0.5107585797653155,0.558691727488236,0.5876113841096321,0,0,0,0,1,0,0,0,0,0,1,0,0,0,1,0,1,0,1,0,1,0,1,0,0,0,0
0,1.2852187657470302,0.8181135668704638,1.5025784464536032,0,1,1,0,1,0,1,1,0,0,1,0,1,0,1,0,0,0,0,0,0,1,0,0,0,0,0
0,-1.2827281667186554,-0.16635905437491375,-0.9824508304195714,1,1,0,0,1,0,1,0,0,0,0,0,0,0,0,0,0,0,1,0,0,0,0,1,0,1,0
1,-1.2827281667186554,0.15791824485287084,-0.9781494109746216,1,0,0,0,1,0,0,1,0,0,0,0,0,0,0,0,0,0,0,0,0,0,0,1,0,1,0
1,1.1629355784867594,1.135739024062807,1.624628465883898,0,1,1,1,1,0,1,1,0,0,0,0,1,0,0,0,0,0,1,0,1,1,0,0,0,1,0
0,-1.2827281667186554,-1.5233348296050289,-1.000450616404592,0,1,0,0,1,0,0,0,1,1,0,1,0,1,0,1,0,1,0,1,0,0,0,0,0,0,1
0,-0.9566396673579334,-0.6469546414355796,-0.8240924191616489,1,1,0,0,0,1,0,0,0,0,0,0,0,0,0,0,0,0,1,0,1,0,0,1,0,1,0
0,1.6113072651077522,1.6495938213006813,2.564874639427421,0,1,1,1,1,0,1,1,0,0,1,0,1,0,1,0,1,0,1,0,1,0,1,0,0,0,0
0,-1.2827281667186554,-1.5083681850252848,-1.000252089353287,1,0,0,0,1,0,0,0,1,1,0,1,0,1,0,1,0,1,0,1,0,0,0,0,0,0,1
0,-1.0381617921981139,-0.6852027331393695,-0.8705698077283632,0,0,1,0,1,0,0,0,0,0,0,0,0,0,0,0,0,0,0,0,0,0,0,1,0,0,1
0,1.3667408905872107,0.8546986980653932,1.6959437944250406,0,0,1,0,1,0,1,1,0,0,0,0,1,0,1,0,1,0,0,0,0,1,0,1,0,0,0
0,0.30695326766486425,-1.4784348958657971,-0.6800500141589696,0,1,1,1,1,0,0,0,1,1,0,1,0,1,0,1,0,1,0,1,0,0,0,1,0,0,0
0,-0.6713122304173017,0.2177848231718469,-0.47411128627152505,0,1,0,0,1,0,1,0,0,0,0,0,1,0,1,0,0,0,0,0,1,0,0,1,0,0,0
0,-1.2419671042985652,0.7416173834628839,-0.9277897156268242,1,0,0,0,1,0,0,1,0,0,0,0,1,0,0,0,0,0,1,0,0,0,0,1,0,0,0
0,1.407501953007301,-1.3304314105772181,-0.3102602932608204,0,1,1,0,1,0,1,0,1,1,0,1,0,1,0,1,0,1,0,1,0,0,1,0,1,0,0
0,0.3477143300849545,1.3170017195285944,0.827321769280247,0,0,1,0,1,0,0,1,0,0,1,0,1,0,1,0,0,0,1,0,1,1,0,1,0,0,0
0,0.9591302663863083,-1.4983904219721222,-0.5147872732278711,0,0,1,1,1,0,0,0,1,1,0,1,0,1,0,1,0,1,0,1,0,0,1,1,1,0,0
0,1.6113072651077522,1.7161122416550987,2.5264927428417145,0,0,0,0,1,0,1,1,0,0,1,0,1,0,1,0,1,0,1,0,1,0,1,1,0,0,0
0,-1.201206041878475,0.6617952790375828,-0.892010729269344,1,0,1,1,1,0,1,1,0,0,0,0,0,0,0,0,0,0,0,0,1,0,0,1,0,0,0
0,0.8776081415461278,-1.4900756194278202,-0.5225077696675247,0,0,1,0,1,0,0,0,1,1,0,1,0,1,0,1,0,1,0,1,0,0,1,0,1,0,0
1,0.7960860167059473,1.526534743645009,1.5640556566745016,0,1,0,0,1,0,1,1,0,0,0,0,1,0,1,0,1,0,1,0,1,0,0,1,0,1,0
0,0.7145638918657667,0.8264283694147659,0.890166610299027,0,0,0,0,1,0,0,1,0,0,0,0,0,0,1,0,1,0,0,0,1,0,1,1,0,0,0
0,-0.7528343552574821,0.8347431719590681,-0.48897875655817213,1,1,0,0,1,0,1,1,0,0,0,0,0,0,0,0,1,0,1,0,0,0,0,1,0,1,0
0,-0.22294054379630893,-0.5371992478507907,-0.3816197389244754,0,1,1,0,1,0,0,0,0,0,1,0,0,0,0,0,0,0,0,0,0,1,0,0,1,0,0
1,1.6113072651077522,1.0559169196375058,2.003241611284508,0,0,1,0,1,0,1,1,0,0,1,0,1,0,1,0,1,0,0,0,0,0,1,1,0,0,0
0,1.2036966409068497,0.3142365326857518,1.0637895459462074,0,1,0,0,1,0,0,0,0,0,1,0,1,0,0,0,0,0,1,0,1,1,0,1,1,0,0
0,-0.8343564800976626,-0.35094767085842216,-0.7201083614001434,0,0,0,0,1,0,0,0,0,0,0,0,1,0,0,0,1,0,0,0,0,0,0,1,0,1,0
1,0.46999751734522527,0.33252909828321653,0.4329146940202311,0,0,0,0,1,0,0,0,0,0,0,0,0,0,1,0,1,0,1,0,1,1,0,0,0,0,0
0,0.8776081415461278,0.5021510701869811,0.9155560143048591,0,1,1,1,1,0,0,1,0,0,0,0,1,0,0,0,1,0,0,0,0,0,1,1,0,0,0
0,1.4482630154273912,-1.4900756194278202,-0.396994556120014,0,0,0,0,1,0,0,0,1,1,0,1,0,1,0,1,0,1,0,1,0,0,1,0,0,0,0
0,-0.5082679807369407,-1.5116941060430058,-0.8255924013270672,0,1,0,0,1,0,0,0,1,1,0,1,0,1,0,1,0,1,0,1,0,0,0,0,0,0,1
0,0.7145638918657667,-0.33099214475209693,0.1444107713510056,0,1,1,1,1,0,1,0,0,0,0,0,0,0,1,0,0,0,0,0,0,1,0,0,0,0,0
0,1.0406523912264887,-1.3437350946481017,-0.3410981618969223,0,1,0,0,1,0,1,0,1,1,0,1,0,1,0,1,0,1,0,1,0,0,1,1,1,0,0
0,0.10314795556441304,0.8247654089059057,0.3859520171058812,0,1,1,1,1,0,1,1,0,0,0,0,1,0,0,0,0,0,1,0,0,0,0,1,0,0,0
0,-1.2419671042985652,-0.6469546414355796,-0.9731421175694749,0,0,0,0,1,0,0,0,0,0,0,0,0,0,0,0,0,0,0,0,0,0,0,1,0,1,0
0,1.24445770332694,0.3607994269338442,1.05437054028983,0,1,1,1,1,0,1,0,0,0,1,0,0,0,1,0,1,0,0,0,1,0,1,0,0,0,1
0,1.0406523912264887,1.5232088226272884,1.8705152482062353,0,0,1,0,1,0,1,1,0,0,1,0,1,0,1,0,0,0,1,0,1,1,0,1,1,0,0
0,-0.22294054379630893,-1.4734460143392158,-0.7515197526289055,0,0,1,1,1,0,0,0,1,1,0,1,0,1,0,1,0,1,0,1,0,1,0,1,0,0,1
0,1.570546202687662,1.6728752684247274,2.5549703454234076,0,0,1,0,1,0,1,1,0,0,1,0,1,0,1,0,1,0,1,0,1,0,1,1,1,0,0
0,1.24445770332694,-0.2095960276052852,0.5367884589754556,0,0,0,0,1,0,0,0,0,0,0,0,0,0,1,0,0,0,0,0,1,1,0,0,1,0,0
0,1.570546202687662,0.9444985655438568,1.9335144991538087,0,1,1,0,1,0,1,1,0,0,0,0,1,0,1,0,0,0,0,0,1,0,0,1,0,0,0
1,0.3477143300849545,1.6080198085791704,1.0600175319714051,1,0,0,0,1,0,1,1,0,0,1,0,1,0,1,0,0,0,1,0,1,0,0,1,0,1,0
1,-0.7935954176775724,0.8530357375565328,-0.4789421111866225,1,1,0,0,1,0,0,1,0,0,0,0,0,0,0,0,0,0,1,0,1,0,0,1,0,1,0
0,-1.2419671042985652,0.4705548205186328,-0.9454806817542589,1,1,0,0,1,0,0,1,0,0,0,0,0,0,0,0,0,0,1,0,0,0,0,0,0,1,0
0,1.4482630154273912,-1.513357066551866,-0.43857494408786246,0,0,1,1,1,0,0,0,1,1,0,1,0,1,0,1,0,1,0,1,0,0,1,1,0,0,0
0,-1.2827281667186554,-0.5355362873419304,-0.9873478310184374,0,1,1,1,1,0,0,0,0,0,1,0,0,0,0,0,0,0,0,0,0,0,0,1,0,0,1
1,1.3259798281671205,1.4699940863437542,2.1270783741765515,0,1,0,0,1,0,1,1,0,0,1,0,0,0,1,0,1,0,1,0,1,0,1,1,0,1,0
1,1.6113072651077522,-1.325442529050637,-0.21362173639761403,0,1,1,0,1,0,1,0,1,1,0,1,0,1,0,1,0,1,0,1,0,0,1,1,0,0,0
0,-0.1821794813762187,-0.33099214475209693,-0.3448260587492121,0,0,0,0,1,0,1,0,0,0,0,0,0,0,0,0,1,0,0,0,0,0,0,1,1,0,0
0,1.6113072651077522,-1.3337573315949391,-0.188673503616905,0,1,1,1,1,0,1,0,1,1,0,1,0,1,0,1,0,1,0,1,0,0,1,0,1,0,0
0,-1.2419671042985652,0.8746542241717187,-0.9345175768099508,0,0,0,0,1,0,0,1,0,0,1,0,1,0,0,0,0,0,1,0,0,0,0,1,0,1,0
0,-0.5897901055771212,-1.4867496984100992,-0.8364231549038385,1,0,0,1,1,0,0,0,1,1,0,1,0,1,0,1,0,1,0,1,0,1,0,0,0,0,0
1,1.1221745160666692,1.3136757985108731,1.7879279948631985,0,1,1,0,1,0,1,1,0,0,0,0,1,0,1,0,0,0,1,0,1,1,0,1,0,1,0
1,-0.2637016062163992,0.03984804872378005,-0.2798635958498415,0,0,0,0,1,0,1,0,0,0,0,0,0,0,0,0,1,0,0,0,1,0,0,1,0,1,0
0,-1.2827281667186554,0.22609962571614906,-0.9772450099631192,1,1,0,1,1,0,0,1,0,0,0,0,0,0,0,0,0,0,0,0,0,0,0,1,0,1,0
0,-1.1604449794583847,-1.4800978563746574,-0.9746641582961494,1,0,0,0,1,0,0,0,1,1,0,1,0,1,0,1,0,1,0,1,0,0,0,0,0,0,1
0,1.4482630154273912,0.9095763948577877,1.81148653828477,0,1,1,1,1,0,1,0,0,0,1,0,1,0,1,0,1,0,1,0,1,0,1,1,1,0,0
0,0.22543114282468377,0.6451656739489785,0.43134853617104413,1,0,0,0,1,0,0,1,0,0,0,0,1,0,1,0,1,0,0,0,0,0,0,1,1,0,0
1,0.38847539250504476,1.3419461271615007,1.0201577117815366,0,0,1,0,1,0,1,1,0,0,1,0,0,0,1,0,0,0,1,0,1,1,0,1,0,0,0
0,0.9998913288063985,-1.505042264007564,-0.5084564661473553,0,0,1,0,1,0,0,0,1,1,0,1,0,1,0,1,0,1,0,1,0,0,1,1,0,0,0
0,0.8776081415461278,-1.1458427940937101,-0.2935619623899126,0,1,1,0,0,1,0,0,0,0,0,0,1,0,0,0,0,0,0,0,0,0,0,0,0,1,0
0,-0.8343564800976626,0.4406215313591448,-0.5909334266841114,1,0,0,0,1,0,0,1,0,0,0,0,0,0,0,0,0,0,0,0,1,0,0,0,0,0,0
0,0.46999751734522527,-0.11148135758251944,0.1921013807868084,0,0,1,0,1,0,0,0,0,0,1,0,1,0,1,0,0,0,0,0,0,1,0,1,0,0,1
0,0.38847539250504476,0.15126640281742948,0.3403790295506692,0,1,1,1,1,0,1,0,0,0,1,0,1,0,0,0,0,0,1,0,0,0,0,1,0,0,0
0,1.6113072651077522,-1.3337573315949391,-0.2281583282654189,0,1,1,1,1,0,1,0,1,1,0,1,0,1,0,1,0,1,0,1,0,0,1,0,0,0,0
0,1.570546202687662,0.8713283031539976,1.7677664698750748,0,0,1,1,1,0,1,0,0,0,1,0,1,0,1,0,1,0,1,0,1,0,1,0,0,0,1
0,-0.5490290431570309,0.8247654089059057,-0.23193034224022105,1,0,1,0,1,0,1,1,0,0,0,0,0,0,1,0,0,0,0,0,1,0,0,0,0,0,1
0,-0.3859847934766699,0.29261804607056646,-0.28412089817227903,0,0,1,0,1,0,1,0,0,0,0,0,0,0,0,0,1,0,1,0,1,0,0,1,1,0,0
0,-0.1006573565360382,-1.5116941060430058,-0.7536373745094961,0,0,0,0,1,0,0,0,1,1,0,1,0,1,0,1,0,1,0,1,0,0,1,0,1,0,0
0,0.10314795556441304,-1.2855314768379864,-0.5875805253731761,0,1,0,0,1,0,1,0,1,1,0,1,0,1,0,1,0,1,0,1,0,1,0,0,0,0,0
0,-0.9158786049378431,1.1257612610096444,-0.579485033392168,1,0,0,0,1,0,1,1,0,0,1,0,0,0,0,0,0,0,1,0,1,0,0,1,0,1,0
0,-1.2827281667186554,-0.698506417210253,-0.9895095700215404,0,1,0,0,1,0,0,0,0,0,0,0,0,0,0,0,0,0,0,0,0,0,0,1,0,0,0
0,-0.4267458558967602,0.16124416587059198,-0.35133333431977726,0,1,0,0,1,0,0,1,0,0,0,0,0,0,0,0,0,0,0,0,0,0,0,1,0,0,1
0,-1.0381617921981139,-0.8747802311494592,-0.8853269852087297,0,1,1,1,0,1,0,0,0,0,1,0,1,0,1,0,0,0,0,0,0,0,1,0,0,0,1
0,0.14390901798450328,-0.39085872307107244,-0.17007813647796793,0,0,0,0,0,1,0,0,0,0,1,0,1,0,1,0,1,0,0,0,1,0,1,1,0,0,1
0,0.06238689314432279,-1.4701200933214948,-0.692799862565026,0,0,1,1,1,0,0,0,1,1,0,1,0,1,0,1,0,1,0,1,0,0,0,0,0,0,1
0,1.6113072651077522,-0.013366687559753681,1.0734732543376586,0,1,1,1,1,0,1,0,0,0,1,0,1,0,1,0,0,0,0,0,0,0,1,0,1,0,0
0,0.14390901798450328,-1.322116608032916,-0.5981465762148734,0,1,1,1,1,0,1,0,1,1,0,1,0,1,0,1,0,1,0,1,0,0,1,0,1,0,0
0,-1.2827281667186554,0.38241791354902954,-0.9751715052050409,1,0,0,0,1,0,0,1,0,0,0,0,0,0,1,0,0,0,0,0,0,0,0,0,0,1,0
0,-0.3859847934766699,0.4755437020452143,-0.2690328422730704,1,0,0,0,1,0,1,1,0,0,0,0,1,0,0,0,0,0,0,0,0,0,0,1,0,1,0
1,-0.019135231695857704,0.670110081581885,0.1567415070931953,1,1,1,0,1,0,1,1,0,0,0,0,0,0,0,0,0,0,0,0,1,0,0,1,0,1,0
0,1.570546202687662,1.0076910648805535,1.978249261381287,0,0,1,1,1,0,1,1,0,0,1,0,1,0,1,0,1,0,0,0,0,1,0,1,1,0,0
1,-0.3859847934766699,0.4821955440806557,-0.1991733787748338,0,0,0,0,1,0,1,1,0,0,0,0,0,0,1,0,0,0,0,0,0,0,0,1,0,0,1
0,-0.6305511679972114,1.0575798801463665,-0.30816472994148586,0,1,1,0,1,0,0,1,0,0,0,0,0,0,1,0,0,0,1,0,1,1,0,1,0,0,0
0,-1.2827281667186554,0.35414758489840237,-0.9755465007463955,0,1,0,0,1,0,0,0,0,0,0,0,0,0,1,0,1,0,1,0,1,0,0,1,0,1,0
0,-0.8343564800976626,-1.501716342989843,-0.894878342232644,0,1,1,1,1,0,0,0,1,1,0,1,0,1,0,1,0,1,0,1,0,0,1,0,0,0,1
0,1.6113072651077522,-1.4751089748480761,-0.34610545530206904,0,0,1,0,1,0,0,0,1,1,0,1,0,1,0,1,0,1,0,1,0,0,1,0,1,0,0
0,-1.2827281667186554,-1.5183459480784474,-1.0003844407208238,0,1,0,0,1,0,0,0,1,1,0,1,0,1,0,1,0,1,0,1,0,0,0,0,0,0,1
1,1.6113072651077522,1.1141205374476209,2.0481969591245477,0,1,1,0,1,0,1,1,0,0,0,0,1,0,0,0,0,0,1,0,1,0,1,0,0,0,0
0,1.1221745160666692,0.31589949319461214,0.9558128885973384,0,1,1,1,1,0,1,1,0,0,0,0,0,0,0,0,0,0,0,0,0,0,0,0,0,0,0
0,1.1629355784867594,-0.4490623408811877,0.4224809945460707,0,0,1,1,0,1,0,0,0,0,0,0,1,0,1,0,1,0,1,0,0,0,1,0,1,0,0
0,-1.0789228546182041,-0.6386398388912774,-0.8661580954771326,0,0,1,0,1,0,0,0,0,0,0,0,0,0,0,0,0,0,0,0,0,0,0,0,0,0,1
1,-0.019135231695857704,0.6800878446350476,0.16514581893178945,1,1,1,0,1,0,1,1,0,0,0,0,0,0,0,0,0,0,0,0,1,0,0,0,0,1,0
0,-0.05989629411594795,0.7216618573565584,0.18116033440375662,1,0,0,1,1,0,1,1,0,0,0,0,0,0,0,0,0,0,1,0,0,0,0,1,1,0,0
0,-0.5490290431570309,0.2992698881060078,-0.380406518055387,1,1,0,0,1,0,0,1,0,0,0,0,1,0,0,0,0,0,0,0,0,0,0,1,1,0,0
0,1.6113072651077522,-1.481760816883518,-0.3907078661620104,0,1,1,1,1,0,0,0,1,1,0,1,0,1,0,1,0,1,0,1,0,0,1,0,0,0,0
0,-0.019135231695857704,-0.3542735918761429,-0.24139346501911071,0,0,0,0,1,0,1,0,0,0,0,0,1,0,0,0,0,0,0,0,0,0,0,1,0,1,0
0,1.3259798281671205,0.8580246190831143,1.6077316079616848,0,1,1,0,1,0,1,1,0,0,0,0,1,0,0,0,0,0,0,0,1,0,0,1,0,1,0
0,0.5107585797653155,-0.4640289854609317,0.02077253551026794,0,0,1,1,0,1,0,0,0,0,1,0,0,0,0,0,0,0,1,0,1,0,0,1,0,0,0
0,0.38847539250504476,-1.3237795685417766,-0.5898084400600476,0,1,0,0,1,0,1,0,1,1,0,1,0,1,0,1,0,1,0,1,0,1,0,0,0,1,0
0,-0.9974007297780236,0.33252909828321653,-0.7563064604214906,0,1,0,0,1,0,1,1,0,0,0,0,0,0,0,0,0,0,0,0,0,0,0,1,0,1,0
0,-0.019135231695857704,-1.4751089748480761,-0.7014468185774381,0,1,0,1,1,0,0,0,1,1,0,1,0,1,0,1,0,1,0,1,0,0,1,0,0,0,1
1,-0.4267458558967602,-0.0432999767192417,-0.3992445293681417,0,0,1,0,1,0,1,0,0,0,1,0,1,0,0,0,1,0,0,0,0,0,0,1,0,0,1
1,0.9998913288063985,-0.6652472070330443,0.12625657543719165,1,1,1,0,0,1,0,0,0,0,0,0,0,0,0,0,0,0,1,0,1,0,0,1,0,1,0
0,-1.2827281667186554,-0.5621436554836973,-0.9877007679985359,0,1,0,0,1,0,0,0,0,0,1,0,0,0,0,0,0,0,0,0,0,0,0,0,0,1,0
1,-1.2827281667186554,-0.656932404488742,-0.9889581059901366,1,1,0,0,1,0,0,0,0,0,0,0,0,0,0,0,0,0,0,0,0,0,0,0,0,1,0
0,-1.2827281667186554,-0.660258325506463,-0.9890022231126488,0,0,1,0,1,0,0,0,0,0,0,0,0,0,0,0,0,0,0,0,0,0,0,1,0,1,0
0,-0.34522373105657966,1.0359613935311807,-0.07249106148074706,1,1,0,0,1,0,0,1,0,0,0,0,0,0,0,0,1,0,1,0,1,0,0,1,0,1,0
0,-1.2827281667186554,-1.4900756194278202,-1.000009445179469,1,1,0,0,1,0,0,0,1,1,0,1,0,1,0,1,0,1,0,1,0,0,0,0,0,0,0
1,0.8776081415461278,0.8380690929767889,1.166913319818723,0,1,0,0,1,0,1,1,0,0,0,0,1,0,0,0,0,0,0,0,1,0,0,1,0,1,0
0,-1.1604449794583847,-1.3154647659974745,-0.9572599534650447,0,0,0,0,1,0,1,0,1,1,0,1,0,1,0,1,0,1,0,1,0,0,1,1,1,0,0
0,1.3259798281671205,1.456690402272871,2.0519689730993504,1,1,1,1,1,0,1,1,0,0,1,0,0,0,1,0,1,0,1,0,1,0,1,0,0,0,0
0,0.9591302663863083,-1.3487239761746832,-0.45222919350542123,0,0,1,0,1,0,1,0,1,1,0,1,0,1,0,1,0,1,0,1,0,1,0,0,0,1,0
0,0.5107585797653155,0.36911422947814637,0.43545142856468866,0,1,0,0,1,0,0,0,0,0,1,0,0,0,1,0,0,0,1,0,1,0,0,1,0,1,0
0,1.570546202687662,-1.501716342989843,-0.3842226491527015,0,0,1,1,1,0,0,0,1,1,0,1,0,1,0,1,0,1,0,1,0,0,1,0,1,0,0
0,1.081413453646579,0.051488772285803376,0.7373890150389111,0,1,1,0,1,0,0,0,0,0,1,0,1,0,1,0,0,0,1,0,0,1,0,0,1,0,0
0,1.4890240778474815,-0.9679060196456435,0.09065405756976075,0,1,0,0,0,1,0,0,0,0,0,0,1,0,1,0,0,0,0,0,0,1,0,1,0,0,0
0,-0.5490290431570309,-1.531649632149331,-0.8856799221888281,0,1,0,0,1,0,0,0,1,1,0,1,0,1,0,1,0,1,0,1,0,1,0,0,0,0,1
0,0.918369203966218,-1.5116941060430058,-0.5310664914349121,0,0,1,1,1,0,0,0,1,1,0,1,0,1,0,1,0,1,0,1,0,0,1,0,1,0,0
0,0.22543114282468377,-1.5150200270607266,-0.6755500676627144,0,0,0,0,1,0,0,0,1,1,0,1,0,1,0,1,0,1,0,1,0,1,0,0,0,0,1
0,-0.9158786049378431,-0.6419657599089983,-0.8312393930086425,1,1,0,0,1,0,0,0,0,0,0,0,0,0,0,0,0,0,0,0,0,0,0,1,0,1,0
1,0.592280704605496,0.08641094297187242,0.4258338958570059,0,0,1,0,1,0,1,0,0,0,1,0,1,0,1,0,0,0,0,0,0,0,0,1,1,0,0
0,-1.2419671042985652,-0.9895245062608291,-0.9785244065159762,1,0,1,0,0,1,0,0,0,0,0,0,0,0,0,0,0,0,0,0,1,0,0,1,0,1,0
0,-1.2827281667186554,-0.6203472732938125,-0.9884728176425013,1,1,0,0,1,0,0,0,0,0,0,0,0,0,0,0,0,0,0,0,0,0,0,0,1,0,0
0,-1.2827281667186554,-0.6552694439798817,-0.9889360474288803,1,0,0,0,1,0,0,0,0,0,0,0,0,0,0,0,0,0,0,0,0,0,0,0,0,1,0
1,-1.2827281667186554,-0.7167989828077179,-0.989752214195358,1,1,0,0,0,1,0,0,0,0,0,0,1,0,1,0,0,0,0,0,1,0,0,1,0,1,0
0,0.5515196421854057,-1.4884126589189595,-0.5955436659866474,0,1,1,1,1,0,0,0,1,1,0,1,0,1,0,1,0,1,0,1,0,0,1,1,0,0,1
1,0.22543114282468377,-0.25615892185337735,-0.015932910419970605,1,0,0,0,1,0,0,0,0,0,1,0,1,0,0,0,0,0,0,0,0,0,0,1,1,0,0
0,1.3259798281671205,-0.19795530404326211,0.6927866041789696,0,0,1,0,1,0,0,0,0,0,1,0,0,0,1,0,1,0,0,0,0,0,1,0,1,0,0
0,-0.5490290431570309,0.27765140149082246,-0.3730830757183442,1,0,1,0,1,0,0,1,0,0,1,0,0,0,0,0,0,0,0,0,0,0,0,1,0,1,0
0,0.7960860167059473,0.6817508051439078,0.9052105490757235,1,1,0,0,1,0,0,1,0,0,0,0,1,0,0,0,0,0,0,0,1,0,0,1,0,1,0
0,1.570546202687662,-1.510031145534145,-0.4007224529723039,0,1,1,1,1,0,0,0,1,1,0,1,0,1,0,1,0,1,0,1,0,0,1,0,0,0,1
0,-1.2827281667186554,-0.6286620758381146,-0.988583110448782,1,0,0,0,1,0,0,0,0,0,0,0,0,0,0,0,0,0,0,0,0,0,0,0,0,0,1
1,0.7960860167059473,-0.47733266953181513,0.12332278679012346,0,0,0,0,0,1,0,0,0,0,0,0,1,0,1,0,1,0,1,0,0,0,0,1,0,1,0
0,-1.0789228546182041,-1.322116608032916,-0.9334146487471432,0,1,1,0,1,0,1,0,1,1,0,1,0,1,0,1,0,1,0,1,0,1,0,0,0,0,1
1,-0.2637016062163992,-0.1380887257242863,-0.3041280132316098,0,0,1,0,1,0,0,0,0,0,0,0,0,0,1,0,0,0,0,0,1,1,0,0,0,0,1
1,0.6330417670255862,1.135739024062807,1.0842157736694051,0,1,0,0,1,0,1,1,0,0,0,0,1,0,0,0,0,0,1,0,1,1,0,1,0,1,0
0,1.2852187657470302,1.315338759019734,1.9565215785439762,0,0,1,1,1,0,1,1,0,0,1,0,0,0,0,0,1,0,1,0,1,1,0,1,0,0,0
0,-1.201206041878475,0.6285360688603742,-0.8997753428315098,1,0,0,0,1,0,0,1,0,0,0,0,1,0,0,0,0,0,1,0,0,0,0,0,0,1,0
0,-1.2827281667186554,-0.6918545751748113,-0.9894213357765157,0,1,0,0,1,0,0,0,0,0,0,0,0,0,0,0,0,0,0,0,0,0,0,1,0,0,0
0,1.6113072651077522,-1.3553758182101248,-0.24357726258346976,0,1,1,1,1,0,1,0,1,1,0,1,0,1,0,1,0,1,0,1,0,0,1,0,1,0,0
0,-1.2827281667186554,-0.6419657599089983,-0.988759578938831,0,1,0,0,1,0,0,0,0,0,0,0,0,0,0,0,0,0,0,0,0,0,0,1,0,0,1
0,0.755324954285857,0.9627911311413214,0.9937756725191779,0,0,1,1,1,0,1,1,0,0,1,0,1,0,0,0,0,0,0,0,1,0,0,1,0,1,0
0,0.3477143300849545,-1.501716342989843,-0.6540429704379652,0,0,1,1,1,0,0,0,1,1,0,1,0,1,0,1,0,1,0,1,0,0,1,0,0,0,0
0,1.6113072651077522,0.19284041553894035,1.2019202565322373,0,0,1,1,1,0,0,0,0,0,1,0,1,0,1,0,0,0,1,0,0,0,1,1,1,0,0
0,0.429236454925135,0.7183359363388377,0.5681116159591929,0,0,1,0,1,0,1,0,0,0,1,0,1,0,0,0,1,0,1,0,1,0,1,0,1,0,0
0,1.6113072651077522,1.637953097738658,2.5586320665919287,0,1,1,0,1,0,1,1,0,0,1,0,1,0,1,0,1,0,1,0,1,0,1,1,1,0,0
0,0.592280704605496,1.0093540253894138,1.004209371993338,0,1,1,0,1,0,1,1,0,0,0,0,0,0,0,0,0,0,1,0,1,1,0,1,1,0,0
0,1.6113072651077522,0.7881802777109758,1.798030815918517,0,1,0,0,1,0,1,0,0,0,1,0,1,0,1,0,1,0,1,0,1,0,1,0,1,0,0
0,-1.201206041878475,-1.466794172303774,-0.9792523390374293,0,1,0,0,1,0,0,0,1,1,0,1,0,1,0,1,0,1,0,1,0,0,0,1,1,0,0
0,-1.2827281667186554,0.17288488943261485,-0.9779508839233161,1,1,0,0,1,0,0,1,0,0,0,0,0,0,0,0,0,0,0,0,0,0,0,1,0,1,0
0,-1.2419671042985652,0.7033692917590937,-0.9358631490465763,1,1,0,0,1,0,1,1,0,0,0,0,0,0,0,0,0,0,0,0,1,0,0,1,0,1,0
0,-0.2637016062163992,-0.6718990490684861,-0.49861834782711106,0,1,0,0,0,1,0,0,0,0,1,0,1,0,0,0,0,0,0,0,1,0,0,1,0,0,0
0,-0.14141841895612844,-0.15471833081289066,-0.19968072568372527,0,1,1,1,1,0,0,0,0,0,1,0,0,0,0,0,0,0,0,0,1,0,0,1,0,0,1
1,0.10314795556441304,1.18562783932862,0.6028979670601461,1,0,1,0,1,0,1,1,0,0,1,0,1,0,0,0,1,0,1,0,0,0,0,1,0,0,0
0,-0.22294054379630893,-0.312699579154632,-0.3569582674400963,0,1,0,0,1,0,0,0,0,0,1,0,1,0,0,0,0,0,0,0,0,1,0,0,0,0,0
0,-0.34522373105657966,0.18119969197691702,-0.2560182911319401,0,1,1,1,1,0,0,0,0,0,1,0,1,0,0,0,1,0,0,0,1,0,0,1,1,0,0
0,1.407501953007301,-0.14806648877744905,0.7354037445258573,0,1,1,1,1,0,0,0,0,0,1,0,0,0,1,0,1,0,0,0,0,0,1,1,0,0,0
0,-0.6713122304173017,0.25935883589335773,-0.4819641340787155,1,0,0,0,1,0,1,1,0,0,0,0,0,0,0,0,0,0,0,0,0,0,0,0,0,1,0
0,-0.3859847934766699,-0.30105885559260914,-0.4230457169635308,0,0,0,0,1,0,0,0,0,0,0,0,1,0,1,0,0,0,0,0,0,1,0,0,0,0,0
0,-0.7528343552574821,-1.1225613469696638,-0.8236953650590381,0,1,0,0,0,1,0,0,0,0,0,0,1,0,0,0,0,0,0,0,0,0,0,1,0,0,1
0,-1.2827281667186554,-1.4584793697594718,-0.9995903325156023,1,0,1,1,1,0,0,0,1,1,0,1,0,1,0,1,0,1,0,1,0,0,0,1,0,1,0
1,-1.2827281667186554,-0.656932404488742,-0.9889581059901366,1,0,0,0,1,0,0,0,0,0,0,0,0,0,0,0,0,0,0,0,0,0,0,0,0,0,1
1,-1.1604449794583847,-0.46236602495207113,-0.91737807471392,0,1,0,0,0,1,0,0,0,0,0,0,1,0,0,0,0,0,1,0,1,0,0,1,1,0,0
0,-0.6713122304173017,0.14128863976426648,-0.530757671577326,0,1,0,1,1,0,1,0,0,0,1,0,1,0,0,0,0,0,0,0,1,0,0,1,0,1,0
0,0.5515196421854057,-0.6951804961925321,-0.12304928387984974,0,0,1,0,0,1,0,0,0,0,0,0,0,0,0,0,0,0,1,0,1,0,0,1,0,1,0
0,1.4482630154273912,0.719998896847698,1.586445096349497,0,1,0,1,1,0,1,0,0,0,1,0,1,0,0,0,1,0,1,0,1,0,1,1,0,0,0
0,0.22543114282468377,0.16955896841489418,0.16357966108260272,0,1,0,0,1,0,1,0,0,0,1,0,1,0,1,0,1,0,0,0,0,0,0,0,0,1,0
1,-0.1006573565360382,-0.4806585905495361,-0.33496588186771176,1,1,1,0,1,0,0,0,0,0,0,0,1,0,0,0,0,0,0,0,0,0,0,1,0,0,0
1,-1.1196839170382944,0.46889186000977245,-0.8419157366566205,1,0,0,0,1,0,0,1,0,0,0,0,0,0,0,0,0,0,0,0,1,0,0,0,0,1,0
0,-0.6305511679972114,0.8680023821362769,-0.29759867909978854,0,1,0,0,1,0,0,1,0,0,0,0,1,0,1,0,0,0,0,0,1,0,0,1,1,0,0
0,-1.1604449794583847,-1.4950645009544015,-0.975039153837504,0,1,1,1,1,0,0,0,1,1,0,1,0,1,0,1,0,1,0,1,0,0,1,0,0,0,1
0,-0.8343564800976626,-1.4867496984100992,-0.8938415898536046,0,0,0,0,1,0,0,0,1,1,0,1,0,1,0,1,0,1,0,1,0,1,0,0,0,1,0
0,1.6113072651077522,0.8563616585742535,1.8331039283158002,0,1,1,1,1,0,1,0,0,0,1,0,1,0,1,0,1,0,1,0,1,0,1,1,1,0,0
0,-1.201206041878475,0.9029245528223458,-0.891150445380354,0,1,0,0,1,0,0,1,0,0,0,0,0,0,0,0,0,0,1,0,1,0,0,1,0,1,0
0,0.9591302663863083,0.9844096177565073,1.251971132022449,1,1,0,0,1,0,1,1,0,0,0,0,1,0,0,0,1,0,0,0,1,0,0,1,0,1,0
0,0.3477143300849545,-1.3304314105772181,-0.5843379168685217,0,0,0,0,1,0,1,0,1,1,0,1,0,1,0,1,0,1,0,1,0,1,0,1,0,0,1
0,0.30695326766486425,-0.9595912171013413,-0.39875924102050625,0,1,0,0,0,1,0,0,0,0,0,0,1,0,0,0,1,0,0,0,0,1,0,0,1,0,0
0,-1.0381617921981139,0.45392521543002845,-0.7569241001366629,0,0,0,0,1,0,0,0,0,0,1,0,1,0,0,0,1,0,1,0,1,0,0,1,0,1,0
0,1.4890240778474815,-1.4934015404455407,-0.391501974367232,0,1,0,0,1,0,0,0,1,1,0,1,0,1,0,1,0,1,0,1,0,0,1,0,1,0,0
0,-1.0381617921981139,-1.4701200933214948,-0.9426792444747275,0,1,1,1,1,0,0,0,1,1,0,1,0,1,0,1,0,1,0,1,0,1,0,0,0,0,1
0,-1.1196839170382944,-1.1425168730759891,-0.9350910994026109,0,0,1,1,0,1,0,0,0,0,0,0,1,0,0,0,0,0,0,0,0,0,0,1,0,1,0
0,1.6113072651077522,1.3718794163209884,2.369369611014136,0,0,1,1,1,0,1,1,0,0,1,0,1,0,1,0,1,0,1,0,0,0,1,0,1,0,0
0,0.46999751734522527,-1.4751089748480761,-0.6272197599504832,0,1,1,1,1,0,0,0,1,1,0,1,0,1,0,1,0,1,0,1,0,1,0,1,0,0,0
0,1.3259798281671205,1.0193317884425763,1.7060466154803589,0,0,0,0,1,0,1,1,0,0,0,0,1,0,1,0,0,0,1,0,0,1,0,1,0,1,0
0,-1.201206041878475,-0.00837780603317266,-0.9320029008267495,0,0,0,0,1,0,1,0,0,0,0,0,0,0,0,0,1,0,1,0,0,0,0,0,0,1,0
0,-0.34522373105657966,-0.45737714342548985,-0.4487439408269491,0,1,0,0,1,0,0,0,0,0,0,0,0,0,0,0,1,0,0,0,0,0,0,1,1,0,0
0,0.46999751734522527,0.6634582395464431,0.6951909873558905,1,0,0,0,1,0,1,1,0,0,0,0,1,0,1,0,0,0,0,0,0,0,0,1,0,0,0
1,1.6113072651077522,0.8064728433084405,1.7936411622285422,0,0,1,0,1,0,1,0,0,0,1,0,1,0,1,0,1,0,1,0,1,0,1,0,1,0,0
0,-0.34522373105657966,-0.3293291842432363,-0.4139355311647396,0,1,0,0,1,0,0,0,0,0,1,0,0,0,0,0,1,0,0,0,0,0,0,0,0,1,0
0,-1.2827281667186554,-0.4640289854609317,-0.9863993128844227,1,1,0,0,1,0,0,0,0,0,0,0,0,0,1,0,0,0,0,0,0,0,0,0,0,0,1
0,-0.4267458558967602,-1.4767719353569364,-0.8008206370364074,0,1,1,0,1,0,0,0,1,1,0,1,0,1,0,1,0,1,0,1,0,0,0,1,0,0,0
0,1.5297851402675717,0.7017063312502334,1.608062486380527,0,1,1,1,1,0,1,0,0,0,0,0,1,0,1,0,1,0,1,0,1,0,1,1,1,0,0
0,-0.3044626686364894,-0.1497294492863094,-0.3891637668740797,0,1,1,1,1,0,1,0,0,0,0,0,0,0,0,0,0,0,1,0,0,0,0,0,0,1,0
0,0.18467008040459354,-1.4983904219721222,-0.6885205016813324,0,1,1,1,1,0,0,0,1,1,0,1,0,1,0,1,0,1,0,1,0,0,1,0,0,0,0
1,-0.4267458558967602,0.6817508051439078,-0.1434534530417913,0,0,1,1,1,0,1,1,0,0,0,0,0,0,0,0,0,0,1,0,0,0,0,0,0,0,0
0,1.081413453646579,0.2410662702958926,0.8417921854642836,0,0,1,1,1,0,1,0,0,0,0,0,0,0,1,0,1,0,1,0,0,0,1,1,0,0,0
0,0.6738028294456765,1.1623463922045736,1.140729807607669,1,1,1,1,1,0,1,1,0,0,0,0,0,0,1,0,0,0,1,0,1,0,0,1,0,1,0
0,0.592280704605496,1.4134534290424992,1.2494785146005034,1,1,1,1,1,0,1,1,0,0,0,0,0,0,1,0,1,0,1,0,1,0,0,1,0,0,0
0,-0.05989629411594795,-1.5067052245164245,-0.7181451494483458,1,0,1,1,1,0,0,0,1,1,0,1,0,1,0,1,0,1,0,1,0,0,0,1,0,0,1
0,-1.2827281667186554,0.5387362013819106,-0.9730980004469624,0,1,1,1,1,0,0,1,0,0,0,0,0,0,0,0,0,0,0,0,1,0,0,1,0,1,0
0,-1.201206041878475,-1.4751089748480761,-0.9749068024699671,0,1,0,0,1,0,0,0,1,1,0,1,0,1,0,1,0,1,0,1,0,0,0,1,0,1,0
0,0.8368470791260375,1.5614569143310781,1.5542395969155136,0,0,1,0,1,0,1,1,0,0,0,0,1,0,1,0,1,0,1,0,1,1,0,1,0,0,0
0,-0.5082679807369407,-1.501716342989843,-0.8253718157145057,0,1,0,0,1,0,0,0,1,1,0,1,0,1,0,1,0,1,0,1,0,1,0,1,0,0,1
0,-1.201206041878475,0.4738807415363535,-0.9001062212503521,1,0,0,0,1,0,0,1,0,0,1,0,1,0,0,0,0,0,0,0,0,0,0,1,0,1,0
0,0.755324954285857,-1.4967274614632617,-0.5690292753567514,0,0,0,0,1,0,0,0,1,1,0,1,0,1,0,1,0,1,0,1,0,1,0,1,0,0,0
0,0.755324954285857,-0.14474056775972813,0.3786947504526069,0,0,1,0,1,0,0,0,0,0,1,0,1,0,0,0,1,0,0,0,0,1,0,1,0,0,0
0,-0.7935954176775724,-1.5067052245164245,-0.8918122022180386,0,0,1,1,1,0,0,0,1,1,0,1,0,1,0,1,0,1,0,1,0,0,1,0,0,0,1
0,-1.2827281667186554,-1.4618052907771928,-0.9996344496381145,0,0,0,0,1,0,0,0,1,1,0,1,0,1,0,1,0,1,0,1,0,0,0,0,0,0,1
0,-1.2827281667186554,-1.4568164092506115,-0.999568273954346,0,1,0,1,1,0,0,0,1,1,0,1,0,1,0,1,0,1,0,1,0,0,0,1,0,0,1
0,1.24445770332694,0.22111074418956755,1.0100769492874748,0,1,0,0,1,0,1,0,0,0,1,0,1,0,1,0,1,0,0,0,0,1,0,0,0,1,0
0,-1.201206041878475,-0.3393069472963991,-0.9254294495724159,0,1,0,0,1,0,0,0,0,0,0,0,0,0,0,0,0,0,0,0,1,0,0,0,0,0,1
0,0.5515196421854057,-1.5183459480784474,-0.6082052801476792,0,1,0,0,1,0,0,0,1,1,0,1,0,1,0,1,0,1,0,1,0,0,1,0,1,0,0
0,-1.2827281667186554,-0.5006141166558613,-0.986884601232058,0,1,0,0,1,0,1,0,0,0,0,0,0,0,0,0,0,0,0,0,0,0,0,1,1,0,0
0,-0.9974007297780236,-1.3088129239620325,-0.913914880596704,1,1,0,1,0,1,0,0,0,0,0,0,0,0,0,0,0,0,0,0,0,0,0,0,0,0,1
0,1.570546202687662,-1.4751089748480761,-0.346678977894729,0,0,1,1,1,0,0,0,1,1,0,1,0,1,0,1,0,1,0,1,0,0,1,0,0,0,0
0,0.918369203966218,0.8497098165388122,1.2407433243430668,0,1,1,1,1,0,1,1,0,0,0,0,0,0,1,0,0,0,1,0,0,0,0,1,1,0,0
0,1.5297851402675717,0.8447209350122307,1.8084424568314212,0,0,0,0,1,0,1,1,0,0,0,0,1,0,1,0,1,0,0,0,0,1,0,1,0,0,0
0,-1.2419671042985652,0.528758438328748,-0.9385101763973146,1,0,0,0,1,0,0,1,0,0,0,0,0,0,0,0,0,0,0,0,1,0,0,0,0,1,0
0,1.407501953007301,1.3219906010551754,2.028939835147926,0,1,1,1,1,0,1,1,0,0,1,0,0,0,0,0,1,0,1,0,1,0,1,0,0,0,0
0,1.3259798281671205,0.8979356712957645,1.612077144529147,1,1,1,0,1,0,1,1,0,0,0,0,1,0,0,0,0,0,1,0,0,0,0,1,0,0,0
0,-0.7528343552574821,-0.48731043258497764,-0.7137775543196276,0,1,1,0,1,0,0,0,0,0,0,0,0,0,1,0,0,0,0,0,0,0,0,0,1,0,0
0,-0.5082679807369407,1.0193317884425763,-0.16348262666237817,0,0,1,1,1,0,1,1,0,0,0,0,0,0,1,0,1,0,0,0,1,0,0,1,0,0,0
0,-1.2827281667186554,0.34915870337182087,-0.975612676430164,1,1,0,1,1,0,0,1,0,0,0,0,1,0,0,0,0,0,0,0,0,0,0,1,0,1,0
0,-1.2827281667186554,0.35248462438954203,-0.9755685593076517,1,1,0,0,1,0,1,1,0,0,0,0,0,0,0,0,0,0,0,0,0,0,0,1,0,1,0
0,0.6738028294456765,1.0160058674248558,1.026687045913358,0,0,1,1,1,0,1,1,0,0,0,0,0,0,0,0,0,0,1,0,1,0,0,1,0,0,0
0,1.6113072651077522,1.2122352074703868,2.1945996301816355,0,0,0,0,1,0,1,1,0,0,1,0,1,0,1,0,0,0,1,0,0,0,1,1,0,0,0
0,0.5515196421854057,-0.39085872307107244,0.07633805131451751,0,0,1,0,1,0,1,0,0,0,1,0,0,0,0,0,0,0,0,0,0,0,0,0,0,1,0
0,-0.34522373105657966,0.6651212000553035,-0.10498332221106031,0,1,0,0,1,0,1,1,0,0,0,0,1,0,1,0,0,0,0,0,0,0,0,1,0,0,0
0,-1.1196839170382944,-1.0177948349114565,-0.9367013743743099,0,0,1,1,0,1,0,0,0,0,0,0,1,0,0,0,1,0,0,0,0,0,0,0,0,1,0
0,0.021625830724232544,0.7898432382198362,0.26555638976979795,0,0,1,1,1,0,1,1,0,0,0,0,1,0,1,0,1,0,0,0,0,0,0,0,1,0,0
0,0.38847539250504476,-0.15638129132175124,0.059485310514816495,0,0,0,0,1,0,1,0,0,0,1,0,1,0,0,0,0,0,0,0,0,1,0,1,0,0,0
0,-0.3859847934766699,1.167335273731155,0.002640398157710199,0,1,0,0,1,0,0,1,0,0,1,0,0,0,1,0,0,0,1,0,1,1,0,1,1,0,0
0,-0.9974007297780236,0.19450337604780069,-0.7647107722600849,0,1,0,0,1,0,0,1,0,0,0,0,0,0,0,0,0,0,0,0,0,0,0,0,0,0,0
0,1.3667408905872107,-0.3343180657698178,0.5201121866658038,0,1,0,0,1,0,0,0,0,0,1,0,1,0,0,0,0,0,0,0,0,1,0,1,0,0,1
0,-0.34522373105657966,-0.5089289192001635,-0.47486127735423417,1,1,0,0,1,0,0,0,0,0,1,0,0,0,0,0,0,0,0,0,0,0,0,1,0,0,0
1,-0.34522373105657966,-0.3343180657698178,-0.4391705252417787,0,1,0,0,1,0,1,0,0,0,0,0,1,0,0,0,0,0,0,0,0,0,0,0,1,0,0
0,1.4890240778474815,0.4572511364477491,1.3542566805672303,1,1,0,0,1,0,1,0,0,0,1,0,1,0,1,0,1,0,0,0,1,1,0,1,1,0,0
0,0.8368470791260375,1.178975997293178,1.2855883793768261,0,0,0,0,1,0,0,1,0,0,0,0,1,0,1,0,0,0,1,0,1,1,0,1,0,0,1
0,1.1221745160666692,-0.3742291179824681,0.4192383860414162,0,0,0,0,0,1,0,0,0,0,1,0,0,0,1,0,0,0,1,0,1,0,1,0,0,1,0
0,-1.0381617921981139,0.5403991618907709,-0.7544535412759737,1,0,1,0,1,0,0,1,0,0,0,0,0,0,0,0,0,0,1,0,0,0,0,1,0,1,0
0,-0.5082679807369407,-1.513357066551866,-0.8174969093460591,0,0,0,0,1,0,0,0,1,1,0,1,0,1,0,1,0,1,0,1,0,1,0,1,1,0,0
0,-0.3859847934766699,0.69006560768821,-0.18457061122326043,0,0,1,1,1,0,1,1,0,0,0,0,0,0,0,0,0,0,0,0,1,0,0,0,0,1,0
0,1.6113072651077522,0.5304213988376084,1.518416493435521,0,1,1,1,1,0,0,0,0,0,1,0,0,0,1,0,1,0,1,0,1,0,1,1,0,1,0
0,-0.8751175425177529,0.33585501930093764,-0.6445798476590755,1,1,1,0,1,0,1,1,0,0,0,0,0,0,0,0,0,0,0,0,0,0,0,1,0,1,0
0,-0.46750691831685043,-1.505042264007564,-0.8366216819551437,0,1,0,0,1,0,0,0,1,1,0,1,0,1,0,1,0,1,0,1,0,0,1,0,0,0,1
1,-1.2827281667186554,0.9544763285970193,-0.9675833601329241,1,1,0,0,1,0,1,1,0,0,0,0,0,0,0,0,0,0,1,0,1,0,0,1,0,1,0
1,-0.05989629411594795,0.8596875795919747,0.2463433829156888,0,1,0,0,1,0,1,1,0,0,0,0,1,0,0,0,0,0,1,0,0,0,0,1,0,1,0
0,0.9998913288063985,0.16290712637945234,0.7092422908760599,0,0,0,0,1,0,0,0,0,0,0,0,1,0,1,0,1,0,1,0,0,0,1,0,0,0,1
0,0.5107585797653155,-1.4917385799366805,-0.6178007542941057,0,0,1,1,1,0,0,0,1,1,0,1,0,1,0,1,0,1,0,1,0,0,1,1,0,0,0
0,-0.9158786049378431,1.0110169858982743,-0.5581764632187242,0,1,0,0,1,0,1,1,0,0,0,0,1,0,1,0,0,0,0,0,1,0,0,1,0,1,0
0,1.0406523912264887,1.2388425756121535,1.587614200096073,1,0,1,0,1,0,1,1,0,0,0,0,0,0,1,0,1,0,1,0,1,0,0,1,1,0,0
0,-0.7528343552574821,-1.4934015404455407,-0.8904445714201571,0,1,0,1,1,0,0,0,1,1,0,1,0,1,0,1,0,1,0,1,0,0,0,0,0,0,1
0,-0.22294054379630893,0.5320843593464687,-0.03635913814316838,0,1,1,0,1,0,1,0,0,0,1,0,0,0,0,0,1,0,1,0,1,1,0,0,0,0,1
0,-0.7528343552574821,0.8663394216274165,-0.4534203558132535,1,0,1,1,1,0,1,1,0,0,0,0,1,0,0,0,0,0,0,0,1,0,0,1,0,0,0
0,-0.8343564800976626,-1.1857538463063604,-0.8724889025576485,1,0,1,1,0,1,0,0,0,0,0,0,1,0,0,0,0,0,0,0,0,0,0,0,0,0,1
0,1.4890240778474815,0.9461615260527171,1.8137806286554103,0,0,1,1,1,0,1,1,0,0,0,0,1,0,0,0,1,0,0,0,1,0,1,1,0,0,0
0,-0.3044626686364894,0.8081358038173013,-0.012800594721596914,1,0,1,1,1,0,0,1,0,0,0,0,1,0,1,0,0,0,1,0,0,0,0,1,0,0,0
1,1.0406523912264887,1.4633422443083124,1.764898856911775,1,1,1,0,1,0,1,1,0,0,1,0,1,0,1,0,0,0,1,0,1,1,0,1,0,1,0
0,0.10314795556441304,-0.6153583917672312,-0.275606293527404,0,0,1,1,0,1,0,0,0,0,1,0,0,0,0,0,1,0,1,0,0,0,1,1,1,0,0
1,-0.6713122304173017,0.6617952790375828,-0.4132075986432865,1,0,0,0,1,0,1,1,0,0,0,0,0,0,0,0,0,0,1,0,0,0,0,1,0,1,0
0,0.5107585797653155,0.4622400179743306,0.579648243496161,0,1,1,1,1,0,1,0,0,0,0,0,1,0,1,0,0,0,1,0,1,1,0,0,1,0,0
0,-0.6305511679972114,0.6218842268249323,-0.42247219437087075,0,0,0,0,1,0,0,1,0,0,0,0,1,0,0,0,0,0,1,0,0,0,0,1,0,1,0
0,-1.2827281667186554,-0.6369768783824168,-0.9886934032550627,1,0,1,1,1,0,0,0,0,0,0,0,0,0,0,0,0,0,0,0,0,0,0,1,0,1,0
0,-0.4267458558967602,-1.505042264007564,-0.8224600856286935,0,1,0,0,1,0,0,0,1,1,0,1,0,1,0,1,0,1,0,1,0,1,0,0,0,0,1
1,-1.2827281667186554,0.16955896841489418,-0.9779950010458286,1,0,0,0,1,0,0,1,0,0,0,0,0,0,0,0,0,0,0,0,0,0,0,1,0,1,0
0,1.407501953007301,0.09971462704275562,1.0327310916975438,0,1,1,1,1,0,0,0,0,0,1,0,0,0,1,0,1,0,0,0,1,0,1,0,0,0,1
0,1.407501953007301,1.3569127717412448,1.9548892450110205,0,0,1,1,1,0,1,1,0,0,0,0,0,0,1,0,1,0,1,0,1,0,1,1,0,0,0
0,-1.2419671042985652,-0.6735620095773465,-0.9660172022837374,1,0,1,0,0,1,0,0,0,0,0,0,0,0,0,0,0,0,1,0,1,0,0,0,0,1,0
0,-0.3859847934766699,0.33585501930093764,-0.2542536062314478,1,1,0,0,1,0,1,1,0,0,0,0,0,0,0,0,0,0,0,0,0,0,0,1,0,1,0
1,-0.9566396673579334,0.35414758489840237,-0.7276523893497477,0,0,0,0,1,0,0,1,0,0,0,0,0,0,1,0,0,0,0,0,0,0,0,0,1,0,0
0,-1.1196839170382944,-1.4867496984100992,-0.9568187822399217,0,0,0,0,1,0,0,0,1,1,0,1,0,1,0,1,0,1,0,1,0,0,0,0,0,0,1
0,0.8776081415461278,-0.6536064834710211,0.07666892973335981,0,1,0,0,0,1,0,0,0,0,1,0,0,0,0,0,1,0,1,0,0,0,1,0,1,0,0
0,0.9998913288063985,1.0110169858982743,1.4019914071255453,1,0,0,0,1,0,0,1,0,0,0,0,0,0,1,0,0,0,1,0,1,0,1,1,0,1,0
0,-0.34522373105657966,0.831417250941347,-0.053697167290504534,1,1,0,0,1,0,1,1,0,0,0,0,0,0,1,0,0,0,1,0,0,0,0,1,0,0,1
0,0.6738028294456765,1.1839648788197594,1.1713250320699535,1,0,1,1,1,0,1,1,0,0,0,0,1,0,0,0,0,0,1,0,1,1,0,0,0,0,1
0,-1.1196839170382944,-0.5887510236254643,-0.9104075693569755,1,1,0,0,1,0,1,0,0,0,0,0,0,0,0,0,0,0,0,0,0,0,0,0,0,1,0
0,-1.2419671042985652,0.5104658727312833,-0.9289588193734003,1,1,0,0,1,0,0,1,0,0,0,0,0,0,0,0,0,0,0,0,1,0,0,1,0,1,0
0,-1.1604449794583847,0.7399544229540231,-0.8582170134249175,1,0,0,1,1,0,1,1,0,0,0,0,0,0,1,0,1,0,0,0,0,0,0,1,0,0,1
0,1.5297851402675717,0.47886962306293496,1.5198723584784273,0,1,1,1,1,0,1,0,0,0,1,0,1,0,1,0,1,0,1,0,0,0,1,1,0,0,0
0,-1.1196839170382944,0.36745126896928604,-0.8510259224554116,1,1,0,0,1,0,1,1,0,0,0,0,0,0,0,0,0,0,0,0,0,0,0,1,0,0,0
0,0.8368470791260375,0.6933915287059312,1.0276355640473727,0,1,1,1,1,0,1,0,0,0,1,0,0,0,1,0,1,0,1,0,1,0,0,0,0,1,0
0,0.592280704605496,1.1274242215185046,0.9912830550972324,1,0,1,0,1,0,1,1,0,0,1,0,1,0,1,0,0,0,1,0,0,0,0,1,0,1,0
0,-0.05989629411594795,-1.4884126589189595,-0.7488947838394232,0,0,0,1,1,0,0,0,1,1,0,1,0,1,0,1,0,1,0,1,0,1,0,0,1,0,0
0,-0.7935954176775724,-0.10150359452935692,-0.677932392278379,0,1,1,1,1,0,0,0,0,0,0,0,1,0,1,0,1,0,0,0,0,0,0,0,0,0,0
0,-0.1821794813762187,-0.4972881956381404,-0.3866932080133906,0,0,1,1,1,0,1,0,0,0,0,0,0,0,0,0,0,0,0,0,0,0,0,0,0,0,1
0,-0.9158786049378431,0.7183359363388377,-0.6423078158496919,1,0,0,0,1,0,1,1,0,0,0,0,0,0,0,0,0,0,0,0,1,0,0,0,0,1,0
0,0.22543114282468377,-1.4784348958657971,-0.6808441223641911,0,1,1,0,1,0,0,0,1,1,0,1,0,1,0,1,0,1,0,1,0,0,1,0,0,0,0
0,-1.2827281667186554,-0.6502805624533005,-0.9888698717451119,1,0,0,0,1,0,0,0,0,0,0,0,0,0,0,0,0,0,0,0,0,0,0,1,0,0,1
0,1.407501953007301,1.305360995966571,2.097365492164513,1,1,1,0,1,0,1,1,0,0,0,0,1,0,1,0,0,0,1,0,1,1,0,0,0,1,0
0,0.7960860167059473,0.3508216638806817,0.6964703839087472,0,1,1,0,1,0,0,0,0,0,1,0,1,0,0,0,0,0,1,0,1,1,0,1,0,0,1
0,1.2036966409068497,1.4400607971842665,2.0024254445180305,0,1,1,1,1,0,0,1,0,0,1,0,1,0,1,0,1,0,1,0,1,0,1,0,0,0,1
0,-0.6713122304173017,0.7116840943033959,-0.41764136945577335,0,0,0,0,1,0,0,1,0,0,0,0,1,0,0,0,0,0,0,0,1,0,0,1,0,1,0
1,-1.1196839170382944,0.5370732408730502,-0.8448936424262011,1,0,1,0,1,0,1,1,0,0,0,0,1,0,0,0,0,0,0,0,0,0,0,1,0,1,0
0,-0.8343564800976626,1.025983630478018,-0.48650819769748305,0,1,0,0,1,0,0,1,0,0,0,0,0,0,1,0,0,0,1,0,1,1,0,0,0,1,0
0,1.6113072651077522,1.7294159257259818,2.7312623669825826,0,0,1,1,1,0,1,1,0,0,1,0,1,0,1,0,1,0,1,0,1,0,1,1,0,0,0
1,1.570546202687662,1.3602386927589656,2.2482460511566,0,1,0,0,1,0,1,1,0,0,0,0,1,0,0,0,1,0,1,0,1,1,0,0,0,0,0
0,-0.34522373105657966,-1.4867496984100992,-0.8073058540457164,0,0,1,0,1,0,0,0,1,1,0,1,0,1,0,1,0,1,0,1,0,1,0,0,0,0,1
0,-0.712073292837392,-1.505042264007564,-0.8625625499923797,0,0,0,0,1,0,0,0,1,1,0,1,0,1,0,1,0,1,0,1,0,0,1,0,0,0,1
0,1.407501953007301,0.8563616585742535,1.6629441867858354,1,1,1,0,1,0,0,1,0,0,1,0,1,0,0,0,0,0,0,0,1,1,0,1,1,0,0
0,-1.2419671042985652,-0.12977392317998412,-0.9494732813416227,0,1,0,1,1,0,1,0,0,0,1,0,1,0,0,0,0,0,0,0,0,0,0,0,0,0,0
0,-1.1196839170382944,-1.3237795685417766,-0.9534879394902425,0,0,1,1,0,1,0,0,0,0,0,0,0,0,0,0,0,0,0,0,0,0,0,0,0,0,1
0,-0.712073292837392,0.7748765936400926,-0.3953622225870588,1,0,1,0,1,0,0,1,0,0,0,0,0,0,0,0,0,0,1,0,1,0,0,0,0,1,0
0,-1.2827281667186554,-1.4850867379012387,-0.9999432694957008,1,1,0,0,1,0,0,0,1,1,0,1,0,1,0,1,0,1,0,1,0,0,0,1,0,0,1
0,0.3477143300849545,-0.15139240979516996,0.09905836940835513,0,1,1,1,1,0,0,0,0,0,1,0,1,0,1,0,0,0,0,0,0,1,0,1,0,0,0
0,0.429236454925135,-0.02999629264835803,0.19865277347988602,0,0,0,1,1,0,0,0,0,0,1,0,1,0,0,0,0,0,0,0,1,0,0,1,0,1,0
1,-1.2827281667186554,0.3142365326857518,-0.976075906216543,0,1,1,0,1,0,1,1,0,0,0,0,0,0,0,0,0,0,0,0,0,0,0,0,0,1,0
1,-1.2827281667186554,0.19117745503007955,-0.9777082397494985,0,0,0,0,1,0,0,1,0,0,0,0,0,0,0,0,0,0,0,0,0,0,0,1,0,0,1
0,-0.2637016062163992,0.8630135006096954,0.0331032712524576,1,0,1,1,1,0,0,1,0,0,0,0,0,0,0,0,0,0,1,0,1,0,0,1,0,1,0
0,-0.4267458558967602,0.4821955440806557,-0.24547429885149902,1,1,0,0,1,0,1,1,0,0,0,0,1,0,0,0,0,0,0,0,0,0,0,1,0,1,0
0,1.570546202687662,0.8546986980653932,1.816405597444892,0,1,1,0,1,0,1,0,0,0,1,0,1,0,1,0,1,0,1,0,1,0,1,0,0,0,0
0,-1.0381617921981139,-1.510031145534145,-0.9359072661690886,0,1,0,0,1,0,0,0,1,1,0,1,0,1,0,1,0,1,0,1,0,0,1,0,0,0,1
1,-0.1821794813762187,-0.013366687559753681,-0.18492354820335896,0,0,0,0,1,0,1,0,0,0,0,0,1,0,1,0,1,0,0,0,0,0,0,0,0,0,0
1,-0.6713122304173017,0.15958120536173165,-0.5485809890722977,0,1,0,0,1,0,0,1,0,0,0,0,0,0,0,0,0,0,0,0,0,0,0,0,0,1,0
0,-1.0381617921981139,-1.5083681850252848,-0.952120308692361,0,1,0,0,1,0,0,0,1,1,0,1,0,1,0,1,0,1,0,1,0,1,0,0,0,0,1
0,1.4890240778474815,1.518219941100707,2.2802750821005344,0,0,0,0,1,0,1,1,0,0,0,0,1,0,1,0,1,0,1,0,1,0,1,1,0,0,0
0,-1.2827281667186554,-1.3354202921037994,-0.997957998982647,0,0,0,1,0,1,0,0,0,0,0,0,0,0,0,0,0,0,0,0,0,0,0,0,0,0,1
0,-1.201206041878475,0.41734008423509905,-0.9179074801840675,0,1,0,0,1,0,0,0,0,0,1,0,0,0,1,0,0,0,1,0,1,0,0,1,0,1,0
1,-0.46750691831685043,1.0625687616729476,-0.11314498987583703,1,1,0,0,1,0,0,1,0,0,0,0,0,0,1,0,0,0,1,0,1,0,0,1,0,0,0
0,1.4890240778474815,0.6834137656527687,1.5805554604941041,0,0,1,0,1,0,1,1,0,0,0,0,1,0,1,0,0,0,0,0,0,0,0,1,0,0,0
0,1.570546202687662,-0.5737843790457203,0.48133323597748695,0,0,1,0,0,1,0,0,0,0,1,0,1,0,1,0,1,0,0,0,0,0,1,1,0,0,0
0,1.4890240778474815,-1.5116941060430058,-0.4149502249825226,0,0,1,1,1,0,0,0,1,1,0,1,0,1,0,1,0,1,0,1,0,0,1,0,0,0,1
0,0.6330417670255862,1.2970461934222688,1.1732000097767263,0,0,0,0,1,0,1,1,0,0,0,0,0,0,1,0,1,0,1,0,1,0,0,1,0,1,0
0,0.592280704605496,0.6152323847894905,0.7845061018820539,1,1,1,0,1,0,1,1,0,0,0,0,1,0,1,0,0,0,0,0,0,0,0,1,0,0,0
0,-1.2419671042985652,-0.5139178007267448,-0.9618481342063244,1,0,0,0,1,0,1,0,0,0,0,0,0,0,0,0,0,0,0,0,0,0,0,1,0,1,0
0,0.5107585797653155,1.450038560237429,1.1814278531252713,0,1,0,0,1,0,1,1,0,0,1,0,0,0,1,0,1,0,1,0,1,0,0,1,1,0,0
0,0.755324954285857,0.5370732408730502,0.7936604048033575,0,1,0,0,1,0,1,1,0,0,0,0,1,0,0,0,0,0,0,0,0,0,0,0,0,0,0
0,-0.4267458558967602,0.4772066625540746,-0.24000377565997302,1,0,1,0,1,0,1,0,0,0,1,0,0,0,0,0,1,0,1,0,1,0,0,1,0,1,0
0,1.6113072651077522,0.7249877783742795,1.73734771390284,0,1,0,0,1,0,1,0,0,0,1,0,1,0,1,0,1,0,1,0,1,0,1,0,0,0,0
0,0.18467008040459354,0.9345208024906942,0.4978550983583455,0,1,1,1,1,0,1,1,0,0,0,0,1,0,1,0,0,0,1,0,0,0,0,1,0,1,0
0,1.570546202687662,0.8480468560299513,1.7816633634664512,0,1,1,1,1,0,1,0,0,0,1,0,1,0,1,0,1,0,1,0,1,0,1,0,0,1,0
0,-1.0381617921981139,-0.5371992478507907,-0.8587464188950652,1,1,1,1,1,0,0,0,0,0,0,0,0,0,1,0,0,0,0,0,0,0,0,0,0,1,0
0,1.3667408905872107,-1.3204536475240558,-0.26609905362600206,0,0,0,0,1,0,1,0,1,1,0,1,0,1,0,1,0,1,0,1,0,0,1,1,1,0,0
0,0.755324954285857,0.3840808740578904,0.740962501962408,0,1,1,1,1,0,0,0,0,0,1,0,0,0,0,0,1,0,1,0,1,1,0,1,0,0,0
0,-0.1006573565360382,-1.5067052245164245,-0.7404022377558043,0,0,1,1,1,0,0,0,1,1,0,1,0,1,0,1,0,1,0,1,0,1,0,0,0,0,0
0,0.06238689314432279,0.6817508051439078,0.26904164244827017,0,0,0,0,1,0,1,1,0,0,0,0,0,0,0,0,0,0,1,0,0,0,0,0,0,1,0
0,1.2852187657470302,-1.3320943710860789,-0.3405466978655185,0,1,1,1,1,0,1,0,1,1,0,1,0,1,0,1,0,1,0,1,0,0,1,1,0,0,1
1,1.3259798281671205,1.2737647462982231,1.9877785598439452,0,1,1,0,1,0,1,1,0,0,0,0,1,0,1,0,0,0,1,0,1,1,0,1,0,0,0
0,0.592280704605496,1.193942641872922,1.051061756101407,0,1,0,0,1,0,1,1,0,0,1,0,1,0,0,0,1,0,1,0,0,0,0,0,0,0,1
0,-1.2827281667186554,1.022657709460297,-0.966678959121422,1,0,0,0,1,0,0,1,0,0,1,0,0,0,0,0,0,0,1,0,1,0,0,1,0,1,0
0,0.6738028294456765,-0.16968497539263466,0.2856737976354097,1,0,0,0,1,0,1,0,0,0,1,0,1,0,0,0,0,0,0,0,0,0,0,1,1,0,0
0,1.407501953007301,0.972768894194484,1.7717590694624386,0,0,1,1,1,0,1,1,0,0,0,0,1,0,0,0,1,0,1,0,0,0,1,0,1,0,0
0,0.26619220524477405,-1.513357066551866,-0.6650943096272979,0,1,0,1,1,0,0,0,1,1,0,1,0,1,0,1,0,1,0,1,0,1,0,0,0,0,0
0,-0.7528343552574821,-1.4950645009544015,-0.8836725931145182,0,1,0,0,1,0,0,0,1,1,0,1,0,1,0,1,0,1,0,1,0,0,0,0,0,0,1
1,0.429236454925135,1.4400607971842665,1.0208415271804774,1,0,0,0,1,0,0,1,0,0,1,0,1,0,0,0,1,0,1,0,1,0,0,1,1,0,0
1,0.9591302663863083,1.2039204049260845,1.4590569050952134,0,1,0,0,1,0,1,1,0,0,0,0,0,0,1,0,0,0,1,0,1,0,0,1,0,1,0
0,-0.7528343552574821,-0.19130346200782028,-0.6678957469068293,0,0,0,0,1,0,0,0,0,0,0,0,0,0,0,0,1,0,0,0,1,1,0,0,1,0,0
0,-1.2827281667186554,0.21612186266298605,-0.9773773613306562,1,0,0,0,1,0,0,1,0,0,0,0,0,0,0,0,0,0,0,0,0,0,0,0,0,1,0
0,-0.6713122304173017,-0.29939589508374853,-0.6304182513326253,0,1,1,1,1,0,0,0,0,0,1,0,1,0,0,0,0,0,0,0,0,1,0,1,0,0,1
0,1.5297851402675717,1.3702164558121281,2.323774564897668,0,1,1,1,1,0,1,1,0,0,1,0,1,0,0,0,0,0,1,0,1,0,0,1,0,1,0
1,1.6113072651077522,0.640176792422397,1.6300769305141676,0,1,1,0,1,0,1,0,0,0,1,0,1,0,1,0,0,0,1,0,1,0,1,1,1,0,0
0,-0.3859847934766699,0.34749574286296053,-0.2575844489811269,0,0,1,1,1,0,0,1,0,0,0,0,0,0,1,0,0,0,0,0,0,0,0,1,1,0,0
0,-0.46750691831685043,-1.3354202921037994,-0.8027617904269488,0,1,0,1,1,0,1,0,1,1,0,1,0,1,0,1,0,1,0,1,0,0,0,0,0,0,1
0,-1.2827281667186554,-1.4867496984100992,-0.9999653280569568,1,0,0,0,1,0,0,0,1,1,0,1,0,1,0,1,0,1,0,1,0,0,0,1,0,0,1
0,-1.2827281667186554,0.16290712637945234,-0.9780832352908531,1,1,0,1,1,0,0,1,0,0,0,0,0,0,0,0,0,0,0,0,0,0,0,0,0,0,0
1,-0.019135231695857704,0.9428356050349964,0.2842179325925035,1,0,1,0,1,0,1,1,0,0,0,0,0,0,0,0,0,0,1,0,1,0,0,1,0,1,0
0,-0.6305511679972114,0.5320843593464687,-0.3908402175295474,1,1,1,1,1,0,0,1,0,0,0,0,0,0,0,0,0,0,1,0,0,0,0,0,0,1,0
0,-1.1604449794583847,-1.0377503610177818,-0.9480394748599728,1,0,0,0,0,1,0,0,0,0,1,0,1,0,0,0,0,0,0,0,0,0,0,1,0,1,0
0,0.14390901798450328,-0.30105885559260914,-0.15232099466676477,0,0,0,0,1,0,1,0,0,0,0,0,0,0,1,0,0,0,0,0,0,1,0,0,0,1,0
0,0.7145638918657667,-0.836532139445669,-0.15618124288659155,0,0,0,0,0,1,0,0,0,0,0,0,1,0,1,0,1,0,0,0,0,0,1,0,1,0,0
0,0.6330417670255862,-1.1757760832531978,-0.38104621633181546,0,0,1,1,0,1,0,0,0,0,0,0,0,0,0,0,1,0,0,0,0,0,0,1,1,0,0
0,0.7145638918657667,-1.4867496984100992,-0.5805438443324634,0,0,0,1,1,0,0,0,1,1,0,1,0,1,0,1,0,1,0,1,0,0,1,0,1,0,0
0,1.6113072651077522,0.4888473861160975,1.554746943824405,0,1,1,0,1,0,1,0,0,0,1,0,1,0,1,0,1,0,0,0,1,0,1,0,1,0,0
0,-0.9158786049378431,-1.3320943710860789,-0.9100766909381333,0,1,0,1,1,0,1,0,1,1,0,1,0,1,0,1,0,1,0,1,0,0,0,0,1,0,0
0,-0.5897901055771212,-1.5033793034987035,-0.8360481593624838,0,0,0,0,1,0,0,0,1,1,0,1,0,1,0,1,0,1,0,1,0,0,0,0,0,0,1
0,-1.2827281667186554,0.5021510701869811,-0.973583288794598,1,1,0,0,1,0,0,1,0,0,0,0,0,0,0,0,0,0,1,0,0,0,0,1,0,1,0
0,-1.2827281667186554,-1.5150200270607266,-1.0003403235983115,1,0,0,0,1,0,0,0,1,1,0,1,0,1,0,1,0,1,0,1,0,0,0,0,0,1,0
0,-0.9566396673579334,0.9711059336856236,-0.6507783033720546,0,1,0,0,1,0,0,1,0,0,0,0,0,0,1,0,0,0,1,0,1,0,0,1,0,1,0
0,-1.2419671042985652,0.861350540100835,-0.9317602566529317,0,1,0,0,1,0,1,1,0,0,1,0,0,0,0,0,0,0,0,0,1,0,0,0,0,0,1
0,0.30695326766486425,0.4655659389920513,0.37062131703285484,0,0,1,0,1,0,1,1,0,0,0,0,0,0,0,0,1,0,0,0,0,0,0,1,1,0,0
0,1.4890240778474815,1.1523686291514113,2.009395949874975,0,1,1,0,1,0,1,1,0,0,0,0,0,0,1,0,0,0,1,0,1,1,0,0,0,0,0
0,0.18467008040459354,1.1423908660982487,0.647566553603856,1,0,1,0,1,0,1,1,0,0,1,0,0,0,1,0,1,0,0,0,1,1,0,1,0,1,0
0,-0.5897901055771212,0.5221065962933062,-0.38828142442383357,0,1,0,1,1,0,1,1,0,0,0,0,0,0,1,0,0,0,0,0,0,0,0,1,1,0,0
1,-0.8751175425177529,0.17787377095919635,-0.640609306632968,0,1,1,0,1,0,0,1,0,0,0,0,0,0,0,0,0,0,0,0,0,0,0,1,0,1,0
0,-0.9974007297780236,0.6767619236173268,-0.7320641016009783,1,0,1,0,1,0,1,1,0,0,0,0,0,0,0,0,0,0,0,0,1,0,0,1,1,0,0
0,-1.201206041878475,0.3458327823541002,-0.9020914917634059,1,0,0,0,1,0,1,1,0,0,0,0,0,0,0,0,0,0,0,0,0,0,0,0,0,1,0
0,0.918369203966218,-0.1796627384457972,0.38392262947031514,0,1,1,1,1,0,0,0,0,0,1,0,0,0,0,0,0,0,0,0,1,1,0,0,1,0,0
0,0.021625830724232544,0.9478244865615775,0.3552464998373162,0,1,1,0,1,0,1,1,0,0,0,0,1,0,1,0,0,0,0,0,1,0,0,1,0,1,0
0,0.5515196421854057,-0.6619212860153233,-0.05199865807378079,0,0,0,0,1,0,0,0,0,0,0,0,0,0,0,0,0,0,0,0,0,0,0,0,0,0,0
0,0.06238689314432279,-1.2888573978557074,-0.5763527176937943,0,1,0,0,1,0,1,0,1,1,0,1,0,1,0,1,0,1,0,1,0,0,1,0,0,0,0
0,-1.201206041878475,-1.4850867379012387,-0.9797596859463208,0,0,0,0,1,0,0,0,1,1,0,1,0,1,0,1,0,1,0,1,0,0,0,0,0,1,0
0,-0.1006573565360382,-1.4501645672151695,-0.6947851330780798,0,1,1,1,1,0,0,0,1,1,0,1,0,1,0,1,0,1,0,1,0,0,1,0,0,0,1
0,0.021625830724232544,-0.18132569895465775,-0.1473357598228742,0,0,0,0,1,0,1,0,0,0,1,0,0,0,0,0,1,0,0,0,0,1,0,0,0,1,0
0,0.5107585797653155,1.002702183353972,0.918555978635696,0,1,1,1,1,0,1,1,0,0,0,0,1,0,1,0,0,0,0,0,1,1,0,1,1,0,0
0,0.30695326766486425,-0.098177673511636,0.15896942178006662,0,1,0,0,1,0,0,0,0,0,1,0,1,0,0,0,1,0,0,0,0,0,0,1,0,0,1
0,1.570546202687662,1.789282504044958,2.73121824986007,0,0,0,0,1,0,1,1,0,0,1,0,1,0,1,0,1,0,1,0,1,0,1,1,0,1,0
0,-1.2827281667186554,-0.3492847103495616,-0.9848772721577482,1,1,0,0,1,0,1,0,0,0,0,0,0,0,1,0,0,0,0,0,0,0,0,0,0,1,0
0,1.6113072651077522,-0.013366687559753681,0.9887683791140309,0,0,1,1,0,1,0,0,0,0,1,0,1,0,1,0,1,0,1,0,1,0,1,0,0,0,0
0,-0.4267458558967602,0.508802912222423,-0.2188716739765784,0,0,1,1,1,0,0,1,0,0,0,0,0,0,0,0,0,0,0,0,1,0,0,1,0,1,0
0,0.5515196421854057,-1.4850867379012387,-0.6358005402791267,0,1,1,1,1,0,0,0,1,1,0,1,0,1,0,1,0,1,0,1,0,1,0,1,0,0,0
0,0.918369203966218,-1.4584793697594718,-0.47490539447674657,0,0,1,1,1,0,0,0,1,1,0,1,0,1,0,1,0,1,0,1,0,0,1,0,0,0,1
0,-1.2827281667186554,-1.4767719353569364,-0.9998329766894201,0,1,0,0,1,0,0,0,1,1,0,1,0,1,0,1,0,1,0,1,0,0,0,0,0,0,1
0,-0.8343564800976626,0.3657883084604252,-0.6318961749367875,0,0,0,0,1,0,1,0,0,0,0,0,0,0,0,0,1,0,1,0,1,1,0,1,0,0,1
0,-0.05989629411594795,0.5187806752755855,0.06279409470323945,0,1,0,0,1,0,1,1,0,0,0,0,1,0,0,0,0,0,0,0,0,0,0,1,0,1,0
0,-1.1196839170382944,-1.3271054895594974,-0.9645613372408313,1,1,1,0,0,1,0,0,0,0,0,0,0,0,0,0,0,0,0,0,0,0,0,1,0,1,0
0,1.407501953007301,0.35414758489840237,1.2982279349766015,0,0,1,1,1,0,1,0,0,0,1,0,0,0,0,0,0,0,1,0,1,0,1,1,0,1,0
0,-1.2827281667186554,-0.6785508911039276,-0.9892448672864665,0,1,0,0,1,0,0,0,0,0,0,0,0,0,0,0,0,0,0,0,0,0,0,0,0,0,1
0,0.30695326766486425,-0.748395232476066,-0.2516065788807095,1,1,1,0,0,1,0,0,0,0,1,0,1,0,1,0,0,0,0,0,0,1,0,1,0,1,0
0,0.3477143300849545,0.32255133523005397,0.32504832947764284,0,1,1,1,1,0,1,0,0,0,1,0,1,0,1,0,0,0,1,0,0,0,0,1,1,0,0
0,-1.2827281667186554,0.34749574286296053,-0.9756347349914201,1,1,0,0,1,0,1,1,0,0,0,0,0,0,0,0,0,0,0,0,0,0,0,1,0,1,0
0,0.755324954285857,0.9960503413185302,1.1253549904121307,1,1,0,0,1,0,1,1,0,0,1,0,1,0,0,0,0,0,1,0,0,1,0,1,0,1,0
0,0.38847539250504476,-0.5554918134482556,-0.1122626474255909,0,1,1,1,0,1,0,0,0,0,1,0,0,0,1,0,1,0,1,0,0,0,1,0,1,0,0
0,-0.3859847934766699,-1.5033793034987035,-0.8161072199869214,0,1,1,1,1,0,0,0,1,1,0,1,0,1,0,1,0,1,0,1,0,1,0,0,0,0,1
1,-1.2827281667186554,0.18951449452121918,-0.9777302983107545,1,0,0,0,1,0,0,1,0,0,0,0,0,0,0,0,0,0,0,0,0,0,0,1,0,1,0
0,-1.2827281667186554,-1.4867496984100992,-0.9999653280569568,0,0,0,0,1,0,0,0,1,1,0,1,0,1,0,1,0,1,0,1,0,0,0,0,0,0,1
0,0.9591302663863083,1.3885090214095928,1.5913862140708752,0,0,0,0,1,0,1,1,0,0,1,0,1,0,0,0,0,0,1,0,1,0,0,1,1,0,0
0,-0.712073292837392,0.8696653426451372,-0.377958017755954,0,1,0,1,1,0,1,1,0,0,0,0,1,0,0,0,0,0,1,0,0,0,0,1,0,1,0
0,-0.8343564800976626,-1.3121388449797535,-0.8707683347796686,0,1,1,1,1,0,1,0,1,1,0,1,0,1,0,1,0,1,0,1,0,0,1,1,0,0,0
0,0.8776081415461278,0.16955896841489418,0.6992938797495348,0,0,1,1,1,0,0,0,0,0,1,0,0,0,1,0,1,0,0,0,1,0,1,0,0,0,0
0,-1.0381617921981139,0.06645541686554692,-0.8067543900143126,0,0,0,0,1,0,0,0,0,0,0,0,0,0,0,0,0,0,1,0,1,0,0,1,0,1,0
0,0.021625830724232544,0.7083581732856752,0.20246890457720032,1,0,1,1,1,0,1,1,0,0,0,0,0,0,0,0,0,0,0,0,1,0,0,0,1,0,0
0,-0.6713122304173017,-1.4867496984100992,-0.8582611305474299,0,1,1,1,1,0,0,0,1,1,0,1,0,1,0,1,0,1,0,1,0,0,0,0,0,1,0
0,-0.46750691831685043,-6.300348887048559e-05,-0.4190972344986794,0,0,0,1,1,0,0,0,0,0,1,0,0,0,1,0,0,0,0,0,1,1,0,0,0,0,1
1,-0.1006573565360382,0.33252909828321653,-0.046329607830949505,0,1,1,0,1,0,1,0,0,0,0,0,0,0,1,0,0,0,1,0,1,0,1,0,0,1,0
0,-1.201206041878475,-0.47733266953181513,-0.9436718797312543,0,1,0,0,1,0,0,0,0,0,0,0,0,0,0,0,1,0,0,0,0,0,0,1,0,0,1
0,-0.8751175425177529,0.2676736384376599,-0.6477783390412177,0,1,0,0,1,0,0,1,0,0,0,0,0,0,1,0,0,0,0,0,0,0,0,0,0,1,0
0,1.2036966409068497,1.6695493474070064,2.138217947610909,0,0,0,0,1,0,1,1,0,0,1,0,1,0,1,0,1,0,1,0,1,1,0,1,1,0,0
0,-0.5897901055771212,-1.5249977901138891,-0.8549744049202631,0,1,0,0,1,0,0,0,1,1,0,1,0,1,0,1,0,1,0,1,0,0,0,0,0,1,0
0,-1.0789228546182041,-1.5067052245164245,-0.952120308692361,0,1,0,1,1,0,0,0,1,1,0,1,0,1,0,1,0,1,0,1,0,0,0,0,0,0,1
0,0.5515196421854057,1.2055833654349448,1.053355846472047,0,0,0,0,1,0,1,1,0,0,0,0,0,0,1,0,0,0,1,0,1,1,0,1,0,1,0
0,-0.46750691831685043,0.640176792422397,-0.24234198315312522,0,1,0,0,1,0,1,1,0,0,0,0,0,0,0,0,0,0,0,0,1,0,0,1,0,1,0
0,1.4482630154273912,-1.3537128577012645,-0.3476054374674875,0,1,0,0,1,0,1,0,1,1,0,1,0,1,0,1,0,1,0,1,0,0,1,1,0,0,0
0,-1.2827281667186554,-0.4906363536026986,-0.9867522498645213,0,0,0,0,1,0,1,0,0,0,0,0,0,0,0,0,0,0,0,0,0,0,0,1,0,1,0
0,-0.3044626686364894,0.32421429573891436,-0.2157393582782047,0,0,1,0,1,0,0,1,0,0,0,0,0,0,1,0,0,0,0,0,0,0,0,1,0,1,0
0,-0.34522373105657966,-1.5000533824809827,-0.7891075410093902,0,0,0,1,1,0,0,0,1,1,0,1,0,1,0,1,0,1,0,1,0,0,1,0,0,0,1
0,-0.1006573565360382,0.670110081581885,0.14888865928600473,1,0,1,0,1,0,1,1,0,0,0,0,0,0,0,0,0,0,0,0,1,0,0,1,0,1,0
0,-1.2419671042985652,0.5221065962933062,-0.9276353056980312,1,0,0,0,1,0,0,1,0,0,0,0,0,0,0,0,0,0,0,0,1,0,0,0,0,1,0
0,0.755324954285857,1.3951608634450345,1.417057404463498,0,1,1,0,1,0,1,1,0,0,0,0,1,0,1,0,0,0,1,0,1,1,0,1,0,0,0
0,0.9998913288063985,0.6534804764932807,1.12879612596809,0,0,1,1,1,0,1,0,0,0,1,0,0,0,1,0,1,0,1,0,1,0,1,1,0,1,0
0,-0.712073292837392,-1.3237795685417766,-0.8460186290502649,0,0,0,0,1,0,1,0,1,1,0,1,0,1,0,1,0,1,0,1,0,0,1,0,0,0,0
0,1.6113072651077522,0.6268731083515138,1.6809219142096004,0,0,1,1,1,0,0,0,0,0,1,0,1,0,1,0,1,0,1,0,1,0,1,1,0,0,0
0,-1.2419671042985652,0.36412534795156487,-0.9379366538046546,1,0,0,0,1,0,0,1,0,0,0,0,0,0,1,0,0,0,0,0,0,0,0,1,0,1,0
0,-0.1821794813762187,1.0559169196375058,0.1754030499159006,0,1,1,0,1,0,1,1,0,0,0,0,1,0,1,0,0,0,1,0,0,0,0,0,1,0,0
1,-0.14141841895612844,1.1191094189742024,0.3164896077102554,1,1,1,0,1,0,1,1,0,0,0,0,0,0,1,0,0,0,1,0,1,0,0,1,0,1,0
0,1.5297851402675717,1.2055833654349448,2.0770495572475967,0,1,1,1,1,0,0,1,0,0,1,0,1,0,1,0,1,0,1,0,0,0,1,1,1,0,0
0,-0.7935954176775724,-1.4850867379012387,-0.8883048909783102,0,0,0,0,1,0,0,0,1,1,0,1,0,1,0,1,0,1,0,1,0,1,0,0,0,0,1
1,1.081413453646579,0.9711059336856236,1.4104839532091642,0,0,1,0,1,0,1,1,0,0,1,0,1,0,1,0,1,0,0,0,0,1,0,1,0,1,0
1,-0.7935954176775724,1.0110169858982743,-0.46460404637012304,1,1,1,0,1,0,1,1,0,0,0,0,0,0,0,0,0,0,1,0,1,0,0,1,0,1,0
1,-1.0381617921981139,0.31756245370347297,-0.7759606385007229,1,1,1,0,1,0,1,1,0,0,0,0,0,0,0,0,0,0,0,0,0,0,0,1,0,0,1
0,1.2036966409068497,0.5370732408730502,1.1907806830978802,0,0,1,0,1,0,0,0,0,0,1,0,0,0,1,0,1,0,1,0,1,0,1,0,0,0,1
0,-0.46750691831685043,-0.15305537030403032,-0.4537071171095835,0,0,0,0,1,0,0,0,0,0,1,0,0,0,1,0,1,0,0,0,0,1,0,1,0,1,0
0,-1.2419671042985652,-0.13309984419770504,-0.9597084537644776,0,0,0,0,1,0,0,0,0,0,0,0,0,0,1,0,0,0,0,0,1,0,0,0,0,1,0
0,-1.2827281667186554,-0.6951804961925321,-0.9894654528990281,0,0,0,0,1,0,0,0,0,0,0,0,0,0,0,0,0,0,0,0,0,0,0,0,1,0,0
0,-1.1604449794583847,0.7050322522679541,-0.8729300737827717,0,1,0,0,1,0,0,1,0,0,0,0,0,0,1,0,0,0,0,0,1,0,0,0,0,1,0
0,-0.5490290431570309,-1.4834237773923784,-0.8395995877247243,0,0,0,0,1,0,0,0,1,1,0,1,0,1,0,1,0,1,0,1,0,1,0,0,1,0,0
0,-0.1006573565360382,0.6750989631084665,0.11873460604884359,1,0,0,0,1,0,0,1,0,0,0,0,0,0,0,0,1,0,1,0,0,0,0,0,0,1,0
0,1.407501953007301,-1.5116941060430058,-0.4423028409401524,0,1,1,1,1,0,0,0,1,1,0,1,0,1,0,1,0,1,0,1,0,0,1,1,1,0,0
1,1.6113072651077522,1.2571351412096188,2.322120172803457,0,1,1,0,1,0,1,1,0,0,1,0,1,0,1,0,0,0,0,0,1,0,1,1,1,0,0
0,0.8368470791260375,-1.4950645009544015,-0.5191328097953334,0,1,1,0,1,0,0,0,1,1,0,1,0,1,0,1,0,1,0,1,0,0,1,0,1,0,0
0,-1.1196839170382944,-1.5067052245164245,-0.9649142742209298,0,0,0,0,1,0,0,0,1,1,0,1,0,1,0,1,0,1,0,1,0,1,0,0,0,1,0
1,1.570546202687662,1.0193317884425763,1.9501466543409476,0,1,1,0,1,0,0,1,0,0,0,0,1,0,1,0,1,0,0,0,1,0,1,1,1,0,0
0,0.7145638918657667,0.6418397529312578,0.828358521659286,0,0,1,1,1,0,1,0,0,0,0,0,1,0,1,0,1,0,1,0,1,1,0,1,1,0,0
0,0.9591302663863083,1.2754277068070834,1.5824745553233894,0,1,1,1,1,0,1,1,0,0,0,0,0,0,1,0,1,0,1,0,1,0,1,1,0,1,0
0,-1.2419671042985652,-0.48731043258497764,-0.9606569718984922,0,1,0,0,1,0,0,0,0,0,0,0,0,0,0,0,1,0,0,0,0,0,0,1,1,0,0
1,-1.2419671042985652,0.7881802777109758,-0.929774986139878,1,0,0,0,1,0,1,1,0,0,0,0,0,0,1,0,0,0,0,0,1,0,0,1,0,1,0
0,-0.34522373105657966,-0.33598102627867815,-0.4185016533447632,1,1,1,1,1,0,1,0,0,0,1,0,0,0,0,0,0,0,0,0,0,0,0,0,0,1,0
0,0.5515196421854057,-1.4934015404455407,-0.6283888636970592,0,1,1,1,1,0,0,0,1,1,0,1,0,1,0,1,0,1,0,1,0,0,1,0,1,0,0
0,1.570546202687662,1.709460399619657,2.7696663221295448,0,1,1,0,1,0,1,1,0,0,1,0,1,0,1,0,1,0,1,0,1,0,1,1,0,1,0
0,-0.14141841895612844,-1.119235425951943,-0.600242139534208,0,0,0,0,0,1,0,0,0,0,0,0,0,0,0,0,1,0,0,0,0,0,0,1,0,1,0
0,1.4890240778474815,-1.3437350946481017,-0.25083452923674415,0,1,1,1,1,0,1,0,1,1,0,1,0,1,0,1,0,1,0,1,0,0,1,0,0,0,0
0,1.570546202687662,0.6435027134401181,1.6191358841311159,0,1,1,0,1,0,1,0,0,0,0,0,1,0,1,0,1,0,1,0,1,0,1,0,1,0,0
1,-1.2827281667186554,0.8796431056982997,-0.968575995389451,1,0,0,0,1,0,0,1,0,0,0,0,0,0,0,0,0,0,1,0,1,0,0,1,0,1,0
1,0.9591302663863083,0.6917285681970708,1.119553588801762,0,1,1,0,1,0,0,0,0,0,1,0,1,0,1,0,1,0,1,0,1,0,1,1,0,0,0
0,0.9591302663863083,-1.45182752772403,-0.46239819024450773,0,1,0,1,1,0,0,0,1,1,0,1,0,1,0,1,0,1,0,1,0,1,0,1,0,0,1
0,-1.2827281667186554,0.4871844256072372,-0.9737818158459033,1,1,0,0,1,0,0,1,0,0,0,0,0,0,0,0,0,0,1,0,0,0,0,1,0,1,0
0,-0.1821794813762187,-1.3071499634531722,-0.7122996307154653,0,0,1,0,1,0,1,0,1,1,0,1,0,1,0,1,0,1,0,1,0,1,0,0,0,0,1
0,-0.5490290431570309,-1.4850867379012387,-0.8402392860011528,0,0,1,1,1,0,0,0,1,1,0,1,0,1,0,1,0,1,0,1,0,0,0,0,0,0,1
0,1.3667408905872107,-0.03332221366607895,0.872563878416617,0,1,1,0,1,0,1,0,0,0,0,0,0,0,0,0,1,0,0,0,1,0,0,0,0,1,0
0,-0.6305511679972114,-0.09651471300277543,-0.5364928975039257,0,0,1,1,1,0,1,0,0,0,0,0,0,0,1,0,1,0,0,0,0,1,0,1,0,0,1
0,0.7960860167059473,-1.3004981214177305,-0.4151046349113157,0,1,1,1,1,0,1,0,1,1,0,1,0,1,0,1,0,1,0,1,0,0,1,0,0,0,1
0,-0.5490290431570309,-0.22123675116730807,-0.5477207051833076,0,0,0,0,1,0,0,0,0,0,0,0,1,0,0,0,0,0,1,0,0,1,0,0,0,1,0
0,0.14390901798450328,0.6983804102325122,0.31622490497518163,0,0,0,0,1,0,0,0,0,0,1,0,1,0,1,0,1,0,1,0,1,1,0,0,0,0,0
1,-1.0381617921981139,0.17454784994147518,-0.8025853219368997,1,1,1,0,1,0,0,1,0,0,0,0,0,0,0,0,0,0,0,0,0,0,0,1,0,0,1
0,1.6113072651077522,1.3319683641083384,2.316473181121881,0,1,1,1,1,0,1,1,0,0,1,0,1,0,1,0,1,0,0,0,1,1,0,1,1,0,0
0,1.407501953007301,1.5448273092424738,2.292032295250064,1,1,1,1,1,0,1,1,0,0,1,0,1,0,1,0,0,0,1,0,1,1,0,1,0,1,0
1,0.06238689314432279,1.164009352713434,0.4660466530269729,0,1,0,0,1,0,0,1,0,0,0,0,1,0,1,0,0,0,1,0,1,1,0,1,0,1,0
1,0.9998913288063985,1.0110169858982743,1.3854033690609184,1,1,1,0,1,0,1,1,0,0,0,0,1,0,1,0,0,0,0,0,1,0,0,1,0,0,0
0,-1.0381617921981139,0.7116840943033959,-0.7498433019734378,1,0,1,0,1,0,0,1,0,0,0,0,0,0,1,0,0,0,1,0,0,0,0,1,0,1,0
1,-1.2827281667186554,1.1956056023817823,-0.964384868750782,1,0,1,0,1,0,1,1,0,0,0,0,0,0,1,0,0,0,1,0,1,0,0,1,0,1,0
0,-0.9974007297780236,-1.5067052245164245,-0.9377601853146054,0,1,1,0,1,0,0,0,1,1,0,1,0,1,0,1,0,1,0,1,0,0,0,1,0,0,0
0,1.4890240778474815,1.3020350749488503,2.0919170275342434,0,0,0,0,1,0,1,1,0,0,0,0,0,0,1,0,1,0,1,0,1,0,1,0,0,1,0
0,0.7145638918657667,1.315338759019734,1.299749975703276,0,0,1,0,1,0,1,1,0,0,1,0,0,0,1,0,0,0,1,0,1,1,0,1,0,0,1
0,-0.9158786049378431,-1.5083681850252848,-0.9092164070491434,0,1,0,0,1,0,0,0,1,1,0,1,0,1,0,1,0,1,0,1,0,1,0,0,0,0,1
0,-0.8343564800976626,-1.3171277265063348,-0.8876651927018818,0,0,1,1,1,0,1,0,1,1,0,1,0,1,0,1,0,1,0,1,0,0,1,0,1,0,0
0,-0.7528343552574821,0.7133470548122562,-0.48785376993410834,1,0,0,0,1,0,0,1,0,0,0,0,1,0,0,0,0,0,0,0,1,0,0,1,0,1,0
0,1.5297851402675717,-0.49895115614700075,0.47798033466655154,0,0,1,0,0,1,0,0,0,0,1,0,0,0,1,0,1,0,0,0,1,0,1,1,0,0,0
1,1.2852187657470302,1.4666681653260334,2.128446004974433,0,0,0,0,1,0,1,1,0,0,1,0,0,0,1,0,1,0,1,0,1,0,0,1,0,0,0
0,1.3667408905872107,0.8330802114502078,1.620018226581362,0,0,1,1,1,0,1,0,0,0,1,0,1,0,1,0,1,0,1,0,1,0,1,0,1,0,0
0,1.570546202687662,0.5703324510502589,1.6381062468114076,0,0,1,1,1,0,0,0,0,0,1,0,0,0,1,0,1,0,1,0,1,0,1,1,1,0,0
1,-0.5082679807369407,0.8347431719590681,-0.2816062221890776,0,1,0,0,1,0,0,1,0,0,0,0,0,0,0,0,0,0,1,0,1,0,0,0,0,1,0
0,1.6113072651077522,0.4821955440806557,1.5293134226960607,0,1,1,0,1,0,0,0,0,0,1,0,1,0,0,0,1,0,1,0,1,0,1,1,0,0,0
0,1.570546202687662,-0.02667037163063735,0.9732832691122114,0,0,1,1,1,0,0,0,0,0,1,0,1,0,1,0,1,0,0,0,0,0,1,0,1,0,0
0,0.22543114282468377,1.2072463259438058,0.7367272582012264,0,1,1,1,1,0,1,1,0,0,0,0,0,0,1,0,0,0,1,0,1,0,0,1,1,0,0
0,-0.1821794813762187,0.8347431719590681,0.14946218187866478,1,0,0,0,1,0,1,1,0,0,0,0,1,0,0,0,0,0,0,0,1,0,0,1,0,1,0
1,-0.6305511679972114,0.3857438345667507,-0.4647143391764038,1,1,1,0,1,0,0,1,0,0,0,0,1,0,0,0,0,0,0,0,0,0,0,1,0,1,0
0,0.021625830724232544,-0.8564876655519943,-0.4313617945571005,0,1,0,0,0,1,0,0,0,0,0,0,1,0,0,0,0,0,1,0,0,1,0,1,0,1,0
0,-0.3859847934766699,-1.0061541113494334,-0.649984195166833,0,0,1,1,0,1,0,0,0,0,1,0,0,0,0,0,1,0,0,0,0,0,1,0,0,0,1
0,1.0406523912264887,-1.5067052245164245,-0.5196842738267372,0,1,1,1,1,0,0,0,1,1,0,1,0,1,0,1,0,1,0,1,0,1,0,1,0,1,0
1,1.5297851402675717,1.3170017195285944,2.2334668151149772,0,0,1,0,1,0,1,1,0,0,0,0,1,0,0,0,1,0,1,0,1,0,1,1,0,0,0
0,-1.1604449794583847,0.18785153401235885,-0.8790623538119822,0,1,1,0,1,0,0,1,0,0,0,0,0,0,0,0,0,0,0,0,0,0,0,0,0,1,0
0,0.5107585797653155,-1.4800978563746574,-0.5989186258588388,0,1,1,1,1,0,0,0,1,1,0,1,0,1,0,1,0,1,0,1,0,0,1,0,0,0,1
0,-0.9158786049378431,0.1712219289237545,-0.6823882216521219,1,1,0,0,1,0,0,1,0,0,0,0,0,0,0,0,0,0,0,0,0,0,0,1,0,1,0
0,0.14390901798450328,-1.510031145534145,-0.6759912388878374,0,1,1,1,1,0,0,0,1,1,0,1,0,1,0,1,0,1,0,1,0,0,1,0,1,0,0
0,0.8776081415461278,0.16789600790603382,0.704345290277194,0,1,0,0,1,0,0,0,0,0,1,0,1,0,0,0,1,0,1,0,0,0,0,1,0,0,1
0,-0.3859847934766699,-0.171347935901495,-0.38495058167415447,0,1,1,1,1,0,1,0,0,0,0,0,1,0,0,0,1,0,0,0,0,0,1,0,0,0,1
0,0.3477143300849545,0.44893633390344695,0.40783410987198493,0,0,1,1,1,0,1,0,0,0,1,0,1,0,1,0,0,0,1,0,0,1,0,1,1,0,0
1,-1.1196839170382944,0.21944778368070722,-0.8449157009874573,0,1,0,0,1,0,0,1,0,0,0,0,0,0,0,0,0,0,0,0,0,0,0,1,0,0,1
0,-0.22294054379630893,-0.6319879968558355,-0.458979113249804,0,1,1,1,0,1,0,0,0,0,0,0,1,0,1,0,0,0,0,0,1,1,0,1,1,0,0
0,-1.2827281667186554,1.0309725120045992,-0.9665686663151413,0,0,0,0,1,0,0,1,0,0,0,0,0,0,0,0,1,0,1,0,1,0,0,1,0,1,0
0,1.407501953007301,-0.9695689801545038,0.11423465955258824,0,0,1,1,0,1,0,0,0,0,1,0,0,0,0,0,1,0,0,0,0,0,1,0,1,0,0
1,1.6113072651077522,0.8214394878881845,1.8361921268916614,0,0,1,1,1,0,1,0,0,0,1,0,1,0,1,0,1,0,1,0,1,0,1,1,1,0,0
0,0.9591302663863083,-1.3271054895594974,-0.36081851565992307,0,0,1,1,1,0,1,0,1,1,0,1,0,1,0,1,0,1,0,1,0,0,1,1,1,0,0
0,0.46999751734522527,-1.3304314105772181,-0.5616837744584525,0,1,1,1,1,0,1,0,1,1,0,1,0,1,0,1,0,1,0,1,0,1,0,0,0,1,0
1,1.3667408905872107,1.1956056023817823,1.9429114462489296,0,0,1,0,1,0,1,1,0,0,0,0,1,0,0,0,0,0,1,0,1,0,0,1,0,1,0
0,0.06238689314432279,-0.015029648068614022,-0.08735853176739412,1,0,0,0,1,0,1,0,0,0,1,0,1,0,0,0,1,0,0,0,0,1,0,1,0,0,1
0,1.4890240778474815,1.3469350086880818,2.1855115029441006,0,0,1,0,1,0,1,1,0,0,0,0,0,0,1,0,1,0,1,0,1,0,1,0,0,0,0
0,-1.2827281667186554,1.250483299174177,-0.9636569362293291,1,0,1,1,1,0,1,1,0,0,1,0,0,0,1,0,0,0,1,0,1,0,0,1,0,1,0
0,0.30695326766486425,-1.5033793034987035,-0.6425725185847656,0,0,0,0,1,0,0,0,1,1,0,1,0,1,0,1,0,1,0,1,0,0,1,0,1,0,0
0,-0.1006573565360382,-0.34595878933184065,-0.30796620289018045,0,1,1,1,1,0,1,0,0,0,1,0,0,0,0,0,0,0,0,0,0,0,0,1,0,0,0
0,-0.8751175425177529,0.18785153401235885,-0.6429916312486326,0,0,0,0,1,0,0,0,0,0,0,0,0,0,0,0,1,0,1,0,1,0,0,0,0,0,1
0,-0.712073292837392,-1.4884126589189595,-0.8754226912047169,0,0,0,0,1,0,0,0,1,1,0,1,0,1,0,1,0,1,0,1,0,1,0,0,1,0,0
0,-0.8751175425177529,0.14960344230856867,-0.6946307231492868,0,1,0,0,1,0,0,0,0,0,0,0,0,0,1,0,0,0,1,0,1,0,0,1,0,1,0
0,1.2852187657470302,-1.4983904219721222,-0.4191634101824478,0,0,1,1,1,0,0,0,1,1,0,1,0,1,0,1,0,1,0,1,0,1,0,0,0,0,0
1,1.6113072651077522,0.31756245370347297,1.3561537168352595,0,1,1,0,1,0,0,0,0,0,1,0,1,0,1,0,1,0,1,0,0,0,1,0,0,0,0
1,1.6113072651077522,0.9378467235084149,1.9624553315218818,0,1,1,0,1,0,1,1,0,0,1,0,1,0,1,0,1,0,0,0,0,0,1,1,0,0,0
0,-1.2827281667186554,-0.45405122240776896,-0.986266961516886,0,0,0,1,1,0,0,0,0,0,1,0,0,0,0,0,0,0,0,0,0,0,0,0,0,0,1
0,-0.712073292837392,0.02488140414403604,-0.5632719908688956,0,0,0,1,1,0,0,0,0,0,1,0,1,0,1,0,1,0,0,0,0,1,0,0,1,0,0
0,1.1221745160666692,0.5221065962933062,1.1295240584895434,0,0,0,0,1,0,1,0,0,0,0,0,0,0,1,0,1,0,1,0,1,1,0,0,1,0,0
0,0.9591302663863083,-0.4041624071419559,0.32334982026091885,0,1,0,0,1,0,0,0,0,0,1,0,0,0,1,0,0,0,0,0,0,1,0,0,0,0,1
0,-0.9974007297780236,-1.463468251286053,-0.9375395997020438,0,0,0,0,1,0,0,0,1,1,0,1,0,1,0,1,0,1,0,1,0,0,1,0,0,0,1
0,-1.201206041878475,0.5071399517135622,-0.9128781282176647,1,0,0,0,1,0,0,1,0,0,0,0,0,0,1,0,1,0,0,0,0,0,0,0,1,0,0
0,0.6738028294456765,-0.42245497273942084,0.13102122466852079,0,0,1,0,1,0,1,0,0,0,0,0,0,0,0,0,0,0,0,0,0,0,0,1,1,0,0
0,-1.2419671042985652,0.5104658727312833,-0.9444218708139634,1,0,0,0,1,0,0,1,0,0,0,0,0,0,0,0,0,0,1,0,0,0,0,1,0,1,0
0,-1.0789228546182041,1.1074686954121795,-0.7585123165471059,1,0,0,0,1,0,0,1,0,0,1,0,1,0,1,0,1,0,0,0,1,0,0,1,0,0,0
0,1.5297851402675717,1.6662234263892857,2.3931266814870127,0,1,0,0,1,0,1,1,0,0,1,0,1,0,1,0,1,0,1,0,1,0,1,1,0,0,0
0,-0.8343564800976626,1.5997050060348683,-0.39794307425402864,1,1,0,0,1,0,1,1,0,0,0,0,1,0,1,0,1,0,1,0,1,0,0,1,0,0,1
1,0.7960860167059473,1.3170017195285944,1.4093148494625882,0,1,1,0,1,0,0,1,0,0,1,0,0,0,1,0,1,0,1,0,1,1,0,1,0,0,0
0,1.6113072651077522,1.6229864531589144,2.5753083389015807,0,0,1,0,1,0,1,1,0,0,1,0,1,0,1,0,1,0,1,0,1,0,1,1,1,0,0
0,0.30695326766486425,-1.4717830538303551,-0.6438739736988787,0,0,0,0,1,0,0,0,1,1,0,1,0,1,0,1,0,1,0,1,0,0,1,1,0,0,0
0,-1.2827281667186554,0.20115521808324252,-0.9775758883819615,1,0,0,0,1,0,0,1,0,0,0,0,0,0,0,0,0,0,0,0,0,0,0,0,0,0,1
1,-1.201206041878475,0.7316396204097209,-0.9113781460522464,1,0,0,0,1,0,0,1,0,0,0,0,0,0,1,0,0,0,1,0,0,0,0,1,0,1,0
1,0.30695326766486425,0.8879579082426019,0.6118316843688881,0,0,0,0,1,0,0,1,0,0,0,0,0,0,0,0,0,0,1,0,1,0,0,1,0,1,0
0,-1.2827281667186554,-0.49895115614700075,-0.986862542670802,0,1,0,1,1,0,0,0,0,0,0,0,0,0,1,0,0,0,0,0,0,0,0,1,0,1,0
0,-0.1006573565360382,-1.4983904219721222,-0.7544535412759737,0,1,1,0,1,0,0,0,1,1,0,1,0,1,0,1,0,1,0,1,0,1,0,0,1,0,0
0,-0.3859847934766699,1.164009352713434,0.019647548886204257,1,1,1,1,1,0,0,1,0,0,1,0,0,0,0,0,1,0,1,0,1,0,0,1,0,1,0
0,-1.2827281667186554,0.32088837472119364,-0.9759876719715186,1,1,1,1,1,0,1,1,0,0,0,0,0,0,0,0,0,0,0,0,0,0,0,1,0,1,0
1,0.46999751734522527,1.3070239564754318,0.9744964899812998,0,0,1,0,1,0,1,1,0,0,0,0,0,0,1,0,1,0,1,0,1,0,0,0,0,1,0
0,1.3259798281671205,1.4733200073614754,2.0534027795810004,1,1,0,0,1,0,1,1,0,0,0,0,1,0,1,0,1,0,1,0,1,0,0,1,0,1,0
1,-1.0381617921981139,-0.5538288529393951,-0.8587023017725529,0,0,0,0,1,0,0,0,0,0,1,0,0,0,0,0,0,0,0,0,0,0,0,1,0,1,0
1,1.6113072651077522,-1.322116608032916,-0.2192025523954207,0,1,0,0,1,0,1,0,1,1,0,1,0,1,0,1,0,1,0,1,0,0,1,1,1,0,0
1,-0.9974007297780236,1.173987115766597,-0.60802881165763,0,0,0,0,1,0,1,1,0,0,0,0,0,0,0,0,1,0,1,0,1,0,0,1,1,0,0
0,-0.6713122304173017,0.011577720073152843,-0.5485589305110415,1,0,0,0,1,0,1,0,0,0,0,0,0,0,1,0,0,0,0,0,1,0,0,1,1,0,0
1,1.3667408905872107,1.1523686291514113,2.0008813452300998,1,1,1,1,1,0,1,1,0,0,0,0,0,0,1,0,0,0,1,0,1,0,0,1,1,0,0
0,-1.2827281667186554,0.2227737046984279,-0.9772891270856315,1,1,0,0,1,0,0,1,0,0,0,0,0,0,0,0,0,0,0,0,0,0,0,1,0,0,1
0,-1.201206041878475,-0.2977329345748882,-0.9393484017250483,0,1,0,1,1,0,0,0,0,0,1,0,0,0,1,0,0,0,0,0,0,0,0,0,0,0,1
0,0.8368470791260375,0.9661170521590426,1.2098833971457088,1,1,1,0,1,0,1,1,0,0,1,0,0,0,1,0,0,0,0,0,1,0,0,0,0,1,0
1,-0.9974007297780236,-0.015029648068614022,-0.7522256265891023,0,1,1,0,1,0,0,0,0,0,0,0,0,0,1,0,1,0,0,0,1,0,0,1,1,0,0
1,1.4890240778474815,1.4483755997285688,2.2197243314523942,1,1,1,0,1,0,1,1,0,0,0,0,1,0,1,0,1,0,1,0,1,0,1,1,0,0,0
0,-1.1196839170382944,0.6800878446350476,-0.8233644866401958,0,0,0,0,1,0,0,1,0,0,0,0,1,0,0,0,0,0,1,0,0,0,0,1,0,0,1
0,1.6113072651077522,1.4167793500602204,2.3337670931467054,0,0,1,1,1,0,1,1,0,0,1,0,0,0,1,0,1,0,1,0,1,0,1,0,0,0,1
0,-0.7935954176775724,-0.5355362873419304,-0.72941707425024,1,0,1,0,0,1,0,0,0,0,0,0,0,0,1,0,0,0,1,0,1,0,0,1,0,0,0
0,-1.1604449794583847,0.6917285681970708,-0.8669522036823541,1,0,0,0,1,0,1,1,0,0,0,0,0,0,0,0,0,0,1,0,0,0,0,1,0,1,0
0,0.8776081415461278,0.8796431056982997,1.1815602044928084,0,0,1,1,1,0,1,0,0,0,1,0,1,0,1,0,1,0,1,0,1,0,1,0,1,0,0
0,1.6113072651077522,0.7017063312502334,1.7051863315913687,0,1,1,0,1,0,1,0,0,0,0,0,1,0,1,0,1,0,1,0,1,0,1,0,0,0,0
0,-0.8343564800976626,1.391834942427314,-0.45567032906138105,1,1,0,0,1,0,1,1,0,0,0,0,1,0,1,0,0,0,1,0,1,0,0,1,0,1,0
0,-1.2827281667186554,-1.3204536475240558,-0.9977594719313415,1,1,0,0,0,1,0,0,0,0,0,0,0,0,0,0,0,0,0,0,0,0,0,1,0,1,0
1,-1.2827281667186554,-0.6536064834710211,-0.9889139888676243,0,1,0,0,1,0,0,0,0,0,0,0,0,0,0,0,0,0,0,0,0,0,0,0,0,1,0
0,0.8776081415461278,1.5132310595741254,1.5910332770907767,1,0,1,0,1,0,1,1,0,0,0,0,1,0,1,0,1,0,1,0,1,1,0,0,0,1,0
0,1.4890240778474815,0.4772066625540746,1.3825798732201307,0,1,1,1,1,0,1,1,0,0,0,0,0,0,1,0,0,0,0,0,0,0,1,1,1,0,0
0,0.6330417670255862,-0.31103661864577165,0.15025629008388616,0,0,0,0,1,0,0,0,0,0,1,0,1,0,0,0,0,0,0,0,0,0,1,0,1,0,0
0,0.6330417670255862,1.2770906673159437,1.2135671768754865,1,0,1,1,1,0,1,1,0,0,1,0,1,0,0,0,0,0,1,0,1,1,0,1,1,0,0
0,-0.9974007297780236,0.8447209350122307,-0.6807338295579104,0,0,1,0,1,0,1,1,0,0,0,0,0,0,0,0,1,0,0,0,1,0,0,1,0,1,0
0,1.570546202687662,0.8779801451894393,1.8982869768277322,0,1,1,1,1,0,1,0,0,0,1,0,1,0,1,0,1,0,1,0,1,0,1,1,0,0,1
0,-1.2419671042985652,-0.5671325370102788,-0.9680686484805597,1,1,0,0,1,0,0,0,0,0,1,0,0,0,0,0,0,0,0,0,0,0,0,1,0,1,0
0,1.407501953007301,1.1989315233995035,1.9616171061941472,0,1,1,0,1,0,0,1,0,0,1,0,1,0,0,0,0,0,1,0,1,1,0,1,1,0,0
0,0.06238689314432279,1.0925020508324357,0.49553894942644944,0,1,1,1,1,0,1,1,0,0,0,0,1,0,0,0,0,0,1,0,1,0,0,1,0,0,0
0,-1.201206041878475,0.166233047397173,-0.9206868589023429,0,0,0,0,1,0,0,1,0,0,0,0,0,0,0,0,0,0,0,0,0,0,0,1,0,1,0
0,-0.9566396673579334,0.02488140414403604,-0.7471080403776749,0,0,1,1,1,0,0,0,0,0,0,0,1,0,0,0,1,0,1,0,0,1,0,1,0,0,1
0,1.570546202687662,1.3236535615640361,2.2065774289437265,0,1,1,1,1,0,0,1,0,0,1,0,1,0,1,0,0,0,1,0,1,1,0,1,0,0,0
0,0.9998913288063985,0.8513727770476726,1.2983823449053948,0,1,0,0,1,0,1,1,0,0,0,0,0,0,0,0,1,0,1,0,0,0,1,1,1,0,0
0,1.6113072651077522,-0.038311095192660204,0.9608863576862536,0,1,0,0,0,1,0,0,0,0,1,0,1,0,1,0,1,0,1,0,1,0,1,1,0,0,0
1,0.6330417670255862,1.3186646800374546,1.2270228992417398,0,0,1,1,1,0,0,1,0,0,1,0,0,0,1,0,1,0,1,0,1,0,0,1,0,1,0
0,-0.5897901055771212,-1.4884126589189595,-0.8315702714274847,0,1,0,0,1,0,0,0,1,1,0,1,0,1,0,1,0,1,0,1,0,1,0,0,0,0,1
0,0.429236454925135,1.3120128380020128,0.9551731903209101,0,1,1,1,1,0,1,1,0,0,0,0,0,0,1,0,1,0,1,0,1,1,0,1,1,0,0
0,1.6113072651077522,0.9444985655438568,1.9421173380437085,0,0,1,1,1,0,1,0,0,0,1,0,1,0,1,0,1,0,1,0,1,0,1,1,0,0,0
0,0.10314795556441304,0.2859662040351246,0.16514581893178945,0,1,1,1,1,0,1,0,0,0,0,0,0,0,0,0,1,0,1,0,1,1,0,1,0,0,0
0,-1.1604449794583847,-1.4684571328126343,-0.9766273702479469,0,1,0,0,1,0,0,0,1,1,0,1,0,1,0,1,0,1,0,1,0,0,0,0,0,0,1
0,0.6738028294456765,-1.3171277265063348,-0.47430981332283034,0,0,1,1,1,0,1,0,1,1,0,1,0,1,0,1,0,1,0,1,0,0,1,0,0,0,1
0,1.570546202687662,1.18562783932862,2.092865545668258,0,0,1,1,1,0,1,1,0,0,1,0,1,0,1,0,0,0,1,0,0,0,1,0,0,0,0
0,-0.8751175425177529,0.8563616585742535,-0.5587720443726403,0,1,1,1,1,0,0,1,0,0,0,0,0,0,0,0,0,0,1,0,1,0,0,0,0,1,0
0,1.24445770332694,0.8164506063616035,1.4606671800669124,0,1,1,1,1,0,1,0,0,0,1,0,1,0,1,0,1,0,1,0,1,0,1,1,1,0,0
1,1.3259798281671205,1.017668827933716,1.7366859570651554,0,0,0,0,1,0,1,1,0,0,0,0,1,0,1,0,0,0,1,0,0,0,0,1,0,0,0
0,0.6738028294456765,-1.4767719353569364,-0.5568088324208427,0,0,0,1,1,0,0,0,1,1,0,1,0,1,0,1,0,1,0,1,0,0,1,0,1,0,0
0,-0.14141841895612844,1.1224353399919231,0.2851885092877742,1,0,0,0,1,0,1,1,0,0,0,0,0,0,1,0,0,0,1,0,1,0,0,1,1,0,0
1,-0.712073292837392,0.6052546217363279,-0.45372917567083965,1,0,1,0,1,0,1,1,0,0,0,0,0,0,1,0,1,0,0,0,0,0,0,1,0,1,0
0,-1.1604449794583847,-1.4934015404455407,-0.9722818336804848,0,0,1,1,1,0,0,0,1,1,0,1,0,1,0,1,0,1,0,1,0,0,0,1,0,1,0
0,1.6113072651077522,1.4733200073614754,2.4276924469754046,0,0,1,0,1,0,1,1,0,0,0,0,1,0,1,0,1,0,1,0,1,1,0,0,1,0,0
1,-0.2637016062163992,0.6933915287059312,-0.09695400591382068,0,0,1,0,1,0,0,1,0,0,0,0,0,0,1,0,0,0,1,0,0,0,0,1,1,0,0
1,0.10314795556441304,1.2371796151032932,0.5143107850554357,0,0,1,0,1,0,1,1,0,0,0,0,0,0,1,0,0,0,1,0,1,0,0,0,0,0,0
0,0.9998913288063985,0.9927244203008095,1.4038884433935745,0,0,0,0,1,0,1,1,0,0,0,0,1,0,0,0,1,0,0,0,1,1,0,0,0,1,0
0,-0.1821794813762187,-0.015029648068614022,-0.21379820488766318,0,1,1,1,1,0,1,0,0,0,0,0,1,0,0,0,0,0,0,0,1,0,0,0,0,1,0
0,-0.3044626686364894,-1.2655759507316615,-0.6852337760541656,0,0,1,0,1,0,1,0,1,1,0,1,0,1,0,1,0,1,0,1,0,1,0,1,0,0,1
0,0.592280704605496,0.03984804872378005,0.32412186990488423,0,0,1,0,1,0,0,0,0,0,1,0,0,0,1,0,0,0,1,0,0,1,0,1,1,0,0
0,0.9998913288063985,0.011577720073152843,0.6181183743268918,0,0,1,1,1,0,1,0,0,0,1,0,1,0,0,0,1,0,0,0,0,0,0,0,0,0,0
1,-0.6713122304173017,0.6717730420907454,-0.395119578413241,0,1,1,0,1,0,1,1,0,0,0,0,0,0,0,0,0,0,1,0,0,0,0,1,1,0,0
0,-1.1196839170382944,-0.30105885559260914,-0.8878196026306749,0,1,0,0,1,0,0,0,0,0,1,0,0,0,1,0,0,0,0,0,0,0,0,1,0,0,1
0,-0.6305511679972114,0.18452561299463818,-0.4732510023825351,1,1,1,0,1,0,0,1,0,0,0,0,0,0,0,0,0,0,0,0,0,0,0,1,0,0,0
1,0.9591302663863083,1.326979482581757,1.422285283481206,1,0,0,0,1,0,1,1,0,0,0,0,1,0,1,0,0,0,1,0,1,1,0,1,0,0,0
0,1.6113072651077522,-1.4934015404455407,-0.42525157308914613,0,1,1,1,1,0,0,0,1,1,0,1,0,1,0,1,0,1,0,1,0,0,1,0,0,0,0
1,-0.46750691831685043,0.9777577757210655,-0.13809322265654606,1,0,0,0,1,0,1,1,0,0,0,0,0,0,0,0,0,0,1,0,1,0,0,1,0,1,0
0,0.6330417670255862,-0.660258325506463,-0.0399105665054089,0,0,1,1,0,1,0,0,0,0,1,0,0,0,1,0,0,0,0,0,1,1,0,0,1,0,0
0,1.4482630154273912,1.6645604658804254,2.4514936345707943,0,0,1,0,1,0,1,1,0,0,1,0,1,0,1,0,1,0,1,0,1,0,1,0,0,0,0
0,-0.1006573565360382,1.3818571793741514,0.4081429297295712,0,0,0,0,1,0,1,1,0,0,1,0,0,0,0,0,1,0,1,0,1,0,0,0,0,0,0
0,-1.201206041878475,-0.6236731943115333,-0.9514364932934202,0,0,1,0,1,0,0,0,0,0,0,0,0,0,0,0,0,0,0,0,0,0,0,1,0,0,1
1,-0.7528343552574821,-0.836532139445669,-0.7034100305292357,0,0,0,0,0,1,0,0,0,0,1,0,0,0,1,0,1,0,0,0,0,0,1,0,0,0,1
0,-1.1604449794583847,-1.4900756194278202,-0.9711347884951649,0,0,0,1,1,0,0,0,1,1,0,1,0,1,0,1,0,1,0,1,0,0,0,1,0,0,0
0,1.570546202687662,1.0276465909868786,2.012903261114703,0,0,1,1,1,0,1,1,0,0,0,0,1,0,1,0,0,0,0,0,1,0,1,1,1,0,0
0,-0.9974007297780236,-1.3453980551569622,-0.9188780568793384,0,1,1,1,1,0,1,0,1,1,0,1,0,1,0,1,0,1,0,1,0,1,0,0,0,0,1
0,1.1629355784867594,-1.0394133215266421,-0.07480721041264314,0,1,1,1,0,1,0,0,0,0,1,0,0,0,1,0,0,0,0,0,0,0,0,0,0,0,0
0,1.6113072651077522,0.8513727770476726,1.8878091602310596,0,1,1,1,1,0,1,1,0,0,0,0,1,0,1,0,1,0,0,0,0,0,1,0,0,0,0
0,-1.1196839170382944,0.6368508714046763,-0.8214674503721666,0,0,0,0,1,0,1,1,0,0,0,0,0,0,0,0,0,0,1,0,0,0,0,1,0,1,0
0,0.6738028294456765,0.08474798246301207,0.4500321375550057,0,0,0,0,1,0,0,0,0,0,1,0,1,0,1,0,1,0,0,0,0,0,1,0,0,0,0
0,-0.9974007297780236,-1.501716342989843,-0.9343411083199016,0,1,0,0,1,0,0,0,1,1,0,1,0,1,0,1,0,1,0,1,0,0,0,1,0,0,0
0,-1.201206041878475,0.5154547542578644,-0.8968856713069538,0,1,0,0,1,0,0,1,0,0,0,0,0,0,0,0,0,0,0,0,1,0,0,1,0,1,0
0,-0.9566396673579334,-1.505042264007564,-0.9217677284038944,0,1,1,1,1,0,0,0,1,1,0,1,0,1,0,1,0,1,0,1,0,0,1,0,0,0,1
0,1.407501953007301,-0.3542735918761429,0.6844484680241438,0,1,1,1,1,0,0,0,0,0,1,0,1,0,0,0,0,0,0,0,0,0,1,1,0,0,0
0,0.5515196421854057,-0.6536064834710211,-0.0977701726802983,0,1,0,0,1,0,0,0,0,0,0,0,0,0,0,0,0,0,0,0,0,0,0,1,1,0,0
0,1.407501953007301,0.3408439008275187,1.2254346828312965,0,0,1,0,1,0,1,0,0,0,1,0,1,0,1,0,0,0,0,0,1,1,0,0,0,0,1
0,0.918369203966218,-1.501716342989843,-0.5058976730416416,0,0,1,0,1,0,0,0,1,1,0,1,0,1,0,1,0,1,0,1,0,1,0,0,0,1,0
0,0.021625830724232544,0.26268475691107845,0.07088958668424757,0,1,1,0,1,0,1,0,0,0,1,0,1,0,1,0,0,0,1,0,0,0,0,1,0,0,0
0,1.2036966409068497,-1.4900756194278202,-0.45125861681015045,0,1,1,1,1,0,0,0,1,1,0,1,0,1,0,1,0,1,0,1,0,0,1,0,1,0,0
0,-1.2827281667186554,-0.6286620758381146,-0.988583110448782,1,0,0,1,1,0,0,0,0,0,0,0,0,0,0,0,0,0,0,0,0,0,0,0,0,0,1
0,0.6738028294456765,-0.8531617445342734,-0.19791604078323302,0,1,1,1,0,1,0,0,0,0,1,0,0,0,0,0,0,0,0,0,1,0,0,1,0,1,0
0,-1.2827281667186554,-0.6685731280507652,-0.9891125159189296,0,1,0,0,1,0,0,0,0,0,0,0,0,0,0,0,0,0,0,0,0,0,0,1,0,1,0
0,-0.7528343552574821,0.5919509376654447,-0.48606702647235994,0,1,1,0,1,0,1,1,0,0,0,0,1,0,1,0,0,0,0,0,0,0,0,1,0,1,0
1,-0.5897901055771212,0.9661170521590426,-0.23949642875108146,0,1,0,0,1,0,1,1,0,0,0,0,0,0,1,0,1,0,1,0,0,0,0,0,0,0,0
1,-1.2827281667186554,0.17621081045033601,-0.9779067668008038,1,0,0,0,1,0,0,1,0,0,0,0,0,0,0,0,0,0,0,0,0,0,0,1,0,1,0
0,-1.2827281667186554,0.6884026471793497,-0.9711127299339086,1,0,0,0,1,0,0,1,0,0,0,0,0,0,1,0,0,0,1,0,0,0,0,1,1,0,0
0,1.6113072651077522,1.7393936887791448,2.754115036443957,0,0,1,0,1,0,1,1,0,0,1,0,1,0,1,0,1,0,1,0,1,0,1,1,1,0,0
0,1.2852187657470302,1.144053826607109,1.8805739521390414,0,1,0,0,1,0,1,1,0,0,1,0,0,0,1,0,1,0,0,0,1,0,1,0,1,0,0
0,1.4890240778474815,1.5864013219639845,2.4351482406799843,0,1,1,0,1,0,1,1,0,0,1,0,1,0,1,0,1,0,1,0,1,0,1,1,0,0,0
0,-1.2827281667186554,-1.3021610819265907,-0.9975168277575239,0,0,0,0,1,0,1,0,1,1,0,1,0,1,0,1,0,1,0,1,0,0,0,1,0,1,0
0,1.570546202687662,0.8463838955210911,1.7649209154730312,0,1,1,1,1,0,1,0,0,0,1,0,1,0,1,0,1,0,1,0,1,0,1,0,1,0,0
0,1.3667408905872107,-0.5139178007267448,0.4257677201732374,0,0,1,1,1,0,0,0,0,0,0,0,0,0,0,0,1,0,0,0,0,1,0,1,1,0,0
0,-1.2419671042985652,-1.5116941060430058,-0.9865316642519597,0,1,0,0,1,0,0,0,1,1,0,1,0,1,0,1,0,1,0,1,0,0,0,0,0,0,1
1,1.570546202687662,1.49161257295894,2.4782727279357633,0,0,1,0,1,0,0,1,0,0,1,0,1,0,1,0,1,0,1,0,1,0,1,1,0,0,0
0,-0.8751175425177529,-0.11979616012682162,-0.6868219924646086,0,1,0,0,1,0,0,0,0,0,0,0,1,0,0,0,0,0,1,0,0,1,0,1,0,1,0
0,0.592280704605496,-0.3176884606812135,0.162035561794672,0,1,0,1,1,0,0,0,0,0,1,0,1,0,0,0,0,0,0,0,0,0,0,1,0,1,0
0,0.10314795556441304,0.18119969197691702,0.05725739582794516,1,0,1,0,1,0,0,1,0,0,0,0,0,0,0,0,0,0,0,0,0,0,0,1,0,1,0
1,-0.019135231695857704,1.3801942188652905,0.5443986626088284,1,1,1,0,1,0,1,1,0,0,0,0,1,0,1,0,0,0,1,0,1,0,0,0,0,0,0
0,1.1221745160666692,1.2937202724045482,1.6249152271802279,0,1,1,1,1,0,1,1,0,0,0,0,1,0,0,0,1,0,1,0,1,0,0,1,0,0,0
0,-0.8751175425177529,-1.5083681850252848,-0.9087972943852763,0,1,0,0,1,0,0,0,1,1,0,1,0,1,0,1,0,1,0,1,0,1,0,0,0,0,1
0,-0.14141841895612844,-0.8431839814811108,-0.5311767842411929,0,0,0,0,0,1,0,0,0,0,1,0,1,0,0,0,1,0,0,0,0,1,0,0,1,0,0
0,-0.46750691831685043,-1.290520358364568,-0.7592623076298151,0,1,1,1,0,1,0,0,0,0,0,0,0,0,0,0,0,0,0,0,0,0,0,1,0,1,0
1,0.6330417670255862,0.8713283031539976,0.9193942039634297,0,1,1,0,1,0,1,1,0,0,0,0,0,0,1,0,0,0,0,0,1,0,0,1,1,0,0
0,-1.201206041878475,-1.1707872017266165,-0.9691274594208549,0,0,0,1,0,1,0,0,0,0,0,0,1,0,0,0,0,0,0,0,0,0,0,0,0,0,1
0,0.429236454925135,-0.48731043258497764,-0.05177807246121926,0,0,1,1,1,0,0,0,0,0,0,0,1,0,0,0,0,0,0,0,0,0,0,0,0,0,1
0,-1.1196839170382944,1.3452720481792215,-0.7659460516904295,0,1,0,0,1,0,1,1,0,0,0,0,1,0,1,0,0,0,1,0,1,0,0,0,0,1,0
0,-1.2827281667186554,-0.312699579154632,-0.984391983810113,0,0,0,0,1,0,0,0,0,0,0,0,0,0,0,0,0,0,0,0,1,0,0,1,0,1,0
0,1.570546202687662,0.6850767261616291,1.7708987855734488,0,1,1,1,1,0,1,0,0,0,1,0,0,0,1,0,1,0,1,0,1,1,0,0,0,1,0
0,-0.9974007297780236,-1.4983904219721222,-0.9382454736622406,0,0,1,1,1,0,0,0,1,1,0,1,0,1,0,1,0,1,0,1,0,1,0,0,0,1,0
0,-0.9974007297780236,-0.18631458048123903,-0.8162395713544583,0,1,0,0,1,0,1,0,0,0,0,0,0,0,0,0,0,0,1,0,0,0,0,1,0,1,0
0,-0.5082679807369407,0.8596875795919747,-0.22297456637022292,0,1,0,0,1,0,1,1,0,0,0,0,0,0,1,0,0,0,1,0,0,0,0,1,1,0,0
0,0.021625830724232544,1.2920573118956877,0.5206857092584639,1,0,1,1,1,0,1,1,0,0,1,0,0,0,1,0,0,0,1,0,1,1,0,1,0,0,1
0,1.570546202687662,0.4722177810274931,1.4407482992526064,0,1,0,0,1,0,1,1,0,0,0,0,1,0,0,0,0,0,0,0,0,1,0,1,1,0,0
1,-0.05989629411594795,0.8596875795919747,0.24208608059325123,0,0,1,0,1,0,1,1,0,0,0,0,0,0,1,0,0,0,1,0,0,1,0,1,0,1,0
1,0.22543114282468377,1.002702183353972,0.5755012339800041,0,0,1,0,1,0,1,1,0,0,1,0,1,0,0,0,0,0,0,0,1,1,0,0,1,0,0
0,-1.2827281667186554,0.781528435675534,-0.9698774505035642,1,1,0,0,1,0,0,1,0,0,0,0,0,0,0,0,0,0,1,0,1,0,0,1,0,1,0
0,-1.2419671042985652,-1.1508316756202912,-0.9807302626415915,0,0,1,1,0,1,0,0,0,0,0,0,1,0,0,0,0,0,0,0,0,0,0,1,0,0,1
0,-0.8343564800976626,-0.49895115614700075,-0.7365861066584898,0,0,1,0,0,1,0,0,0,0,0,0,0,0,1,0,0,0,1,0,1,0,0,1,0,0,0
0,-0.9566396673579334,0.9361837629995546,-0.6249256695798432,0,0,0,1,1,0,0,1,0,0,1,0,0,0,1,0,1,0,0,0,1,0,0,0,0,0,0
1,-0.8751175425177529,-0.34263286831412,-0.7436007291379465,0,1,0,1,1,0,0,0,0,0,0,0,1,0,0,0,1,0,0,0,0,0,0,1,0,1,0
0,-1.0789228546182041,-1.501716342989843,-0.9595981609581968,0,1,0,1,1,0,0,0,1,1,0,1,0,1,0,1,0,1,0,1,0,0,0,0,0,0,1
0,1.570546202687662,0.6634582395464431,1.658510415973349,0,0,1,0,1,0,0,0,0,0,1,0,1,0,1,0,1,0,1,0,1,1,0,1,0,0,0
0,0.38847539250504476,0.9844096177565073,0.7222127248946779,0,0,1,1,1,0,1,1,0,0,1,0,1,0,0,0,0,0,1,0,0,1,0,1,1,0,0
0,-0.9974007297780236,0.9760948152122051,-0.6659325349550317,1,0,1,1,1,0,0,1,0,0,0,0,0,0,1,0,0,0,1,0,1,0,0,1,0,1,0
0,-1.1196839170382944,1.044276196075483,-0.7827767339288743,1,0,0,0,1,0,0,1,0,0,0,0,1,0,0,0,0,0,1,0,1,0,0,1,0,1,0
0,-1.2419671042985652,0.19450337604780069,-0.9464512584495297,1,0,1,0,1,0,0,1,0,0,0,0,0,0,0,0,0,0,0,0,0,0,0,1,0,1,0
0,0.5107585797653155,-1.463468251286053,-0.6152640197496482,0,0,1,1,1,0,0,0,1,1,0,1,0,1,0,1,0,1,0,1,0,0,1,0,0,0,1
0,-0.1821794813762187,-0.1613701728483325,-0.2667828690249428,0,1,1,1,0,1,0,0,0,0,0,0,1,0,1,0,1,0,1,0,1,1,0,1,1,0,0
0,0.429236454925135,0.5187806752755855,0.4906419488275835,0,0,1,0,1,0,1,1,0,0,0,0,1,0,0,0,0,0,0,0,0,0,0,0,0,1,0
0,1.1221745160666692,0.6684471210730246,1.1903174533115013,0,1,0,1,1,0,1,0,0,0,1,0,0,0,1,0,1,0,1,0,1,0,1,1,0,1,0
0,0.38847539250504476,-1.0410762820355026,-0.3712301565728274,1,0,1,0,0,1,0,0,0,0,0,0,1,0,0,0,1,0,0,0,0,1,0,0,0,0,1
0,-1.0381617921981139,-0.5056029981824426,-0.8740550604068354,0,1,1,1,0,1,0,0,0,0,1,0,0,0,1,0,1,0,0,0,1,0,1,0,1,0,0
0,-0.3044626686364894,-1.4850867379012387,-0.7847840630031842,0,0,1,0,1,0,0,0,1,1,0,1,0,1,0,1,0,1,0,1,0,1,0,1,0,0,0
1,0.30695326766486425,0.987735538774228,0.5972068582560586,1,0,1,1,1,0,1,1,0,0,0,0,0,0,0,0,0,0,1,0,1,0,0,1,1,0,0
0,-0.22294054379630893,1.18562783932862,0.17059428356205922,0,1,0,0,1,0,1,1,0,0,0,0,0,0,1,0,0,0,1,0,1,1,0,1,0,0,0
0,-0.9158786049378431,-0.9679060196456435,-0.8368863846902176,0,1,0,0,0,1,0,0,0,0,0,0,1,0,0,0,1,0,0,0,0,0,0,0,0,1,0
1,-0.22294054379630893,0.7183359363388377,0.05041924183853772,0,0,0,0,1,0,1,1,0,0,0,0,1,0,1,0,0,0,0,0,0,0,0,1,0,0,0
0,-0.8751175425177529,-0.36757727594702655,-0.7214098165142565,0,0,0,0,1,0,0,0,0,0,0,0,0,0,1,0,1,0,0,0,0,1,0,0,0,0,0
0,-1.1604449794583847,-0.8747802311494592,-0.9399881000014768,0,1,1,1,0,1,0,0,0,0,1,0,0,0,0,0,0,0,1,0,0,0,0,0,1,0,0
0,1.4482630154273912,-0.8298802974102274,0.22481422712968338,0,1,0,0,0,1,0,0,0,0,0,0,0,0,1,0,0,0,0,0,1,0,0,1,0,0,0
1,-1.2827281667186554,0.17288488943261485,-0.9779508839233161,0,1,0,0,1,0,0,1,0,0,0,0,0,0,0,0,0,0,0,0,0,0,0,1,0,1,0
0,-0.5897901055771212,-1.4884126589189595,-0.8292761810568449,0,0,0,0,1,0,0,0,1,1,0,1,0,1,0,1,0,1,0,1,0,1,0,0,0,0,1
0,0.9998913288063985,1.5997050060348683,1.8433170421773988,1,0,0,0,1,0,1,1,0,0,1,0,1,0,1,0,0,0,1,0,1,0,1,1,0,0,0
0,-0.2637016062163992,-1.481760816883518,-0.7833061393990219,0,1,0,0,1,0,0,0,1,1,0,1,0,1,0,1,0,1,0,1,0,0,0,1,0,1,0
0,-0.6305511679972114,-0.9712319406633644,-0.7238362582524334,0,0,1,0,0,1,0,0,0,0,0,0,1,0,1,0,0,0,0,0,0,0,0,1,1,0,0
0,-1.2827281667186554,-0.9629171381190622,-0.9930168812612686,1,1,0,0,0,1,0,0,0,0,0,0,0,0,0,0,0,0,0,0,1,0,0,0,0,1,0
0,0.22543114282468377,1.144053826607109,0.6575149647303811,1,1,0,1,1,0,1,1,0,0,0,0,0,0,1,0,0,0,1,0,1,0,0,1,0,0,0
1,1.081413453646579,0.6019287007186073,1.154273764218947,0,1,1,0,1,0,0,1,0,0,1,0,1,0,1,0,0,0,0,0,0,1,0,1,1,0,0
0,-0.1006573565360382,-0.30604773711919037,-0.27922389757341315,0,1,0,0,1,0,0,0,0,0,1,0,0,0,1,0,0,0,0,0,0,0,1,1,0,0,1
1,-1.2419671042985652,-1.3437350946481017,-0.9878992950498412,1,1,0,0,0,1,0,0,0,0,0,0,0,0,0,0,0,0,0,0,0,0,0,1,0,0,1
1,0.7145638918657667,-1.318790687015195,-0.4325529568649328,0,0,1,0,1,0,1,0,1,1,0,1,0,1,0,1,0,1,0,1,0,1,0,0,0,1,0
0,-0.9566396673579334,-0.46735490647865263,-0.8043279482761357,0,1,0,0,0,1,0,0,0,0,1,0,0,0,1,0,1,0,0,0,1,1,0,0,0,0,1
0,-1.201206041878475,-1.5033793034987035,-0.9820978934394728,0,0,1,1,1,0,0,0,1,1,0,1,0,1,0,1,0,1,0,1,0,0,0,0,0,0,1
0,-0.7528343552574821,-0.16802201488377433,-0.6449548432004302,0,0,0,1,1,0,0,0,0,0,0,0,0,0,1,0,0,0,1,0,0,0,0,1,1,0,0
1,-0.05989629411594795,0.2892921250528453,-0.08475562153916803,0,0,0,0,1,0,0,1,0,0,1,0,0,0,0,0,0,0,0,0,0,0,0,1,1,0,0
0,-1.0381617921981139,-0.11480727860024036,-0.8152248775366753,0,0,0,0,1,0,0,0,0,0,1,0,1,0,1,0,0,0,0,0,0,0,0,0,0,1,0
0,-0.9974007297780236,1.2804165883336645,-0.6350505491964175,1,0,0,0,1,0,1,1,0,0,1,0,0,0,0,0,1,0,1,0,1,0,0,1,0,0,0
0,-0.6305511679972114,-1.4950645009544015,-0.8633787167588574,0,1,1,1,1,0,0,0,1,1,0,1,0,1,0,1,0,1,0,1,0,1,0,0,0,0,0
0,-0.019135231695857704,-1.510031145534145,-0.7112628783364262,0,1,1,1,1,0,0,0,1,1,0,1,0,1,0,1,0,1,0,1,0,0,0,1,1,0,0
1,-1.2419671042985652,0.5537028459616545,-0.937142545599433,0,0,0,0,1,0,0,1,0,0,0,0,0,0,0,0,0,0,1,0,0,0,0,0,0,0,1
1,-1.0381617921981139,0.6634582395464431,-0.7675563266621286,1,1,0,0,1,0,1,1,0,0,0,0,0,0,0,0,0,0,1,0,0,0,0,1,0,1,0
0,1.6113072651077522,1.4866236914323585,2.4707728171086716,0,0,1,1,1,0,1,1,0,0,1,0,1,0,1,0,0,0,1,0,1,0,1,0,1,0,0
1,-0.05989629411594795,1.167335273731155,0.39700335629521394,1,0,0,0,1,0,1,1,0,0,0,0,1,0,0,0,0,0,1,0,1,0,0,1,0,1,0
0,-0.22294054379630893,0.31756245370347297,-0.1387108623717184,0,0,1,1,1,0,0,1,0,0,1,0,0,0,0,0,0,0,0,0,0,0,0,0,0,0,1
0,-0.5897901055771212,0.8364061324679285,-0.33503205755148024,1,0,0,0,1,0,1,1,0,0,0,0,1,0,0,0,0,0,1,0,0,0,0,1,1,0,0
0,-1.0381617921981139,0.3341920587920773,-0.7924383837590693,0,1,0,0,1,0,0,1,0,0,0,0,0,0,1,0,0,0,0,0,0,0,0,1,0,1,0
1,-0.7528343552574821,1.3303054035994775,-0.3332453140897318,1,0,0,0,1,0,1,1,0,0,0,0,1,0,1,0,0,0,1,0,1,0,0,1,0,1,0
0,-0.8751175425177529,-0.17301089641035558,-0.7074246886778555,0,1,1,1,1,0,0,0,0,0,0,0,0,0,1,0,0,0,1,0,0,0,0,1,0,0,0
0,1.6113072651077522,1.5165569805918464,2.546477799339789,0,0,1,1,1,0,1,1,0,0,1,0,0,0,1,0,1,0,1,0,1,0,1,1,0,0,0
0,-0.1821794813762187,1.3718794163209884,0.24733601817221568,1,1,1,1,1,0,1,1,0,0,1,0,1,0,0,0,0,0,1,0,1,1,0,0,0,1,0
1,-0.712073292837392,0.31091061166803113,-0.5086108760761483,1,1,0,0,1,0,1,1,0,0,0,0,0,0,0,0,0,0,0,0,0,0,0,1,1,0,0
1,-1.1604449794583847,0.3192254142123333,-0.8789520610057013,0,0,0,0,1,0,1,1,0,0,0,0,0,0,0,0,0,0,0,0,0,0,0,1,0,1,0
0,1.570546202687662,-1.340409173630381,-0.2504154165728772,0,0,0,0,1,0,1,0,1,1,0,1,0,1,0,1,0,1,0,1,0,0,1,0,0,1,0
0,-1.1196839170382944,0.8147876458527427,-0.8051661736038696,1,0,0,0,1,0,0,1,0,0,0,0,1,0,0,0,1,0,0,0,1,0,0,1,0,1,0
0,0.592280704605496,-1.340409173630381,-0.4968977800491311,0,1,1,1,1,0,1,0,1,1,0,1,0,1,0,1,0,1,0,1,0,0,1,0,0,0,1
1,0.9998913288063985,0.8580246190831143,1.285147208151703,0,1,1,0,1,0,0,1,0,0,0,0,1,0,1,0,0,0,1,0,0,1,0,1,0,1,0
1,0.7145638918657667,1.3369572456349192,1.2690444584347114,0,1,1,0,1,0,1,1,0,0,1,0,0,0,1,0,0,0,1,0,1,0,1,1,1,0,0
0,-0.9974007297780236,-1.4767719353569364,-0.9372528384057137,0,1,0,0,1,0,0,0,1,1,0,1,0,1,0,1,0,1,0,1,0,0,0,1,1,0,0
0,0.6330417670255862,-1.5067052245164245,-0.6191463265307312,0,0,1,1,1,0,0,0,1,1,0,1,0,1,0,1,0,1,0,1,0,0,1,0,0,0,1
0,1.5297851402675717,-1.501716342989843,-0.417023729740601,0,0,0,0,1,0,0,0,1,1,0,1,0,1,0,1,0,1,0,1,0,1,0,0,0,0,0
0,-1.2827281667186554,0.18618857350349852,-0.977774415433267,0,1,0,1,1,0,0,0,0,0,1,0,1,0,0,0,1,0,0,0,1,0,0,1,0,0,0
0,-0.9974007297780236,0.6917285681970708,-0.7179245638357843,0,1,1,0,1,0,1,1,0,0,0,0,0,0,0,0,0,0,0,0,1,0,0,1,0,0,0
0,-1.2827281667186554,0.4090252816907969,-0.9748185682249424,1,0,0,0,1,0,1,1,0,0,0,0,0,0,0,0,0,0,0,0,0,0,0,1,0,1,0
0,-1.2827281667186554,-0.9845356247342478,-0.9933036425575986,1,1,0,0,0,1,0,0,0,0,0,0,0,0,0,0,0,0,0,0,1,0,0,1,0,0,0
0,1.1221745160666692,-1.4734460143392158,-0.47722154340864265,0,1,1,1,1,0,0,0,1,1,0,1,0,1,0,1,0,1,0,1,0,0,1,0,0,0,1
0,0.6738028294456765,1.1008168533767377,1.160781039789512,0,1,1,1,1,0,1,1,0,0,0,0,0,0,0,0,1,0,1,0,1,1,0,1,0,1,0
0,-1.1604449794583847,-0.5421881293773722,-0.9201795119934514,1,1,1,0,0,1,0,0,0,0,0,0,1,0,0,0,0,0,1,0,1,0,0,1,0,1,0
0,-0.14141841895612844,-1.4917385799366805,-0.7444610130269365,0,0,0,0,1,0,0,0,1,1,0,1,0,1,0,1,0,1,0,1,0,1,0,0,0,0,1
0,1.407501953007301,-1.3171277265063348,-0.24423901942115436,0,0,1,0,1,0,1,0,1,1,0,1,0,1,0,1,0,1,0,1,0,0,1,1,1,0,0
0,0.8368470791260375,1.1157834979564818,1.262956295528013,1,0,1,0,1,0,1,1,0,0,0,0,1,0,0,0,0,0,1,0,1,0,0,1,1,0,0
0,1.407501953007301,0.20115521808324252,1.0545470087798794,0,1,1,0,1,0,1,0,0,0,1,0,1,0,1,0,1,0,0,0,0,0,1,0,1,0,0
0,-1.0789228546182041,-1.4967274614632617,-0.9562232010860053,0,0,1,1,1,0,0,0,1,1,0,1,0,1,0,1,0,1,0,1,0,0,0,0,0,0,1
0,0.592280704605496,1.3801942188652905,1.1304284595010459,0,0,0,0,1,0,1,1,0,0,0,0,1,0,1,0,0,0,1,0,1,0,0,1,0,1,0
0,0.8368470791260375,1.1523686291514113,1.384168089630574,0,0,0,0,1,0,0,1,0,0,1,0,1,0,1,0,1,0,0,0,1,0,1,0,0,0,1
0,1.4890240778474815,0.6601323185287225,1.584746587132773,0,1,1,0,1,0,0,0,0,0,1,0,1,0,1,0,1,0,1,0,1,0,1,1,0,0,1
0,-1.201206041878475,0.7050322522679541,-0.9008341537718052,0,1,0,0,1,0,0,1,0,0,1,0,0,0,0,0,0,0,0,0,1,0,0,1,0,0,1
0,-1.1604449794583847,-0.675224970086207,-0.911466380297271,0,1,0,0,1,0,0,0,0,0,0,0,0,0,0,0,0,0,0,0,0,0,0,0,0,0,1
0,0.9591302663863083,0.3657883084604252,0.8710638962511984,0,1,1,1,1,0,1,0,0,0,1,0,1,0,0,0,1,0,0,0,1,0,1,1,1,0,0
1,1.081413453646579,0.9644540916501818,1.4505643590115944,1,1,1,0,1,0,1,1,0,0,0,0,0,0,0,0,0,0,1,0,1,0,0,1,0,0,0
1,1.1629355784867594,-1.325442529050637,-0.3463260409146306,0,1,1,0,1,0,1,0,1,1,0,1,0,1,0,1,0,1,0,1,0,0,1,0,0,0,0
0,-1.2419671042985652,-0.660258325506463,-0.9692598107883919,0,0,1,0,1,0,0,0,0,0,0,0,0,0,0,0,0,0,0,0,0,0,0,1,0,1,0
1,0.5515196421854057,1.1922796813640617,0.9945918392856553,1,1,1,1,1,0,1,1,0,0,1,0,1,0,1,0,0,0,1,0,0,0,0,1,0,1,0
0,-0.8343564800976626,-1.4751089748480761,-0.8961356802242446,0,1,1,1,1,0,0,0,1,1,0,1,0,1,0,1,0,1,0,1,0,0,0,0,0,0,1
0,-0.7528343552574821,0.5187806752755855,-0.5359193749112657,1,0,0,0,1,0,1,1,0,0,0,0,0,0,1,0,0,0,0,0,0,0,0,1,0,1,0
0,-0.1821794813762187,0.8513727770476726,0.09815396839685278,0,0,1,1,1,0,1,1,0,0,0,0,0,0,0,0,1,0,0,0,1,1,0,1,0,1,0
0,-0.34522373105657966,-0.1464035282685885,-0.37323748564713727,0,1,0,0,1,0,0,0,0,0,1,0,1,0,0,0,1,0,0,0,0,0,0,0,0,0,0
0,-0.05989629411594795,-0.3193514211900738,-0.2519595158608079,1,1,0,0,1,0,0,0,0,0,0,0,0,0,1,0,1,0,0,0,0,0,0,1,0,1,0
0,1.4482630154273912,0.4522622549211681,1.3440656252668879,0,0,1,1,1,0,1,0,0,0,1,0,1,0,1,0,1,0,0,0,1,1,0,1,0,1,0
0,0.26619220524477405,1.1872907998374802,0.7096614035399268,0,1,0,1,1,0,1,1,0,0,0,0,0,0,0,0,1,0,1,0,1,0,1,0,0,0,1
0,0.38847539250504476,-1.4800978563746574,-0.6250800795086362,0,0,1,0,1,0,0,0,1,1,0,1,0,1,0,1,0,1,0,1,0,0,0,0,1,0,0
0,-0.7935954176775724,-0.34595878933184065,-0.6970130477649513,1,1,1,0,0,1,0,0,0,0,1,0,0,0,0,0,1,0,1,0,1,0,0,1,0,1,0
0,-1.0789228546182041,0.861350540100835,-0.7828649681738988,0,0,1,0,1,0,1,1,0,0,0,0,1,0,0,0,0,0,0,0,1,0,0,1,0,1,0
0,0.10314795556441304,0.34915870337182087,0.1540944797424569,1,1,0,0,1,0,1,1,0,0,0,0,0,0,0,0,0,0,0,0,0,0,0,0,1,0,0
0,0.22543114282468377,-1.4834237773923784,-0.6494106725741731,0,0,1,0,1,0,0,0,1,1,0,1,0,1,0,1,0,1,0,1,0,1,0,1,1,0,0
0,-0.5897901055771212,-1.4900756194278202,-0.8374157901603653,0,1,0,0,1,0,0,0,1,1,0,1,0,1,0,1,0,1,0,1,0,0,1,0,1,0,0
0,-1.1604449794583847,-1.505042264007564,-0.9676274772554366,0,0,1,0,1,0,0,0,1,1,0,1,0,1,0,1,0,1,0,1,0,0,0,0,0,0,1
0,-0.22294054379630893,-0.36757727594702655,-0.39569310100590105,0,1,1,0,1,0,0,0,0,0,0,0,1,0,0,0,1,0,0,0,0,0,0,1,0,1,0
0,0.3477143300849545,0.17787377095919635,0.26813724143676804,0,1,0,1,1,0,0,0,0,0,1,0,1,0,1,0,0,0,1,0,0,1,0,0,0,0,1
0,0.7145638918657667,0.35414758489840237,0.7671239556122054,0,1,1,1,1,0,0,0,0,0,1,0,0,0,0,0,1,0,1,0,1,1,0,0,0,1,0
0,1.6113072651077522,-1.4800978563746574,-0.41133262093651346,0,1,1,1,1,0,0,0,1,1,0,1,0,1,0,1,0,1,0,1,0,0,1,0,0,1,0
0,1.5297851402675717,-1.290520358364568,-0.18986466592473716,0,0,0,0,1,0,1,0,1,1,0,1,0,1,0,1,0,1,0,1,0,1,0,0,1,0,0
0,0.46999751734522527,-1.4717830538303551,-0.6003303737792326,0,1,1,1,1,0,0,0,1,1,0,1,0,1,0,1,0,1,0,1,0,1,0,0,0,0,0
0,-1.2419671042985652,0.3607994269338442,-0.9253853324499036,1,1,0,0,1,0,0,1,0,0,1,0,0,0,0,0,0,0,0,0,0,0,0,1,0,1,0
0,0.06238689314432279,-1.4884126589189595,-0.7079320355867471,0,0,1,1,1,0,0,0,1,1,0,1,0,1,0,1,0,1,0,1,0,1,0,1,0,0,0
1,1.6113072651077522,-1.3487239761746832,-0.22414367011679898,0,0,1,0,1,0,1,0,1,1,0,1,0,1,0,1,0,1,0,1,0,0,1,0,0,0,0
0,1.570546202687662,-1.3420721341392414,-0.2075997491746842,0,1,1,0,1,0,1,0,1,1,0,1,0,1,0,1,0,1,0,1,0,0,1,1,0,1,0
0,1.2852187657470302,1.518219941100707,2.109894754958008,0,0,0,0,1,0,1,1,0,0,0,0,1,0,1,0,1,0,1,0,1,0,1,1,1,0,0
0,1.6113072651077522,-1.3171277265063348,-0.1965704685466077,0,0,1,0,1,0,1,0,1,1,0,1,0,1,0,1,0,1,0,1,0,0,1,1,0,0,0
0,-1.2827281667186554,0.31257357217689147,-0.9760979647777993,1,1,0,0,1,0,1,1,0,0,0,0,0,0,0,0,0,0,0,0,0,0,0,1,0,0,1
1,-0.14141841895612844,0.8397320534856492,0.16320466554124796,0,1,1,0,1,0,0,1,0,0,1,0,0,0,1,0,0,0,0,0,1,1,0,0,0,0,0
0,-0.3859847934766699,0.12964791620224364,-0.26351820195903214,0,0,1,0,1,0,0,0,0,0,1,0,0,0,1,0,1,0,0,0,1,1,0,1,0,0,0
0,0.7960860167059473,-1.5183459480784474,-0.5435295785446386,0,1,1,1,1,0,0,0,1,1,0,1,0,1,0,1,0,1,0,1,0,0,1,0,0,0,1
1,-0.3044626686364894,0.8264283694147659,-0.043770814725235675,1,0,0,0,1,0,1,1,0,0,0,0,1,0,0,0,0,0,0,0,1,0,0,1,0,1,0
0,1.2852187657470302,1.6712123079158667,2.2267168953705947,0,0,0,0,1,0,1,1,0,0,1,0,1,0,1,0,1,0,1,0,1,0,1,1,0,0,0
1,-0.6713122304173017,1.0492650776020644,-0.3112749870786034,1,0,0,0,1,0,1,1,0,0,0,0,0,0,0,0,0,0,1,0,1,0,0,1,0,1,0
1,-1.2827281667186554,0.15459232383515015,-0.9781935280971339,1,1,0,0,1,0,0,1,0,0,0,0,0,0,0,0,0,0,0,0,0,0,0,1,0,0,0
0,-0.34522373105657966,1.1573575106779928,0.05209569249400523,0,1,0,0,1,0,1,1,0,0,0,0,1,0,0,0,0,0,1,0,1,0,0,1,0,0,0
0,-1.2419671042985652,0.8846319872248812,-0.9332161216958379,0,1,1,0,1,0,1,1,0,0,0,0,0,0,1,0,0,0,1,0,0,0,0,1,0,1,0
0,0.06238689314432279,0.6617952790375828,0.24382870693248723,0,0,1,1,1,0,0,0,0,0,1,0,1,0,1,0,1,0,1,0,1,0,1,0,0,0,1
1,0.14390901798450328,0.6784248841261872,0.37322422726108095,1,1,1,0,1,0,1,1,0,0,0,0,0,0,0,0,0,0,0,0,1,0,0,1,1,0,0
0,0.8368470791260375,0.4622400179743306,0.7304405682432229,0,1,1,1,1,0,1,0,0,0,0,0,0,0,1,0,1,0,1,0,1,1,0,1,0,0,1
0,0.592280704605496,-1.4834237773923784,-0.6235359802207056,0,0,1,1,1,0,0,0,1,1,0,1,0,1,0,1,0,1,0,1,0,0,1,0,1,0,0
0,1.6113072651077522,-1.4950645009544015,-0.33401736373369717,0,1,0,1,1,0,0,0,1,1,0,1,0,1,0,1,0,1,0,1,0,0,1,0,1,0,0
0,1.6113072651077522,1.094165011341296,2.0756378093272025,0,1,1,1,1,0,1,1,0,0,1,0,1,0,0,0,1,0,0,0,1,0,1,1,1,0,0
0,-1.2827281667186554,-1.5116941060430058,-1.0002962064757992,1,1,0,0,1,0,0,0,1,1,0,1,0,1,0,1,0,1,0,1,0,0,0,0,0,0,1
0,-0.9566396673579334,0.6135694242806301,-0.6544620831018322,1,0,0,0,1,0,1,1,0,0,0,0,0,0,0,0,0,0,0,0,1,0,0,1,0,1,0
0,-0.9974007297780236,0.5071399517135622,-0.7091673150170916,1,0,0,0,1,0,0,1,0,0,0,0,0,0,0,0,0,0,1,0,0,0,0,1,0,0,0
1,0.5107585797653155,-0.0715703053698689,0.22267454668783657,1,1,0,0,1,0,0,0,0,0,1,0,0,0,1,0,0,0,0,0,1,1,0,0,1,0,0
0,-1.0381617921981139,1.1823019183108991,-0.6934175022801984,0,0,0,0,1,0,0,1,0,0,0,0,0,0,1,0,1,0,1,0,1,0,0,1,0,1,0
0,1.570546202687662,-1.3437350946481017,-0.2669813960762482,0,0,1,0,1,0,1,0,1,1,0,1,0,1,0,1,0,1,0,1,0,0,1,1,1,0,0
1,0.3477143300849545,1.2055833654349448,0.7629769460960486,0,0,0,0,1,0,0,1,0,0,0,0,0,0,1,0,1,0,1,0,1,1,0,1,0,0,0
0,1.407501953007301,-0.4640289854609317,0.4389146226819047,0,1,1,1,0,1,0,0,0,0,1,0,0,0,0,0,0,0,1,0,1,0,1,0,1,0,0
0,1.4890240778474815,1.4084645475159183,2.219239043104759,0,1,1,0,1,0,1,1,0,0,1,0,1,0,1,0,1,0,0,0,1,1,0,1,1,0,0
1,1.5297851402675717,0.9095763948577877,1.847486110254812,0,0,1,0,1,0,1,0,0,0,1,0,1,0,1,0,1,0,1,0,1,0,1,1,0,0,0
0,-0.3044626686364894,-1.3154647659974745,-0.7104687701312047,1,1,0,0,1,0,1,0,1,1,0,1,0,1,0,1,0,1,0,1,0,1,0,0,0,0,0
0,1.6113072651077522,1.6146716506146124,2.5929110707839906,0,1,0,0,1,0,1,1,0,0,1,0,1,0,1,0,1,0,1,0,1,0,1,0,0,0,0
0,0.06238689314432279,-0.8082618107950418,-0.4239280594137769,0,1,1,1,0,1,0,0,0,0,0,0,0,0,0,0,1,0,1,0,0,0,1,1,0,1,0
0,1.3259798281671205,-1.2921833188734282,-0.27878272634829004,0,0,1,1,1,0,1,0,1,1,0,1,0,1,0,1,0,1,0,1,0,0,1,0,1,0,0
0,1.5297851402675717,1.5664457958576596,2.430493884254936,0,0,0,0,1,0,1,1,0,0,1,0,1,0,1,0,1,0,1,0,1,0,1,1,1,0,0
0,1.6113072651077522,-0.36757727594702655,0.7348522804944535,0,0,1,1,0,1,0,0,0,0,1,0,0,0,1,0,0,0,1,0,1,0,1,1,1,0,0
0,0.10314795556441304,0.2410662702958926,0.09193345412261766,0,1,0,1,1,0,0,0,0,0,0,0,0,0,0,0,1,0,1,0,1,1,0,1,0,0,1
0,-0.7935954176775724,1.1074686954121795,-0.4661040285355415,1,1,0,0,1,0,1,1,0,0,1,0,0,0,0,0,0,0,1,0,1,0,0,0,0,0,1
0,-0.8343564800976626,0.4655659389920513,-0.6220580566165433,0,0,1,0,1,0,1,0,0,0,1,0,0,0,1,0,0,0,1,0,1,1,0,0,0,1,0
0,1.2036966409068497,0.19616633655666102,0.8720565315077252,0,0,1,1,1,0,0,0,0,0,1,0,0,0,1,0,1,0,1,0,0,1,0,1,0,0,0
0,-0.3044626686364894,0.3757660715135882,-0.1296227351341833,0,0,0,0,1,0,0,0,0,0,1,0,0,0,0,0,1,0,1,0,1,0,0,1,1,0,0
0,0.7960860167059473,-0.8564876655519943,-0.13440944292676854,0,0,0,0,0,1,0,0,0,0,1,0,1,0,0,0,1,0,0,0,0,0,1,0,0,0,1
1,-0.9974007297780236,0.16955896841489418,-0.7606078798664404,0,1,0,0,1,0,0,1,0,0,0,0,0,0,0,0,0,0,0,0,0,0,0,1,1,0,0
0,-1.2419671042985652,-1.4900756194278202,-0.9939874579565395,0,1,0,0,1,0,0,0,1,1,0,1,0,1,0,1,0,1,0,1,0,0,0,0,0,0,1
0,0.9591302663863083,-1.4900756194278202,-0.5279341757365384,0,0,1,1,1,0,0,0,1,1,0,1,0,1,0,1,0,1,0,1,0,0,1,0,0,0,1
0,-0.8343564800976626,-1.510031145534145,-0.9085105330889466,0,0,0,0,1,0,0,0,1,1,0,1,0,1,0,1,0,1,0,1,0,0,0,0,0,0,0
0,0.592280704605496,-1.2622500297139405,-0.45701590129800646,0,0,1,0,1,0,1,0,1,1,0,1,0,1,0,1,0,1,0,1,0,1,0,0,0,1,0
1,-1.2419671042985652,-1.5183459480784474,-0.9924433586686088,0,1,0,0,1,0,0,0,1,1,0,1,0,1,0,1,0,1,0,1,0,0,0,0,0,1,0
0,-0.5897901055771212,-0.4939622746204195,-0.6150213755758305,0,0,0,0,1,0,0,0,0,0,0,0,0,0,1,0,0,0,0,0,0,0,0,1,0,0,1
0,-0.9974007297780236,-0.1613701728483325,-0.7936736631894138,0,0,0,0,1,0,0,0,0,0,1,0,0,0,0,0,0,0,1,0,0,0,0,1,0,1,0
0,0.5107585797653155,0.655143437002141,0.6296329433026036,0,1,1,0,1,0,1,1,0,0,1,0,0,0,1,0,0,0,0,0,0,0,0,1,0,0,1
0,-1.201206041878475,-0.645291680926719,-0.946340965643249,0,1,0,0,1,0,0,0,0,0,0,0,0,0,0,0,0,0,0,0,0,0,0,0,0,0,1
0,0.22543114282468377,-1.4900756194278202,-0.7096526033647269,0,0,0,0,1,0,0,0,1,1,0,1,0,1,0,1,0,1,0,1,0,1,0,0,0,0,1
0,1.6113072651077522,1.6861789524956108,2.708144994786134,0,1,1,0,1,0,1,1,0,0,1,0,1,0,1,0,1,0,1,0,1,0,1,1,0,1,0
0,0.5515196421854057,0.9594652101236008,0.8241232778981049,1,1,0,0,1,0,1,1,0,0,1,0,1,0,0,0,0,0,0,0,1,0,0,1,0,1,0
0,1.570546202687662,1.135739024062807,2.1065418536470726,0,0,1,1,1,0,1,1,0,0,1,0,1,0,1,0,0,0,1,0,0,0,1,1,1,0,0
0,1.3667408905872107,-0.4756697090229548,0.4754877172446064,0,1,1,1,0,1,0,0,0,0,0,0,0,0,0,0,1,0,1,0,1,0,1,0,0,0,0
1,-0.3044626686364894,1.3668905347944074,0.1625649672648196,1,1,0,0,1,0,1,1,0,0,0,0,1,0,1,0,0,0,1,0,1,0,0,0,0,0,1
0,-0.5897901055771212,0.5703324510502589,-0.37998740539152004,1,1,0,0,1,0,1,0,0,0,0,0,0,0,1,0,1,0,1,0,1,1,0,1,1,0,0
0,-0.7935954176775724,-1.325442529050637,-0.862165495889769,0,0,1,1,1,0,1,0,1,1,0,1,0,1,0,1,0,1,0,1,0,0,1,1,0,0,0
0,1.3259798281671205,0.8879579082426019,1.6222681998294894,0,0,1,1,1,0,1,0,0,0,1,0,1,0,1,0,1,0,1,0,1,0,1,0,0,0,0
0,1.1221745160666692,1.0276465909868786,1.5247473005160368,1,1,1,0,1,0,1,1,0,0,0,0,1,0,1,0,0,0,1,0,0,0,0,1,0,1,0
0,-0.712073292837392,-1.513357066551866,-0.8858343321176212,0,1,1,1,1,0,0,0,1,1,0,1,0,1,0,1,0,1,0,1,0,0,1,0,0,0,1
0,1.6113072651077522,-1.3304314105772181,-0.18304857049658596,0,0,1,0,1,0,1,0,1,1,0,1,0,1,0,1,0,1,0,1,0,0,1,0,1,0,0
0,-0.1006573565360382,0.9711059336856236,0.25574033001080987,1,1,1,0,1,0,1,1,0,0,0,0,0,0,0,0,0,0,1,0,1,0,0,1,1,0,0
0,0.38847539250504476,1.1823019183108991,0.8897916147576722,0,0,1,1,1,0,0,1,0,0,0,0,0,0,1,0,1,0,1,0,1,0,1,1,0,1,0
0,1.570546202687662,-1.325442529050637,-0.23548177060246164,0,0,1,0,1,0,1,0,1,1,0,1,0,1,0,1,0,1,0,1,0,0,1,0,0,0,0
0,-1.2827281667186554,-0.33598102627867815,-0.984700803667699,1,0,0,0,1,0,0,0,0,0,0,0,0,0,0,0,0,0,0,0,1,0,0,1,0,0,1
1,0.26619220524477405,1.0243206699691578,0.6495297655556538,1,1,0,0,1,0,1,1,0,0,0,0,0,0,0,0,0,0,1,0,1,0,0,1,0,0,0
0,0.10314795556441304,-1.516682987569587,-0.7363655210459282,0,0,0,0,1,0,0,0,1,1,0,1,0,1,0,1,0,1,0,1,0,0,0,0,0,0,0
0,0.8368470791260375,1.4433867182019873,1.6095404099846895,0,0,1,1,1,0,0,1,0,0,0,0,1,0,1,0,1,0,1,0,1,0,0,1,0,0,0
0,-1.2827281667186554,0.9893984992830883,-0.9671201303465451,1,0,0,0,1,0,1,1,0,0,0,0,0,0,0,0,0,0,1,0,1,0,0,1,0,1,0
1,-0.05989629411594795,1.1324131030450861,0.27552685945757927,1,0,1,1,1,0,0,1,0,0,0,0,0,0,1,0,1,0,1,0,1,0,0,1,0,1,0
0,0.6330417670255862,-1.4867496984100992,-0.5752056725084743,0,1,0,0,1,0,0,0,1,1,0,1,0,1,0,1,0,1,0,1,0,0,1,0,1,0,0
1,-0.1006573565360382,1.2122352074703868,0.3034088808853566,0,0,0,1,1,0,1,1,0,0,0,0,0,0,0,0,1,0,1,0,1,0,0,1,0,1,0
0,-0.9158786049378431,-1.4917385799366805,-0.9211942058112346,0,1,0,0,1,0,0,0,1,1,0,1,0,1,0,1,0,1,0,1,0,0,0,0,1,0,0
0,-0.8343564800976626,1.3452720481792215,-0.4460748549149545,0,0,0,1,1,0,1,1,0,0,0,0,1,0,1,0,0,0,1,0,1,0,0,1,0,1,0
1,0.9998913288063985,0.166233047397173,0.7571534859244242,0,0,0,0,1,0,0,0,0,0,1,0,0,0,1,0,1,0,1,0,0,0,1,0,0,0,0
0,1.0406523912264887,0.013240680582013184,0.6638898889334093,0,0,1,0,1,0,0,0,0,0,1,0,1,0,0,0,0,0,1,0,0,0,0,1,1,0,0
0,0.18467008040459354,-1.4983904219721222,-0.6500503708506016,0,0,0,0,1,0,0,0,1,1,0,1,0,1,0,1,0,1,0,1,0,0,1,0,0,0,1
0,0.46999751734522527,-1.505042264007564,-0.6646310798409186,0,0,1,1,1,0,0,0,1,1,0,1,0,1,0,1,0,1,0,1,0,0,0,0,0,0,1
0,-0.22294054379630893,-1.4900756194278202,-0.7649313578726464,0,1,0,1,1,0,0,0,1,1,0,1,0,1,0,1,0,1,0,1,0,1,0,0,1,0,0
0,-0.9974007297780236,-0.5139178007267448,-0.8287467755866971,0,0,0,0,1,0,0,0,0,0,0,0,0,0,0,0,1,0,0,0,0,0,0,0,0,1,0
1,-1.201206041878475,0.37244015049586704,-0.906591438259661,1,1,0,0,1,0,1,1,0,0,0,0,0,0,0,0,0,0,0,0,0,0,0,1,0,1,0
1,-0.3044626686364894,0.7831913961843948,-0.0421825983147927,0,0,1,0,1,0,0,1,0,0,0,0,1,0,1,0,0,0,0,0,1,0,0,0,0,0,0
0,0.9998913288063985,1.1889537603463405,1.4668656357798915,0,0,1,1,1,0,1,1,0,0,0,0,1,0,0,0,0,0,1,0,1,0,0,1,0,1,0
0,-0.8343564800976626,-1.510031145534145,-0.9002165140566329,0,0,0,0,1,0,0,0,1,1,0,1,0,1,0,1,0,1,0,1,0,0,0,0,0,0,1
0,1.2036966409068497,-1.481760816883518,-0.43703084479993176,0,0,1,1,1,0,0,0,1,1,0,1,0,1,0,1,0,1,0,1,0,0,1,0,0,0,0
0,1.3259798281671205,1.4234311920956622,2.1158946836196817,0,0,1,0,1,0,1,1,0,0,0,0,1,0,1,0,1,0,1,0,1,0,1,1,0,0,0
0,1.570546202687662,0.5187806752755855,1.4891668412098622,0,0,1,0,1,0,1,0,0,0,0,0,0,0,1,0,1,0,1,0,1,0,1,1,0,0,0
0,-0.46750691831685043,-0.19961826455212245,-0.4726333626673628,0,0,1,1,1,0,0,0,0,0,0,0,1,0,0,0,0,0,1,0,0,1,0,1,1,0,0
0,1.570546202687662,1.4882866519412188,2.456170049557098,0,1,1,0,1,0,1,1,0,0,1,0,1,0,1,0,0,0,1,0,1,1,0,1,0,1,0
0,-1.0381617921981139,0.3425068613363795,-0.7772400350535799,0,0,0,0,1,0,0,1,0,0,0,0,0,0,1,0,0,0,0,0,0,0,0,1,0,1,0
0,1.6113072651077522,0.2709995594553806,1.313999806274751,0,0,0,0,1,0,0,0,0,0,1,0,1,0,1,0,1,0,0,0,1,0,1,1,1,0,0
0,-1.2827281667186554,0.17454784994147518,-0.97792882536206,0,0,0,0,1,0,0,1,0,0,0,0,0,0,0,0,0,0,0,0,0,0,0,0,0,1,0
0,1.6113072651077522,1.1240983005007839,2.1364532627104165,0,0,1,1,1,0,1,1,0,0,0,0,1,0,1,0,1,0,0,0,1,0,1,1,0,0,0
0,1.2852187657470302,1.5498161907690553,2.1971143061648375,0,0,1,1,1,0,1,1,0,0,0,0,1,0,1,0,1,0,1,0,1,1,0,1,0,1,0
0,1.6113072651077522,1.6645604658804254,2.739644620259921,0,0,0,0,1,0,1,1,0,0,1,0,1,0,1,0,1,0,1,0,1,0,1,1,0,1,0
0,-0.14141841895612844,1.1872907998374802,0.2611667360798236,0,0,0,0,1,0,1,1,0,0,0,0,0,0,1,0,0,0,1,0,1,0,0,0,0,0,0
0,-0.7935954176775724,-1.4784348958657971,-0.8935768871185309,0,0,0,0,1,0,0,0,1,1,0,1,0,1,0,1,0,1,0,1,0,0,1,1,0,0,1
0,-0.05989629411594795,1.3136757985108731,0.40536355101129584,0,0,0,0,1,0,1,1,0,0,1,0,1,0,0,0,0,0,1,0,1,0,0,0,0,1,0
1,-1.2827281667186554,0.16290712637945234,-0.9780832352908531,1,1,0,0,1,0,0,1,0,0,0,0,0,0,0,0,0,0,0,0,0,0,0,1,0,1,0
0,-1.0381617921981139,-1.0094800323671544,-0.8856578636275719,1,1,1,1,0,1,0,0,0,0,1,0,0,0,0,0,1,0,0,0,0,0,0,1,0,1,0
0,1.1629355784867594,1.3535868507235236,1.7623400638060611,1,1,1,0,1,0,1,1,0,0,0,0,1,0,1,0,0,0,1,0,1,0,0,1,0,1,0
0,0.26619220524477405,-1.1558205571468725,-0.5097579212614683,1,0,0,1,0,1,0,0,0,0,0,0,0,0,1,0,0,0,0,0,0,0,0,0,1,0,0
0,-0.9158786049378431,0.18119969197691702,-0.6831823298573433,1,1,1,0,1,0,0,1,0,0,0,0,0,0,0,0,0,0,0,0,0,0,0,1,0,1,0
0,-0.7528343552574821,0.5187806752755855,-0.5072211867170108,0,0,1,1,1,0,1,0,0,0,0,0,1,0,0,0,1,0,1,0,1,0,0,0,1,0,0
0,-1.2827281667186554,0.5104658727312833,-0.9734729959883172,1,0,0,0,1,0,1,1,0,0,0,0,1,0,0,0,0,0,0,0,0,0,0,1,0,0,1
0,1.407501953007301,0.9810836967387861,1.7888103373134447,1,0,1,1,1,0,1,1,0,0,1,0,0,0,0,0,1,0,0,0,1,1,0,1,1,0,0
0,1.6113072651077522,0.88130606620716,1.9457570006509737,0,0,0,0,1,0,1,0,0,0,1,0,1,0,1,0,1,0,1,0,1,0,1,1,0,0,0
0,-1.0789228546182041,-0.6735620095773465,-0.8937974727310924,1,1,1,1,1,0,0,0,0,0,0,0,0,0,0,0,0,0,0,0,0,0,0,1,0,0,0
0,-1.2827281667186554,-1.505042264007564,-1.0002079722307746,1,0,0,0,1,0,0,0,1,1,0,1,0,1,0,1,0,1,0,1,0,0,0,1,0,0,1
0,-0.3044626686364894,-1.4950645009544015,-0.7858649325047357,0,1,1,1,1,0,0,0,1,1,0,1,0,1,0,1,0,1,0,1,0,1,0,0,0,1,0
1,0.021625830724232544,1.5165569805918464,0.6038244266329045,1,0,0,0,1,0,1,1,0,0,0,0,1,0,1,0,1,0,1,0,1,0,0,1,0,1,0
0,-0.5897901055771212,0.11634423213135997,-0.43542056982823263,0,1,0,0,1,0,0,0,0,0,1,0,0,0,1,0,1,0,1,0,0,0,0,1,0,1,0
0,1.570546202687662,0.4738807415363535,1.4461967638828763,0,1,1,0,1,0,0,0,0,0,0,0,1,0,1,0,1,0,1,0,1,0,1,1,1,0,0
1,-0.1821794813762187,-0.4607030644432108,-0.3992445293681417,0,1,1,1,1,0,1,0,0,0,0,0,0,0,0,0,0,0,0,0,0,1,0,1,0,1,0
0,-1.2419671042985652,0.5221065962933062,-0.9258706207975389,0,0,0,1,1,0,1,1,0,0,1,0,0,0,0,0,0,0,0,0,0,0,0,0,1,0,0
0,-0.6305511679972114,0.06146653533896589,-0.5336914602243944,0,1,1,1,1,0,1,0,0,0,0,0,1,0,1,0,1,0,0,0,0,0,0,1,0,0,1
0,0.9591302663863083,0.7166729758299774,1.1627663103025658,0,1,0,0,1,0,1,1,0,0,1,0,1,0,0,0,0,0,0,0,0,0,0,1,0,1,0
0,1.1221745160666692,-0.49229931411155914,0.27561509370260384,0,0,1,0,0,1,0,0,0,0,1,0,1,0,1,0,0,0,0,0,1,1,0,0,0,1,0
0,0.021625830724232544,-1.3021610819265907,-0.6444033791690263,0,0,0,0,1,0,1,0,1,1,0,1,0,1,0,1,0,1,0,1,0,0,1,0,1,0,0
0,-1.2827281667186554,0.6168953452983513,-0.9720612480679233,0,0,0,0,1,0,0,1,0,0,1,0,1,0,0,0,1,0,0,0,0,0,0,1,0,0,1
0,-1.2419671042985652,0.19450337604780069,-0.946782136868372,1,1,0,0,1,0,0,1,0,0,0,0,0,0,0,0,0,0,0,0,0,0,0,0,1,0,0
0,1.24445770332694,0.6584693580198622,1.3636756862236077,0,1,1,0,1,0,1,1,0,0,1,0,0,0,0,0,1,0,0,0,0,0,1,1,1,0,0
1,-1.0381617921981139,1.144053826607109,-0.715277536485046,1,1,1,0,1,0,1,1,0,0,0,0,0,0,1,0,0,0,1,0,1,0,0,1,0,1,0
0,0.918369203966218,-0.0033889245065911663,0.5869055101494352,0,0,0,0,1,0,0,0,0,0,0,0,1,0,1,0,0,0,0,0,1,0,1,1,0,0,1
0,1.3259798281671205,1.173987115766597,1.922066105861865,0,0,1,0,1,0,1,1,0,0,1,0,1,0,0,0,1,0,1,0,0,1,0,1,0,0,0
0,-1.2827281667186554,0.6634582395464431,-0.9714436083527509,1,1,1,0,1,0,0,1,0,0,0,0,0,0,0,0,1,0,1,0,0,0,0,1,0,1,0
0,1.24445770332694,-1.3171277265063348,-0.3209366369087985,0,1,0,0,1,0,1,0,1,1,0,1,0,1,0,1,0,1,0,1,0,0,1,0,0,0,1
1,1.5297851402675717,1.6013679665437286,2.5150443495497705,0,0,1,0,1,0,1,1,0,0,1,0,1,0,1,0,1,0,1,0,1,0,1,1,1,0,0
0,0.14390901798450328,-0.8049358897773209,-0.32620863304901904,0,0,1,1,0,1,0,0,0,0,1,0,0,0,1,0,1,0,0,0,0,0,1,0,1,0,0
0,0.7960860167059473,1.335294285126059,1.3853151348158939,1,1,0,0,1,0,0,1,0,0,0,0,1,0,1,0,1,0,1,0,1,1,0,1,0,0,0
0,-0.4267458558967602,-0.34595878933184065,-0.5115005476007044,1,1,0,0,1,0,1,0,0,0,1,0,0,0,0,0,0,0,0,0,0,0,0,1,0,1,0
0,-0.4267458558967602,1.0010392228451117,-0.06351322704949262,0,1,0,0,1,0,0,1,0,0,0,0,1,0,1,0,1,0,0,0,1,0,0,1,0,0,0
1,-1.1196839170382944,-0.1646960938660534,-0.8818637910915136,0,0,0,0,1,0,0,0,0,0,1,0,1,0,0,0,1,0,0,0,0,0,0,0,1,0,0
0,0.592280704605496,0.6800878446350476,0.7759694386759228,1,0,1,0,1,0,0,1,0,0,0,0,0,0,1,0,0,0,0,0,1,0,0,1,0,1,0
0,0.021625830724232544,0.6152323847894905,0.20782913496244554,1,0,0,0,1,0,1,1,0,0,0,0,0,0,0,0,0,0,0,0,1,0,0,1,0,1,0
0,-0.5897901055771212,-1.0427392425443631,-0.7441521931693503,1,1,0,0,0,1,0,0,0,0,0,0,1,0,1,0,0,0,0,0,0,0,0,1,1,0,0
0,-1.2827281667186554,-1.4983904219721222,-1.0001197379857498,0,0,0,0,1,0,0,0,1,1,0,1,0,1,0,1,0,1,0,1,0,0,0,0,1,0,0
0,0.9591302663863083,0.5636806090148171,0.9916139335160746,0,1,0,0,1,0,0,0,0,0,0,0,1,0,1,0,1,0,1,0,1,0,1,1,1,0,0
0,-1.2419671042985652,-1.4917385799366805,-0.9908110251356533,0,0,0,0,1,0,0,0,1,1,0,1,0,1,0,1,0,1,0,1,0,0,0,1,0,0,1
0,0.10314795556441304,-0.17467385691921591,-0.08464532873288726,0,1,0,0,1,0,1,0,0,0,1,0,0,0,1,0,0,0,0,0,0,0,0,1,0,1,0
0,1.2852187657470302,-1.325442529050637,-0.3096867706681604,0,0,1,0,1,0,1,0,1,1,0,1,0,1,0,1,0,1,0,1,0,0,1,0,1,0,0
0,-0.712073292837392,0.6484915949666992,-0.43416323183663186,0,0,0,0,1,0,1,1,0,0,1,0,0,0,1,0,0,0,0,0,0,0,0,1,1,0,0
0,-0.34522373105657966,0.8480468560299513,-0.021293140805215827,1,1,0,0,1,0,0,1,0,0,0,0,0,0,0,0,0,0,1,0,1,0,0,1,0,1,0
0,-1.2827281667186554,-0.3093736581369113,-0.9843478666876004,0,1,0,0,1,0,0,0,0,0,0,0,0,0,0,0,0,0,0,0,1,0,0,0,0,0,1
0,1.5297851402675717,0.34915870337182087,1.390123901169735,0,0,1,1,1,0,0,0,0,0,1,0,0,0,0,0,1,0,1,0,1,0,1,0,1,0,0
0,-1.2827281667186554,0.861350540100835,-0.9688186395632689,1,1,1,0,1,0,0,1,0,0,0,0,0,0,0,0,0,0,1,0,1,0,0,1,0,1,0
0,-1.1604449794583847,0.8231024483970448,-0.8475406697769394,1,0,0,1,1,0,1,1,0,0,0,0,1,0,0,0,0,0,1,0,0,0,0,0,0,0,1
0,0.26619220524477405,-0.18465161997237867,-0.03424151626257761,0,0,0,0,1,0,0,0,0,0,0,0,0,0,0,0,1,0,0,0,1,1,0,0,0,1,0
0,-0.14141841895612844,0.04151100923264039,-0.16526937012412654,0,0,0,0,1,0,1,0,0,0,1,0,0,0,0,0,0,0,0,0,1,0,0,1,0,1,0
0,-0.7528343552574821,-1.531649632149331,-0.8961136216629885,0,0,1,1,1,0,0,0,1,1,0,1,0,1,0,1,0,1,0,1,0,0,1,0,0,0,1
0,1.1629355784867594,0.7183359363388377,1.274338513136188,0,0,0,0,1,0,1,0,0,0,1,0,0,0,1,0,1,0,1,0,1,0,1,0,1,0,0
0,-0.7935954176775724,-0.4241179332482812,-0.712983446114406,0,1,0,1,1,0,0,0,0,0,1,0,0,0,0,0,0,0,0,0,0,0,0,1,1,0,0
0,1.3667408905872107,-0.5804362210811621,0.3928563467790571,0,0,0,0,0,1,0,0,0,0,1,0,1,0,1,0,1,0,0,0,0,0,1,1,0,0,1
0,-1.2419671042985652,-0.518906682253326,-0.9689951080533181,1,1,0,0,0,1,0,0,0,0,0,0,0,0,1,0,0,0,1,0,1,0,0,1,0,1,0
0,1.081413453646579,1.4733200073614754,1.8842356733075627,0,0,1,0,1,0,1,1,0,0,1,0,1,0,1,0,0,0,1,0,1,1,0,1,1,0,0
0,1.2036966409068497,1.0010392228451117,1.546342631985811,0,1,1,1,1,0,1,1,0,0,1,0,1,0,0,0,0,0,1,0,0,1,0,1,1,0,0
1,0.021625830724232544,0.9544763285970193,0.3391437501203245,0,1,1,0,1,0,0,1,0,0,1,0,1,0,0,0,1,0,0,0,1,1,0,1,0,1,0
0,1.3667408905872107,0.4871844256072372,1.2835148746187477,0,1,0,1,1,0,0,0,0,0,0,0,1,0,1,0,1,0,1,0,1,0,1,1,1,0,0
0,1.6113072651077522,1.6695493474070064,2.699189218916136,0,0,0,0,1,0,1,1,0,0,1,0,1,0,1,0,1,0,1,0,1,0,1,0,1,0,0
0,-1.2827281667186554,-1.5000533824809827,-1.000141796547006,1,1,0,1,1,0,0,0,1,1,0,1,0,1,0,1,0,1,0,1,0,0,0,0,0,0,1
0,-0.5490290431570309,1.0076910648805535,-0.2194893136917507,1,0,0,0,1,0,1,1,0,0,1,0,1,0,0,0,0,0,0,0,1,0,0,1,0,1,0
0,0.755324954285857,1.0076910648805535,1.1970232559333718,0,0,1,1,1,0,1,1,0,0,1,0,0,0,0,0,1,0,1,0,0,1,0,1,0,0,1
0,1.24445770332694,1.3485979691969427,1.9528157402529427,0,1,0,0,1,0,1,1,0,0,0,0,1,0,0,0,1,0,1,0,1,0,0,0,0,1,0
0,-0.22294054379630893,-1.4884126589189595,-0.7606519969889528,0,1,0,0,1,0,0,0,1,1,0,1,0,1,0,1,0,1,0,1,0,1,0,0,0,0,0
0,-0.4267458558967602,1.213898167979247,0.01338291748945668,1,1,0,0,1,0,1,1,0,0,1,0,0,0,0,0,0,0,1,0,1,0,0,1,0,0,0
1,-1.1604449794583847,-1.4900756194278202,-0.9685098197056827,0,0,0,0,1,0,0,0,1,1,0,1,0,1,0,1,0,1,0,1,0,0,0,0,0,0,1
0,0.38847539250504476,-1.4684571328126343,-0.643190158299938,0,1,1,1,1,0,0,0,1,1,0,1,0,1,0,1,0,1,0,1,0,0,1,0,0,0,1
0,-0.14141841895612844,-1.4800978563746574,-0.7364978724134652,0,0,0,0,1,0,0,0,1,1,0,1,0,1,0,1,0,1,0,1,0,1,0,0,0,0,1
0,-1.1604449794583847,0.17288488943261485,-0.8911063282578416,1,0,0,0,1,0,0,1,0,0,0,0,0,0,0,0,0,0,0,0,0,0,0,1,1,0,0
0,-0.1006573565360382,-1.501716342989843,-0.7331008539800177,0,1,0,0,1,0,0,0,1,1,0,1,0,1,0,1,0,1,0,1,0,1,0,0,0,0,1
0,-1.1604449794583847,0.32587725624777514,-0.8758859209910961,1,1,1,0,1,0,1,1,0,0,0,0,0,0,0,0,0,0,0,0,0,0,0,1,0,1,0
0,1.570546202687662,0.6850767261616291,1.6513634421263552,0,1,1,1,1,0,0,0,0,0,1,0,1,0,1,0,1,0,1,0,1,0,1,0,0,0,0
0,0.5515196421854057,-0.8132506923216231,-0.19590871170892313,0,1,1,0,0,1,0,0,0,0,1,0,0,0,1,0,1,0,0,0,0,0,1,0,1,0,0
0,-1.1604449794583847,-0.4806585905495361,-0.9177089531327624,1,1,0,0,1,0,1,0,0,0,0,0,0,0,0,0,0,0,0,0,0,0,0,0,0,0,1
0,-1.0381617921981139,0.4921733071338186,-0.7420786884112719,1,0,0,0,1,0,1,1,0,0,1,0,0,0,0,0,0,0,0,0,0,0,0,1,0,0,1
0,1.4890240778474815,1.3419461271615007,2.249657799076994,0,1,0,0,1,0,1,1,0,0,0,0,1,0,0,0,1,0,1,0,1,1,0,1,0,0,0
0,1.6113072651077522,1.1906167208552014,2.2267168953705947,0,0,1,0,1,0,1,1,0,0,1,0,1,0,1,0,0,0,1,0,0,0,1,0,0,0,0
1,-0.5490290431570309,0.49882514916926,-0.3595611776683224,1,1,0,0,1,0,1,1,0,0,0,0,0,0,1,0,0,0,0,0,0,0,0,1,0,1,0
0,-0.1821794813762187,0.8696653426451372,0.14972688461373856,0,1,0,0,1,0,0,1,0,0,0,0,0,0,1,0,1,0,0,0,1,0,0,0,0,1,0
0,-1.1196839170382944,0.4622400179743306,-0.8270482663699734,1,1,1,0,1,0,1,1,0,0,0,0,1,0,0,0,0,0,0,0,0,0,0,1,0,1,0
1,1.6113072651077522,1.7260900047082612,2.64274136066164,0,0,1,0,1,0,1,1,0,0,1,0,1,0,1,0,1,0,1,0,1,0,1,1,1,0,0
1,-0.9974007297780236,0.5187806752755855,-0.7514535769451369,1,1,1,1,1,0,0,1,0,0,0,0,0,0,0,0,0,0,1,0,0,0,0,1,1,0,0
0,-1.0381617921981139,-0.19130346200782028,-0.8459524533664965,0,0,0,0,1,0,0,0,0,0,1,0,0,0,0,0,0,0,0,0,1,1,0,1,0,1,0
0,-0.4267458558967602,-0.5006141166558613,-0.54604425452784,0,0,0,0,1,0,0,0,0,0,1,0,0,0,0,0,0,0,0,0,0,0,0,1,0,1,0
0,1.6113072651077522,-1.5150200270607266,-0.3846858789390807,0,1,0,0,1,0,0,0,1,1,0,1,0,1,0,1,0,1,0,1,0,0,1,0,0,0,0
0,-0.9974007297780236,-1.5033793034987035,-0.933966112778547,0,1,1,1,1,0,0,0,1,1,0,1,0,1,0,1,0,1,0,1,0,0,0,0,1,0,0
0,0.7960860167059473,0.5503769249439339,0.9122031129939238,0,1,1,0,1,0,1,0,0,0,1,0,1,0,1,0,1,0,0,0,1,1,0,1,1,0,0
0,1.4482630154273912,-0.8631395075874361,0.19077786711143924,0,0,0,0,0,1,0,0,0,0,1,0,0,0,1,0,1,0,0,0,0,0,1,0,0,0,1
0,1.570546202687662,0.7682247516046508,1.799354329593886,0,0,1,0,1,0,1,0,0,0,1,0,1,0,1,0,1,0,1,0,1,0,1,0,0,0,0
0,-1.2419671042985652,-1.4967274614632617,-0.9860904930268367,0,1,0,0,1,0,0,0,1,1,0,1,0,1,0,1,0,1,0,1,0,0,0,0,0,0,1
1,0.06238689314432279,1.0476021170932035,0.3985915727056569,0,0,0,0,1,0,1,1,0,0,0,0,1,0,0,0,1,0,1,0,0,0,0,1,0,1,0
0,0.10314795556441304,-1.3537128577012645,-0.6504033078307,0,0,0,0,0,1,0,0,0,0,0,0,0,0,0,0,0,0,0,0,0,0,0,0,0,1,0
0,1.1629355784867594,-1.5216718690961684,-0.5042432809474301,0,0,1,1,1,0,0,0,1,1,0,1,0,1,0,1,0,1,0,1,0,1,0,0,1,0,0
0,-1.2827281667186554,-0.6935175356836717,-0.9894433943377718,0,1,0,0,1,0,0,0,0,0,0,0,0,0,0,0,0,0,0,0,0,0,0,0,0,1,0
0,-1.2827281667186554,-0.4906363536026986,-0.9867522498645213,1,0,0,0,1,0,1,0,0,0,0,0,0,0,0,0,0,0,0,0,0,0,0,1,0,0,1
0,0.8368470791260375,-0.1414146467420072,0.4456866009875436,0,0,1,1,1,0,0,0,0,0,0,0,0,0,1,0,0,0,0,0,1,1,0,0,1,0,0
0,1.6113072651077522,-1.3038240424354515,-0.17636482643597157,0,0,1,0,1,0,1,0,1,1,0,1,0,1,0,1,0,1,0,1,0,0,1,0,0,0,0
0,-1.2419671042985652,0.3840808740578904,-0.9418851362695059,1,1,1,0,1,0,0,1,0,0,0,0,0,0,1,0,0,0,0,0,0,0,0,0,0,1,0
0,-1.201206041878475,1.1257612610096444,-0.8793049979857998,1,1,0,0,1,0,0,1,0,0,0,0,0,0,1,0,1,0,1,0,1,0,0,1,0,1,0
1,-0.7935954176775724,1.1956056023817823,-0.43175884865971126,1,0,0,0,1,0,1,1,0,0,1,0,0,0,0,0,0,0,1,0,1,0,0,1,0,1,0
1,0.3477143300849545,-0.36258839442044505,-0.031484196105558485,0,1,1,0,0,1,0,0,0,0,0,0,1,0,1,0,0,0,1,0,1,0,0,1,0,1,0
0,-0.34522373105657966,-1.4784348958657971,-0.795857460753773,0,0,1,0,1,0,0,0,1,1,0,1,0,1,0,1,0,1,0,1,0,1,0,0,1,0,0
0,-0.1821794813762187,0.8397320534856492,0.1377270272903912,1,0,1,1,1,0,0,1,0,0,0,0,0,0,0,0,0,0,1,0,1,1,0,1,0,0,0
0,-0.9974007297780236,-1.180764964779779,-0.9133634165653002,0,1,0,0,0,1,0,0,0,0,1,0,0,0,0,0,0,0,0,0,0,0,0,0,0,0,1
0,0.8776081415461278,1.0060281043716928,1.2256111513213461,0,0,0,0,1,0,1,1,0,0,0,0,0,0,1,0,1,0,0,0,1,0,1,1,0,0,0
0,0.3477143300849545,-1.3171277265063348,-0.569249860969313,0,1,0,0,1,0,1,0,1,1,0,1,0,1,0,1,0,1,0,1,0,0,0,1,0,0,0
0,-0.5490290431570309,-0.6635842465241839,-0.6384255090686088,0,0,1,0,1,0,0,0,0,0,0,0,0,0,0,0,0,0,0,0,0,0,0,0,0,0,1
0,1.6113072651077522,0.9245430394375318,1.9615509305103789,0,0,1,1,1,0,1,0,0,0,1,0,1,0,1,0,1,0,1,0,1,0,1,0,0,0,0
0,1.2036966409068497,-0.7034952987368343,0.1462636904965226,0,1,0,0,0,1,0,0,0,0,1,0,1,0,1,0,1,0,0,0,0,0,1,1,0,0,0
1,0.9591302663863083,0.25769587538449695,0.7930427650881852,0,0,1,1,1,0,0,0,0,0,1,0,0,0,0,0,1,0,1,0,1,0,1,1,1,0,0
0,-0.712073292837392,-0.4424104988457461,-0.6711383554114838,1,1,0,0,1,0,1,0,0,0,0,0,0,0,0,0,0,0,0,0,0,0,0,0,0,1,0
1,-0.9158786049378431,0.47886962306293496,-0.658763502546782,1,1,0,0,1,0,0,1,0,0,0,0,0,0,0,0,0,0,0,0,1,0,0,1,0,1,0
0,-0.019135231695857704,-1.5266607506227494,-0.7379978545788836,0,1,1,1,1,0,0,0,1,1,0,1,0,1,0,1,0,1,0,1,0,0,1,0,0,0,1
0,-0.46750691831685043,-1.4751089748480761,-0.8311291002023616,0,1,0,0,1,0,0,0,1,1,0,1,0,1,0,1,0,1,0,1,0,0,0,0,1,0,0
0,1.2036966409068497,-1.4934015404455407,-0.45968498721000095,0,1,1,1,1,0,0,0,1,1,0,1,0,1,0,1,0,1,0,1,0,1,0,0,0,0,0
0,-1.2419671042985652,-1.3420721341392414,-0.9883845833974765,0,0,0,0,0,1,0,0,0,0,0,0,0,0,0,0,0,0,0,0,0,0,0,0,0,1,0
0,-0.22294054379630893,-1.4717830538303551,-0.7521594509053339,0,1,0,1,1,0,0,0,1,1,0,1,0,1,0,1,0,1,0,1,0,0,1,0,0,0,1
0,-1.1196839170382944,0.9977133018273905,-0.8046808852562342,1,1,0,0,1,0,1,1,0,0,0,0,0,0,0,0,0,0,1,0,1,0,0,1,0,0,0
0,-0.3044626686364894,-0.12644800216226346,-0.32936300730864887,0,0,0,0,0,1,0,0,0,0,1,0,1,0,1,0,0,0,1,0,1,1,0,0,0,1,0
0,-1.2419671042985652,0.6933915287059312,-0.9339440542172908,1,0,0,0,1,0,1,1,0,0,0,0,0,0,0,0,0,0,0,0,1,0,0,1,0,1,0
0,0.6738028294456765,1.3901719819184535,1.271162080315302,0,1,0,0,1,0,1,1,0,0,0,0,1,0,0,0,1,0,1,0,1,1,0,1,0,0,0
0,1.24445770332694,1.4433867182019873,1.9823300952136753,0,0,0,0,1,0,1,1,0,0,1,0,1,0,1,0,0,0,1,0,1,0,0,0,1,0,0
0,-1.1604449794583847,-1.4784348958657971,-0.9671642474690574,0,0,0,1,1,0,0,0,1,1,0,1,0,1,0,1,0,1,0,1,0,0,0,0,1,0,0
0,-1.2827281667186554,-0.3176884606812135,-0.9844581594938813,0,0,1,0,1,0,0,0,0,0,0,0,0,0,0,0,0,0,1,0,0,0,0,1,0,0,1
0,-0.8751175425177529,-1.4834237773923784,-0.91709131341759,0,1,0,0,1,0,0,0,1,1,0,1,0,1,0,1,0,1,0,1,0,0,0,0,0,0,1
1,0.7960860167059473,0.2693365989465203,0.680720571171854,0,1,0,0,1,0,1,1,0,0,0,0,0,0,0,0,0,0,0,0,0,0,0,1,0,0,0
1,1.1221745160666692,0.8181135668704638,1.3269702402933692,0,0,1,0,1,0,1,1,0,0,0,0,1,0,0,0,0,0,0,0,1,0,0,0,0,1,0
0,1.2852187657470302,1.3236535615640361,2.0307265786096753,0,1,0,0,1,0,1,1,0,0,0,0,0,0,1,0,1,0,1,0,1,1,0,1,1,0,0
0,0.429236454925135,0.34416982184523986,0.42687064823604504,0,0,1,1,1,0,0,0,0,0,1,0,0,0,1,0,0,0,1,0,1,0,1,0,0,0,0
0,1.1629355784867594,1.2072463259438058,1.8075380558199183,0,0,1,0,1,0,1,1,0,0,0,0,0,0,0,0,1,0,1,0,1,1,0,0,0,0,0
0,-1.2827281667186554,-0.6802138516127882,-0.9892669258477226,1,0,0,0,1,0,0,0,0,0,0,0,0,0,0,0,0,0,0,0,0,0,0,0,0,0,1
1,-1.1196839170382944,0.8197765273793242,-0.7981074340019005,1,1,0,0,1,0,0,1,0,0,0,0,0,0,0,0,0,0,1,0,1,0,0,1,0,1,0
0,1.3667408905872107,0.12964791620224364,0.9532761540528808,0,1,0,0,1,0,1,0,0,0,1,0,1,0,1,0,1,0,0,0,0,0,1,0,0,0,0
0,1.407501953007301,1.5365125066981715,2.220981669443995,0,1,1,0,1,0,0,1,0,0,1,0,1,0,1,0,1,0,1,0,1,0,1,1,0,1,0
0,0.38847539250504476,1.135739024062807,0.8153880876406682,0,0,1,0,1,0,0,1,0,0,0,0,0,0,1,0,1,0,1,0,1,0,1,1,1,0,0
1,-1.2827281667186554,0.7050322522679541,-0.9708921443213471,1,1,1,0,1,0,1,1,0,0,0,0,0,0,0,0,0,0,1,0,0,0,0,1,0,1,0
0,-0.05989629411594795,-1.4584793697594718,-0.7010497644748273,0,0,1,1,1,0,0,0,1,1,0,1,0,1,0,1,0,1,0,1,0,0,1,0,0,0,1
0,-1.0381617921981139,-1.5116941060430058,-0.9344514011261824,0,1,0,0,1,0,0,0,1,1,0,1,0,1,0,1,0,1,0,1,0,0,0,1,0,0,1
0,-1.1604449794583847,-0.675224970086207,-0.931958783704237,1,1,0,0,0,1,0,0,0,0,0,0,0,0,0,0,0,0,1,0,1,0,0,1,0,1,0
0,0.06238689314432279,0.4106882421996572,0.20604239150069728,0,1,1,1,1,0,1,0,0,0,0,0,0,0,1,0,0,0,1,0,1,1,0,0,0,0,0
0,-1.201206041878475,-1.510031145534145,-0.9783038209034146,0,1,0,0,1,0,0,0,1,1,0,1,0,1,0,1,0,1,0,1,0,1,0,1,0,0,1
0,-0.5490290431570309,-1.3304314105772181,-0.8170336795596799,0,0,1,1,0,1,0,0,0,0,0,0,0,0,0,0,0,0,0,0,0,0,0,1,0,0,1
0,-0.05989629411594795,-0.9795467432076665,-0.533492933173089,1,1,1,1,0,1,0,0,0,0,1,0,0,0,0,0,1,0,0,0,0,0,0,0,0,0,0
0,-1.2827281667186554,1.0243206699691578,-0.9666569005601657,1,0,0,0,1,0,1,1,0,0,0,0,0,0,0,0,0,0,1,0,1,0,0,0,0,0,1
0,-1.201206041878475,-0.7816544426532747,-0.9615393143487383,0,1,0,0,0,1,0,0,0,0,1,0,0,0,1,0,1,0,0,0,0,0,0,0,0,0,1
0,0.5515196421854057,-1.505042264007564,-0.6333299814184375,0,1,1,0,1,0,0,0,1,1,0,1,0,1,0,1,0,1,0,1,0,0,0,0,0,1,0
0,-1.2827281667186554,-1.460142330268332,-0.9996123910768585,1,0,0,0,1,0,0,0,1,1,0,1,0,1,0,1,0,1,0,1,0,0,0,0,0,0,1
0,1.4890240778474815,0.6518175159844203,1.5713790990115446,0,0,1,1,1,0,1,1,0,0,1,0,0,0,1,0,0,0,0,0,0,1,0,0,0,0,0
0,-1.1196839170382944,-1.4834237773923784,-0.9604143277246744,0,1,0,0,1,0,0,0,1,1,0,1,0,1,0,1,0,1,0,1,0,0,0,0,0,0,1
0,-1.2827281667186554,-1.5033793034987035,-1.0001859136695184,0,1,0,0,1,0,0,0,1,1,0,1,0,1,0,1,0,1,0,1,0,0,0,0,0,0,0
0,-0.2637016062163992,-1.4701200933214948,-0.7461374636824041,0,1,0,0,1,0,0,0,1,1,0,1,0,1,0,1,0,1,0,1,0,1,0,1,1,0,0
1,-0.9158786049378431,-1.0028281903317124,-0.8633566581976012,1,0,0,0,0,1,0,0,0,0,0,0,0,0,0,0,0,0,0,0,1,0,0,1,0,1,0
0,-0.3044626686364894,1.1457167871159692,0.10002894610362578,0,1,0,0,1,0,0,1,0,0,0,0,0,0,1,0,1,0,1,0,1,0,1,0,0,0,0
0,1.2852187657470302,0.5387362013819106,1.2567137226925218,0,1,1,1,1,0,0,1,0,0,1,0,1,0,0,0,0,0,0,0,0,0,0,0,0,1,0
0,-0.1006573565360382,0.09139982449845344,-0.1264242437520411,0,1,1,1,1,0,1,0,0,0,1,0,1,0,1,0,1,0,0,0,0,0,0,0,0,1,0
0,-0.7935954176775724,0.17621081045033601,-0.597793639234775,0,1,0,0,1,0,0,1,0,0,0,0,0,0,0,0,0,0,0,0,0,0,0,1,0,1,0
0,1.2852187657470302,1.667886386898146,2.254113628450736,0,0,1,0,1,0,1,1,0,0,1,0,1,0,1,0,1,0,1,0,1,1,0,1,0,1,0
0,0.5515196421854057,0.6634582395464431,0.7376757763352411,0,0,0,1,1,0,1,1,0,0,0,0,0,0,1,0,1,0,0,0,0,0,0,1,0,0,0
0,-0.8343564800976626,-1.501716342989843,-0.89375335560858,0,0,0,0,1,0,0,0,1,1,0,1,0,1,0,1,0,1,0,1,0,1,0,0,0,0,1
0,-0.712073292837392,-1.5000533824809827,-0.8776947230141007,1,0,0,0,1,0,0,0,1,1,0,1,0,1,0,1,0,1,0,1,0,0,0,0,0,0,0
0,-0.6305511679972114,0.9212171184198106,-0.3404364050592378,1,1,1,1,1,0,1,1,0,0,0,0,0,0,0,0,0,0,1,0,1,0,0,1,0,1,0
0,-0.7935954176775724,-0.05660366079012513,-0.6485062715626708,0,0,1,1,1,0,0,0,0,0,1,0,0,0,1,0,0,0,0,0,1,0,0,1,0,0,1
0,1.407501953007301,0.3042587696325893,1.1389430641459206,0,0,1,1,1,0,1,0,0,0,1,0,1,0,0,0,1,0,1,0,0,0,1,0,1,0,0
0,-0.34522373105657966,-1.1890797673240812,-0.705329125358521,0,1,1,0,0,1,0,0,0,0,0,0,0,0,1,0,0,0,0,0,0,0,0,0,0,1,0
0,-1.0789228546182041,-0.49229931411155914,-0.8816432054789521,0,1,0,0,1,0,0,0,0,0,0,0,0,0,0,0,1,0,0,0,0,0,0,0,0,0,1
1,0.8368470791260375,-0.15970721233947216,0.4159737189755055,1,1,1,0,1,0,1,0,0,0,1,0,0,0,0,0,1,0,0,0,0,1,0,1,0,1,0
1,-0.6713122304173017,0.3142365326857518,-0.4890449322419406,1,1,1,0,1,0,0,1,0,0,0,0,1,0,0,0,0,0,0,0,0,0,0,1,1,0,0
0,-0.9158786049378431,-1.4917385799366805,-0.9270617831053711,0,1,0,0,1,0,0,0,1,1,0,1,0,1,0,1,0,1,0,1,0,0,0,0,0,1,0
0,-0.7935954176775724,0.32587725624777514,-0.5825732319680295,0,0,0,0,1,0,0,1,0,0,0,0,1,0,0,0,0,0,0,0,0,1,0,1,0,0,1
0,-0.9566396673579334,0.6817508051439078,-0.6741824368648329,1,1,0,0,1,0,1,1,0,0,0,0,0,0,0,0,0,0,1,0,0,0,0,1,0,1,0
0,-0.3044626686364894,0.3142365326857518,-0.18659999885882658,1,0,0,0,1,0,0,0,0,0,1,0,1,0,1,0,1,0,1,0,0,1,0,0,0,0,1
1,-1.0381617921981139,-0.6802138516127882,-0.8915916166054771,0,1,0,0,0,1,0,0,0,0,0,0,1,0,0,0,1,0,0,0,1,0,0,1,0,1,0
0,0.22543114282468377,0.6834137656527687,0.4456866009875436,0,1,1,1,1,0,1,0,0,0,1,0,0,0,1,0,1,0,1,0,1,0,1,1,0,0,0
0,0.429236454925135,0.972768894194484,0.8031676447047595,0,0,1,0,1,0,1,1,0,0,1,0,1,0,0,0,0,0,0,0,1,0,0,1,0,1,0
0,-1.1604449794583847,1.1058057349033188,-0.8340187717269177,1,0,0,1,1,0,0,1,0,0,0,0,0,0,1,0,1,0,1,0,1,0,0,1,0,0,0
0,-0.3044626686364894,1.4650052048171731,0.23041710168874635,0,0,0,0,1,0,1,1,0,0,0,0,1,0,1,0,1,0,1,0,1,0,1,0,0,1,0
0,-0.22294054379630893,-0.2877551715217255,-0.3172969743015332,0,1,0,1,1,0,0,0,0,0,1,0,1,0,0,0,0,0,0,0,0,1,0,0,0,0,1
0,1.6113072651077522,-1.2888573978557074,-0.19204846348909635,0,1,1,1,1,0,1,0,1,1,0,1,0,1,0,1,0,1,0,1,0,0,1,0,0,0,1
0,1.570546202687662,0.6850767261616291,1.6509443294624884,0,1,0,1,1,0,1,1,0,0,1,0,1,0,0,0,0,0,0,0,0,1,0,1,1,0,0
0,-0.34522373105657966,0.8014839617818594,-0.09441727136936309,0,0,0,0,1,0,1,1,0,0,0,0,0,0,1,0,0,0,1,0,0,0,0,1,1,0,0
0,0.7145638918657667,1.4899496124500797,1.44015271809869,1,0,0,0,1,0,1,1,0,0,1,0,1,0,0,0,1,0,1,0,1,0,1,1,0,1,0
0,0.9998913288063985,0.31589949319461214,0.8958356605418585,0,1,0,0,1,0,0,0,0,0,1,0,0,0,1,0,0,0,1,0,1,0,1,1,0,0,0
0,-0.712073292837392,-0.5322103663242095,-0.6837999695725157,0,0,0,0,1,0,0,0,0,0,0,0,1,0,0,0,0,0,0,0,0,0,0,0,0,1,0
0,-1.1604449794583847,0.5071399517135622,-0.8605552209180697,0,1,0,0,1,0,1,1,0,0,1,0,0,0,0,0,0,0,0,0,0,0,0,1,0,1,0
0,-0.1821794813762187,-0.292744053048307,-0.33710556230955857,0,0,0,0,1,0,0,0,0,0,1,0,1,0,0,0,0,0,0,0,0,0,0,0,0,1,0
1,-0.9566396673579334,0.32255133523005397,-0.7340493721140322,1,0,0,0,1,0,1,1,0,0,0,0,0,0,0,0,0,0,0,0,0,0,0,1,0,1,0
0,0.918369203966218,0.8297542904324867,1.179177879877144,0,0,1,0,1,0,1,1,0,0,1,0,0,0,0,0,0,0,1,0,0,0,0,1,0,0,0
0,-1.201206041878475,1.2005944839083638,-0.8632904825138328,1,1,0,0,1,0,1,1,0,0,0,0,0,0,1,0,0,0,1,0,1,0,0,1,0,1,0
0,-0.9158786049378431,0.9993762623362513,-0.5461324887728647,1,1,0,0,1,0,0,1,0,0,0,0,0,0,1,0,0,0,1,0,1,0,0,1,0,1,0
0,0.918369203966218,-1.5216718690961684,-0.5670219462824415,0,1,0,1,1,0,0,0,1,1,0,1,0,1,0,1,0,1,0,1,0,1,0,0,0,0,0
0,-0.5082679807369407,-1.4800978563746574,-0.81359254400372,0,0,1,1,1,0,0,0,1,1,0,1,0,1,0,1,0,1,0,1,0,0,0,0,0,0,1
0,1.2036966409068497,1.3702164558121281,1.9485363793692487,0,0,1,1,1,0,1,1,0,0,0,0,1,0,0,0,1,0,1,0,1,1,0,1,1,0,0
1,-0.019135231695857704,1.3319683641083384,0.4697524913180066,1,1,1,0,1,0,1,1,0,0,0,0,0,0,1,0,1,0,1,0,1,0,0,1,0,1,0
0,0.429236454925135,-1.5033793034987035,-0.6650722510660417,0,0,0,0,1,0,0,0,1,1,0,1,0,1,0,1,0,1,0,1,0,0,1,1,0,0,0
0,-0.9566396673579334,-1.3553758182101248,-0.8942386439562154,1,1,1,0,0,1,0,0,0,0,0,0,0,0,0,0,0,0,0,0,0,1,0,0,0,0,0
0,1.1221745160666692,-0.16635905437491375,0.5279429759117381,0,0,1,0,1,0,0,0,0,0,1,0,1,0,0,0,1,0,0,0,0,0,1,0,0,0,0
0,1.0406523912264887,0.7066952127768144,1.1486929482211403,0,1,1,0,1,0,1,0,0,0,1,0,1,0,1,0,0,0,1,0,1,0,1,1,0,1,0
0,-1.0381617921981139,-1.510031145534145,-0.948524763207608,0,1,0,1,1,0,0,0,1,1,0,1,0,1,0,1,0,1,0,1,0,1,0,0,0,0,1
0,-1.2419671042985652,1.0725465247261101,-0.927613247136775,0,1,1,1,1,0,0,1,0,0,1,0,0,0,0,0,0,0,1,0,1,0,0,0,0,1,0
1,0.18467008040459354,-0.9379727304861557,-0.4287147672063621,0,1,0,0,0,1,0,0,0,0,0,0,1,0,1,0,0,0,0,0,0,0,0,0,0,1,0
1,1.3259798281671205,1.2987091539311295,1.9765948692870754,0,0,1,1,1,0,1,1,0,0,0,0,0,0,1,0,1,0,1,0,1,1,0,1,0,0,0
0,0.26619220524477405,-1.5000533824809827,-0.6744691981611629,0,0,1,1,1,0,0,0,1,1,0,1,0,1,0,1,0,1,0,1,0,0,1,0,0,0,1
0,1.3667408905872107,1.3036980354577106,2.0308148128546994,1,1,1,0,1,0,1,1,0,0,0,0,1,0,0,0,1,0,1,0,1,1,0,1,0,1,0
0,1.4482630154273912,-1.340409173630381,-0.2776577397242262,0,1,0,0,1,0,1,0,1,1,0,1,0,1,0,1,0,1,0,1,0,0,1,0,0,0,1
0,1.2036966409068497,-0.5371992478507907,0.31843076110079693,0,0,1,1,0,1,0,0,0,0,1,0,1,0,0,0,1,0,1,0,0,0,1,0,0,0,0
0,-1.201206041878475,0.781528435675534,-0.8932460086996886,1,1,0,0,1,0,0,1,0,0,0,0,0,0,1,0,1,0,1,0,0,0,0,1,0,0,1
0,1.6113072651077522,1.4866236914323585,2.593352242009114,0,0,1,0,1,0,1,1,0,0,1,0,1,0,1,0,0,0,1,0,1,0,1,1,0,1,0
0,0.3477143300849545,-1.4701200933214948,-0.622587462086691,0,0,1,0,1,0,0,0,1,1,0,1,0,1,0,1,0,1,0,1,0,0,1,0,1,0,0
0,-0.14141841895612844,0.9910614597919492,0.15987382279156898,1,1,1,1,1,0,0,1,0,0,1,0,0,0,0,0,0,0,1,0,1,0,0,0,1,0,0
0,-1.1604449794583847,-0.32101438169893415,-0.9115104974197832,0,0,0,0,1,0,0,0,0,0,1,0,1,0,0,0,0,0,0,0,0,0,0,0,0,1,0
0,0.8368470791260375,-1.3570387787189853,-0.43449411025547413,0,1,0,0,1,0,1,0,1,1,0,1,0,1,0,1,0,1,0,1,0,1,0,0,0,0,0
1,-1.2827281667186554,0.31756245370347297,-0.9760317890940308,1,1,1,0,1,0,1,1,0,0,0,0,0,0,0,0,0,0,0,0,0,0,0,1,0,1,0
0,0.3477143300849545,0.5004881096781209,0.4585688007611369,1,0,1,1,1,0,1,0,0,0,1,0,1,0,1,0,1,0,0,0,1,0,0,0,1,0,0
0,0.26619220524477405,-1.4767719353569364,-0.6603296603959689,0,1,1,0,1,0,0,0,1,1,0,1,0,1,0,1,0,1,0,1,0,0,1,1,0,0,0
0,1.24445770332694,-1.516682987569587,-0.4628393614696308,0,1,1,0,1,0,0,0,1,1,0,1,0,1,0,1,0,1,0,1,0,0,1,0,0,0,1
0,-0.712073292837392,-1.2805425953114051,-0.8418275024115959,0,1,0,0,1,0,1,0,1,1,0,1,0,1,0,1,0,1,0,1,0,0,0,1,0,1,0
0,-0.7935954176775724,-0.7001693777191135,-0.7473948016740047,0,0,1,0,1,0,0,0,0,0,0,0,0,0,0,0,0,0,0,0,0,1,0,0,0,1,0
0,-1.2827281667186554,-0.48897339309383825,-0.986730191303265,0,1,0,0,1,0,0,0,0,0,0,0,1,0,0,0,0,0,0,0,0,0,0,1,0,0,1
0,-1.2827281667186554,-1.4767719353569364,-0.9998329766894201,0,1,0,0,1,0,0,0,1,1,0,1,0,1,0,1,0,1,0,1,0,0,1,0,0,0,1
1,-0.9974007297780236,0.16124416587059198,-0.7614240466329182,1,1,0,0,1,0,0,1,0,0,0,0,0,0,0,0,0,0,0,0,0,0,0,1,0,1,0
0,1.1221745160666692,-0.11480727860024036,0.596236281560788,0,1,0,0,1,0,0,0,0,0,1,0,1,0,1,0,0,0,0,0,0,0,1,0,0,1,0
1,-0.8343564800976626,1.1058057349033188,-0.5411251953677179,1,0,1,0,1,0,1,1,0,0,0,0,1,0,1,0,0,0,1,0,0,0,0,1,0,1,0
0,0.30695326766486425,0.19616633655666102,0.28013709876011517,0,1,1,0,1,0,1,0,0,0,0,0,1,0,0,0,1,0,1,0,0,1,0,0,1,0,0
0,1.3667408905872107,-0.12312208114454254,0.7635284101274524,0,0,0,0,1,0,0,0,0,0,1,0,1,0,1,0,0,0,0,0,0,0,1,1,0,0,0
0,0.38847539250504476,-1.4834237773923784,-0.6316976478854821,0,1,1,1,1,0,0,0,1,1,0,1,0,1,0,1,0,1,0,1,0,1,0,0,0,0,1
1,1.3667408905872107,-0.03332221366607895,0.8327481753492608,0,0,0,0,1,0,1,0,0,0,1,0,1,0,0,0,1,0,0,0,0,1,0,1,1,0,0
0,0.6738028294456765,1.1257612610096444,1.1619501435360884,0,1,0,0,1,0,1,1,0,0,0,0,1,0,0,0,0,0,1,0,1,0,0,0,0,1,0
0,-1.2827281667186554,-1.4751089748480761,-0.9998109181281638,1,0,0,0,1,0,0,0,1,1,0,1,0,1,0,1,0,1,0,1,0,0,0,0,0,0,1
0,0.3477143300849545,-1.4917385799366805,-0.6513738845259707,0,0,0,0,1,0,0,0,1,1,0,1,0,1,0,1,0,1,0,1,0,0,1,0,0,0,1
0,0.3477143300849545,-1.5150200270607266,-0.6680942739581346,0,0,1,1,1,0,0,0,1,1,0,1,0,1,0,1,0,1,0,1,0,0,1,0,0,0,0
0,-0.3859847934766699,0.65015455547556,-0.15437244086358703,0,0,1,1,1,0,0,1,0,0,1,0,1,0,0,0,1,0,0,0,0,0,0,0,0,0,1
0,-1.201206041878475,-1.322116608032916,-0.9736494644783662,0,1,0,0,0,1,0,0,0,0,0,0,0,0,0,0,0,0,0,0,0,0,0,0,0,1,0
0,-1.1604449794583847,-0.5521658924305347,-0.9196280479620476,0,0,0,0,0,1,0,0,0,0,1,0,0,0,1,0,1,0,0,0,1,0,0,0,0,0,1
0,0.7960860167059473,-1.4967274614632617,-0.5365811317489504,0,0,1,1,1,0,0,0,1,1,0,1,0,1,0,1,0,1,0,1,0,0,1,0,0,0,1
1,-1.1604449794583847,1.1556945501691318,-0.8554817518291545,1,0,1,0,1,0,1,1,0,0,1,0,0,0,0,0,0,0,1,0,1,0,0,1,0,1,0
0,-0.8751175425177529,0.9760948152122051,-0.5677278202426383,0,0,0,0,1,0,0,1,0,0,0,0,1,0,1,0,1,0,0,0,1,0,0,1,0,1,0
0,-1.2419671042985652,-0.08986287096733384,-0.9589584626817684,0,0,1,0,1,0,0,0,0,0,1,0,0,0,0,0,0,0,0,0,1,0,0,1,0,0,1
0,-0.2637016062163992,0.48053258357179535,-0.1195419726401214,0,0,1,0,1,0,1,1,0,0,0,0,1,0,0,0,0,0,0,0,0,0,0,0,0,0,0
0,-0.34522373105657966,-0.28609221101286514,-0.36728167410797596,0,1,1,1,1,0,0,0,0,0,1,0,0,0,1,0,0,0,0,0,0,1,0,1,1,0,0
0,-0.8343564800976626,-1.481760816883518,-0.9000179870053275,0,0,0,0,1,0,0,0,1,1,0,1,0,1,0,1,0,1,0,1,0,0,0,0,0,0,1
1,1.1221745160666692,1.135739024062807,1.6460693874248784,0,1,1,0,1,0,1,1,0,0,0,0,0,0,0,0,1,0,1,0,1,0,0,1,0,1,0
0,1.2852187657470302,0.8563616585742535,1.5576366153489611,0,0,1,1,1,0,1,0,0,0,1,0,1,0,1,0,1,0,1,0,1,0,1,1,0,0,1
0,1.3667408905872107,0.700043370741373,1.4596304276878733,0,1,1,0,1,0,0,0,0,0,1,0,1,0,1,0,1,0,1,0,1,0,1,1,0,0,0
0,1.1221745160666692,0.4772066625540746,1.0933259594681963,0,0,0,0,1,0,1,1,0,0,0,0,0,0,1,0,0,0,0,0,0,1,0,1,0,0,0
0,-0.6305511679972114,0.18286265248577738,-0.47872152557406095,0,1,1,1,1,0,1,0,0,0,1,0,0,0,1,0,0,0,1,0,0,1,0,1,0,0,0
0,0.38847539250504476,-1.513357066551866,-0.6262271246939562,0,1,1,1,1,0,0,0,1,1,0,1,0,1,0,1,0,1,0,1,0,0,1,0,0,0,1
0,-1.2827281667186554,-0.48897339309383825,-0.986730191303265,0,1,0,0,1,0,1,0,0,0,0,0,0,0,0,0,0,0,0,0,0,0,0,1,0,1,0
0,0.592280704605496,-0.03498517417493953,0.31785723850813685,0,0,1,1,1,0,0,0,0,0,0,0,1,0,0,0,1,0,0,0,1,0,1,0,0,0,0
0,-0.9158786049378431,-1.4734460143392158,-0.897348901093333,0,0,1,0,1,0,0,0,1,1,0,1,0,1,0,1,0,1,0,1,0,0,0,1,0,0,1
1,1.5297851402675717,0.7881802777109758,1.7733914029953939,0,1,1,0,1,0,1,0,0,0,1,0,1,0,1,0,1,0,1,0,1,0,1,1,1,0,0
1,1.407501953007301,1.2155611284881078,2.009219481384926,0,1,0,0,1,0,1,1,0,0,0,0,0,0,1,0,0,0,1,0,1,0,0,1,1,0,0
0,-1.2827281667186554,0.5686694905413986,-0.9727009463443518,1,0,0,0,1,0,0,1,0,0,0,0,0,0,0,0,0,0,0,0,1,0,0,1,0,1,0
0,-1.0381617921981139,0.14960344230856867,-0.809842588590174,1,1,1,0,1,0,0,1,0,0,0,0,0,0,0,0,0,0,0,0,0,0,0,1,0,1,0
0,-1.2827281667186554,-0.6735620095773465,-0.9891786916026981,0,1,0,0,1,0,0,0,0,0,0,0,0,0,0,0,0,0,0,0,0,0,0,0,0,0,1
0,-1.1604449794583847,-0.03664813468379987,-0.9090619971203504,0,1,0,0,1,0,0,0,0,0,0,0,1,0,0,0,1,0,1,0,0,0,0,1,0,0,0
0,1.3667408905872107,1.476645928379196,2.1157402736908884,0,0,1,1,1,0,1,1,0,0,1,0,1,0,1,0,0,0,1,0,1,0,1,0,0,0,0
0,-0.8343564800976626,0.6568063975110013,-0.560029382364241,0,0,0,0,1,0,0,1,0,0,0,0,1,0,0,0,0,0,0,0,1,0,0,1,0,1,0
0,-0.34522373105657966,-1.4767719353569364,-0.7762032826745406,0,0,0,0,1,0,0,0,1,1,0,1,0,1,0,1,0,1,0,1,0,1,0,0,1,0,0
0,-0.2637016062163992,0.6950544892147915,-0.06188089351653738,0,1,0,0,1,0,0,1,0,0,0,0,1,0,0,0,0,0,1,0,0,0,0,1,0,1,0
0,-1.0789228546182041,0.8729912636628578,-0.8079896694446571,1,0,0,0,1,0,0,1,0,0,0,0,0,0,0,0,0,0,1,0,1,0,0,1,0,1,0
0,0.9998913288063985,1.4334089551488247,1.6248711100577158,0,1,1,0,1,0,1,1,0,0,0,0,0,0,1,0,1,0,1,0,1,0,1,0,0,1,0
0,-0.7528343552574821,0.7066952127768144,-0.4637658210423893,1,1,1,0,1,0,1,1,0,0,0,0,0,0,0,0,0,0,1,0,0,0,0,1,0,1,0
0,0.38847539250504476,-1.3936239099139147,-0.5613970131621225,0,0,1,1,1,0,1,0,1,1,0,1,0,1,0,1,0,1,0,1,0,0,1,0,0,1,0
0,-0.3044626686364894,0.9927244203008095,0.033235622619994395,1,1,0,0,1,0,1,1,0,0,0,0,0,0,0,0,0,0,1,0,1,0,0,1,0,0,0
0,1.2852187657470302,-1.510031145534145,-0.46813341617110754,0,0,1,0,1,0,0,0,1,1,0,1,0,1,0,1,0,1,0,1,0,0,1,0,1,0,0
0,-0.4267458558967602,0.6734360025996057,-0.18223240373010824,1,1,1,0,1,0,1,1,0,0,0,0,0,0,0,0,0,0,0,0,1,0,0,1,0,1,0
0,-0.5490290431570309,-1.501716342989843,-0.8383422497331237,0,1,0,0,1,0,0,0,1,1,0,1,0,1,0,1,0,1,0,1,0,1,0,1,1,0,0
0,1.1629355784867594,1.1407279055893882,1.6426061933076628,1,0,1,1,1,0,1,1,0,0,0,0,1,0,0,0,0,0,1,0,1,0,0,1,0,1,0
0,-0.4267458558967602,0.7366285019363024,-0.19240140046919477,0,1,1,0,1,0,0,1,0,0,0,0,0,0,1,0,0,0,1,0,0,0,0,1,0,0,0
1,1.5297851402675717,1.2671129042627813,2.1241225269682267,1,1,1,0,1,0,1,1,0,0,0,0,1,0,1,0,0,0,1,0,1,0,0,1,0,1,0
0,-0.8343564800976626,0.5021510701869811,-0.5485368719497853,0,1,0,0,1,0,0,1,0,0,0,0,0,0,0,0,0,0,0,0,1,0,0,1,0,0,0
0,-0.05989629411594795,-0.02833333213949769,-0.16588700983929888,0,0,1,0,1,0,0,0,0,0,1,0,0,0,0,0,1,0,0,0,1,1,0,1,0,1,0
0,-0.8751175425177529,0.0015999570199903275,-0.692932213932563,0,0,0,0,1,0,0,0,0,0,0,0,0,0,0,0,0,0,1,0,1,0,0,1,0,1,0
0,1.4482630154273912,-1.3004981214177305,-0.2649740670019382,0,1,1,1,1,0,1,0,1,1,0,1,0,1,0,1,0,1,0,1,0,0,1,0,0,0,1
1,1.6113072651077522,0.84139501399451,1.9542495467345926,0,0,1,1,1,0,1,0,0,0,1,0,1,0,1,0,1,0,1,0,1,0,1,1,0,0,0
1,1.407501953007301,1.7044715180930754,2.4498613010378385,0,1,0,0,1,0,1,1,0,0,1,0,1,0,1,0,1,0,1,0,1,0,1,1,1,0,0
0,1.1221745160666692,1.3336313246171987,1.7426197100430605,0,0,0,0,1,0,0,1,0,0,1,0,0,0,1,0,1,0,1,0,1,0,0,1,0,0,0
0,-1.2827281667186554,-0.6585953649976026,-0.9889801645513926,1,1,0,0,1,0,0,0,0,0,0,0,0,0,0,0,0,0,0,0,0,0,0,1,0,0,1
1,-1.2827281667186554,0.20448113910096322,-0.9775317712594492,1,0,0,1,1,0,0,1,0,0,0,0,0,0,0,0,0,0,0,0,0,0,0,1,0,1,0
0,1.0406523912264887,-0.4939622746204195,0.27929887343238136,0,1,1,1,0,1,0,0,0,0,1,0,1,0,1,0,0,0,1,0,0,1,0,0,0,0,1
1,0.592280704605496,0.18951449452121918,0.45109094849530107,1,0,1,1,1,0,0,1,0,0,0,0,0,0,0,0,0,0,0,0,0,0,0,0,0,0,0
0,-1.2827281667186554,0.493836267642679,-0.9736935816008787,1,0,0,0,1,0,0,1,0,0,0,0,0,0,0,0,0,0,0,0,1,0,0,1,0,1,0
0,-0.4267458558967602,-0.1946293830255412,-0.45531739208128263,1,1,0,0,1,0,1,0,0,0,1,0,1,0,0,0,0,0,0,0,0,0,0,0,0,1,0
0,0.6330417670255862,-0.1497294492863094,0.26895340820324565,1,0,0,0,1,0,0,0,0,0,1,0,0,0,1,0,1,0,0,0,0,1,0,1,1,0,0
0,0.18467008040459354,-1.4967274614632617,-0.6923145742173907,0,0,1,0,1,0,0,0,1,1,0,1,0,1,0,1,0,1,0,1,0,1,0,1,0,0,0
0,-0.7935954176775724,-1.4934015404455407,-0.8968856713069538,0,1,0,0,1,0,0,0,1,1,0,1,0,1,0,1,0,1,0,1,0,1,0,1,0,1,0
0,0.429236454925135,-1.2772166742936844,-0.5191328097953334,0,1,0,0,1,0,1,0,1,1,0,1,0,1,0,1,0,1,0,1,0,0,1,0,0,0,0
0,-1.0789228546182041,-0.048288858245822956,-0.8549744049202631,0,0,0,0,0,1,0,0,0,0,1,0,1,0,1,0,1,0,1,0,1,0,1,1,0,0,1
0,1.570546202687662,-0.36258839442044505,0.7067055563316024,0,1,0,0,0,1,0,0,0,0,1,0,1,0,1,0,1,0,1,0,0,0,1,0,0,0,0
1,-1.2827281667186554,0.14627752129084798,-0.9783038209034146,1,0,1,1,1,0,0,1,0,0,0,0,0,0,0,0,0,0,0,0,0,0,0,1,0,1,0
0,1.6113072651077522,1.0060281043716928,2.010145940957684,0,0,1,1,1,0,1,1,0,0,1,0,1,0,0,0,0,0,1,0,0,0,1,1,0,1,0
1,-1.0789228546182041,0.30758469065030997,-0.8099308228351986,0,0,0,0,1,0,0,1,0,0,1,0,0,0,0,0,0,0,0,0,0,0,0,1,0,1,0
0,-0.8343564800976626,-0.9762208221899457,-0.8181586661837437,0,1,1,1,0,1,0,0,0,0,0,0,1,0,0,0,1,0,0,0,0,0,0,0,0,0,1
0,-0.3044626686364894,0.20281817859210285,-0.22915096352194578,1,1,0,0,1,0,0,1,0,0,0,0,0,0,0,0,0,0,0,0,0,0,0,0,0,0,1
0,-0.46750691831685043,0.4772066625540746,-0.24013612702750992,0,0,1,0,1,0,0,1,0,0,0,0,0,0,1,0,1,0,0,0,0,1,0,0,0,1,0
0,-1.0789228546182041,-0.53387332683307,-0.8776726644528445,0,0,1,1,1,0,0,0,0,0,0,0,0,0,0,0,1,0,0,0,0,0,0,1,0,0,1
0,-0.5082679807369407,0.8031469222907198,-0.2057247714679112,1,1,1,0,1,0,0,1,0,0,0,0,0,0,0,0,0,0,1,0,1,0,0,1,0,0,1
0,-0.5897901055771212,1.1490427081336905,-0.2399155414149484,1,1,1,0,1,0,1,1,0,0,1,0,0,0,0,0,0,0,1,0,1,0,0,1,0,1,0
0,0.429236454925135,-0.312699579154632,0.06947783876385386,0,0,0,0,1,0,0,0,0,0,0,0,1,0,0,0,1,0,0,0,0,1,0,0,0,1,0
0,0.10314795556441304,-1.3121388449797535,-0.5898304986213038,0,0,1,1,1,0,1,0,1,1,0,1,0,1,0,1,0,1,0,1,0,0,1,1,1,0,0
0,-1.2827281667186554,0.28762916454398496,-0.9764288431966416,1,0,0,0,1,0,0,1,0,0,0,0,0,0,1,0,0,0,0,0,0,0,0,0,0,0,0
1,-0.019135231695857704,0.952813368088159,0.3017765473524014,0,1,1,0,1,0,1,1,0,0,0,0,1,0,1,0,0,0,0,0,1,0,0,1,0,1,0
0,0.7960860167059473,-0.03165925315721861,0.46242904898096365,0,1,0,0,0,1,0,0,0,0,1,0,1,0,1,0,1,0,1,0,1,0,1,0,1,0,0
0,-0.019135231695857704,-6.300348887048559e-05,-0.1216816530819682,0,1,0,0,1,0,0,0,0,0,0,0,0,0,0,0,0,0,1,0,1,1,0,1,0,0,0
0,1.6113072651077522,-0.03498517417493953,1.0577234416007655,0,0,1,1,0,1,0,0,0,0,1,0,1,0,1,0,1,0,1,0,1,0,1,1,0,0,0
0,0.755324954285857,-0.6785508911039276,-0.04641784207597404,0,1,0,0,0,1,0,0,0,0,1,0,0,0,0,0,1,0,0,0,1,0,0,1,1,0,0
0,1.4482630154273912,-1.4934015404455407,-0.4338985291015581,0,1,1,1,1,0,0,0,1,1,0,1,0,1,0,1,0,1,0,1,0,0,1,1,0,0,0
1,-0.9974007297780236,-0.7151360222988573,-0.8450039352324819,0,1,1,0,0,1,0,0,0,0,0,0,1,0,1,0,0,0,0,0,1,0,0,1,0,0,1
0,0.6738028294456765,-0.5056029981824426,0.05432360718087677,0,1,1,0,0,1,0,0,0,0,0,0,1,0,0,0,0,0,1,0,1,0,1,0,1,0,0
0,1.6113072651077522,0.6734360025996057,1.7067304308792992,0,0,1,0,1,0,0,0,0,0,1,0,1,0,1,0,1,0,1,0,1,0,1,0,0,0,1
0,-0.9566396673579334,1.0193317884425763,-0.6430798654936571,1,1,0,0,1,0,1,1,0,0,0,0,0,0,0,0,0,0,1,0,1,0,0,1,0,1,0
0,-0.1821794813762187,0.9145652763843688,0.13946965362962743,1,0,1,0,1,0,0,1,0,0,1,0,0,0,0,0,0,0,1,0,1,0,0,1,0,0,1
0,0.8776081415461278,0.8297542904324867,1.0500911794061363,0,1,0,0,1,0,0,1,0,0,1,0,0,0,1,0,0,0,1,0,0,0,0,0,0,0,1
0,-0.8751175425177529,0.32255133523005397,-0.6449989603229425,1,1,0,0,1,0,0,1,0,0,0,0,1,0,0,0,0,0,0,0,0,0,0,1,0,1,0
0,0.7145638918657667,1.270438825280502,1.2647209804285053,0,0,1,1,1,0,0,1,0,0,0,0,0,0,1,0,1,0,1,0,1,1,0,0,0,0,1
0,1.4890240778474815,1.7011455970753546,2.601183031255048,0,0,1,0,1,0,1,1,0,0,1,0,1,0,1,0,1,0,1,0,1,0,1,1,0,1,0
0,-1.2827281667186554,0.16789600790603382,-0.9780170596070846,0,1,0,0,1,0,0,1,0,0,0,0,0,0,0,0,0,0,0,0,0,0,0,1,0,1,0
0,1.4482630154273912,1.0060281043716928,1.939668837744275,0,1,1,1,1,0,0,1,0,0,1,0,1,0,0,0,1,0,0,0,1,0,1,0,0,0,0
0,0.30695326766486425,-0.8182395738482043,-0.31884107358946395,0,1,0,1,0,1,0,0,0,0,1,0,1,0,0,0,1,0,0,0,0,1,0,0,0,0,1
0,-0.05989629411594795,-1.3004981214177305,-0.6755059505402021,0,1,1,1,1,0,1,0,1,1,0,1,0,1,0,1,0,1,0,1,0,0,1,0,0,0,1
1,0.021625830724232544,1.3469350086880818,0.519825425369474,0,0,0,1,1,0,1,1,0,0,0,0,1,0,1,0,0,0,1,0,1,0,0,1,0,0,0
1,0.918369203966218,1.6213234926500537,1.7673032400886957,0,1,1,0,1,0,1,1,0,0,0,0,1,0,1,0,1,0,1,0,1,0,1,1,0,1,0
0,1.4482630154273912,-1.3587017392278458,-0.27461365827087714,0,1,1,1,1,0,1,0,1,1,0,1,0,1,0,1,0,1,0,1,0,0,1,1,0,0,0
0,-0.8343564800976626,-1.5116941060430058,-0.9214589085463083,0,0,1,1,1,0,0,0,1,1,0,1,0,1,0,1,0,1,0,1,0,0,0,0,0,0,0
0,1.570546202687662,0.7066952127768144,1.6584221817283242,0,1,1,0,1,0,0,0,0,0,1,0,1,0,1,0,1,0,1,0,1,0,1,1,0,0,0
0,0.30695326766486425,1.2571351412096188,0.8035426402461139,0,1,0,0,1,0,1,1,0,0,0,0,1,0,1,0,0,0,1,0,1,0,0,1,0,0,1
0,1.2852187657470302,0.9311948814729731,1.629679876411557,0,0,1,1,1,0,1,1,0,0,0,0,1,0,1,0,0,0,0,0,1,1,0,1,0,1,0
0,0.8368470791260375,1.094165011341296,1.2160597942974316,0,1,1,0,1,0,1,1,0,0,0,0,1,0,0,0,1,0,0,0,1,1,0,0,0,0,0
1,-0.8343564800976626,0.6301990293692344,-0.5545588591727151,1,1,0,0,1,0,0,1,0,0,0,0,1,0,1,0,1,0,0,0,0,0,0,1,0,0,1
1,0.8368470791260375,-0.34595878933184065,0.2504903924318456,1,1,0,0,0,1,0,0,0,0,0,0,1,0,1,0,0,0,1,0,1,0,0,1,0,1,0
0,1.6113072651077522,1.1008168533767377,2.1297474600885455,0,1,1,0,1,0,1,1,0,0,1,0,1,0,1,0,0,0,1,0,0,0,1,1,1,0,0
0,0.5515196421854057,-1.4934015404455407,-0.6086905684953147,0,1,0,0,1,0,0,0,1,1,0,1,0,1,0,1,0,1,0,1,0,0,1,0,0,1,0
0,0.30695326766486425,-1.3387462131215204,-0.5791762135345818,0,1,0,0,1,0,1,0,1,1,0,1,0,1,0,1,0,1,0,1,0,0,1,1,0,0,1
0,-0.8343564800976626,-0.46236602495207113,-0.7416154586248926,0,1,0,0,0,1,0,0,0,0,1,0,1,0,0,0,1,0,1,0,0,0,0,1,0,0,0
0,-0.9566396673579334,0.35747350591612304,-0.7169981042630259,0,1,0,0,1,0,0,1,0,0,1,0,0,0,0,0,0,0,0,0,0,0,0,0,0,1,0
0,0.755324954285857,0.528758438328748,0.8074028884659407,0,0,1,1,1,0,1,1,0,0,0,0,0,0,0,0,1,0,0,0,0,0,0,1,0,1,0
0,0.6738028294456765,0.8497098165388122,0.9740553187561767,0,1,1,1,1,0,0,1,0,0,0,0,1,0,1,0,0,0,1,0,0,0,0,1,1,0,0
1,0.3477143300849545,1.1623463922045736,0.8702256709234647,1,1,1,0,1,0,1,1,0,0,0,0,0,0,1,0,0,0,1,0,1,0,0,1,0,1,0
0,0.9591302663863083,-0.15305537030403032,0.43939991102954,0,0,0,0,1,0,0,0,0,0,1,0,0,0,1,0,1,0,0,0,0,1,0,1,1,0,0
0,-1.1604449794583847,-1.4850867379012387,-0.9842816910038321,0,1,0,0,1,0,0,0,1,1,0,1,0,1,0,1,0,1,0,1,0,0,0,1,0,1,0
0,-0.5082679807369407,-0.023344450612916196,-0.4466042603851022,0,1,1,0,1,0,0,0,0,0,1,0,0,0,0,0,1,0,0,0,1,1,0,1,0,0,1
0,-0.2637016062163992,-1.4834237773923784,-0.7909384015936508,0,0,1,1,1,0,0,0,1,1,0,1,0,1,0,1,0,1,0,1,0,0,0,1,1,0,0
0,-0.5082679807369407,1.3635646137766861,-0.02078579389632427,1,0,1,1,1,0,1,1,0,0,0,0,1,0,1,0,0,0,1,0,1,0,0,1,0,0,0
0,-1.0381617921981139,0.35248462438954203,-0.7967618617652752,1,0,0,0,1,0,1,1,0,0,0,0,0,0,0,0,0,0,0,0,0,0,0,0,0,0,1
0,-1.0381617921981139,0.9644540916501818,-0.7284464975549694,1,1,0,0,1,0,1,1,0,0,0,0,0,0,0,0,0,0,1,0,1,0,0,1,0,1,0
0,0.755324954285857,1.135739024062807,1.21383187961056,0,1,0,0,1,0,0,1,0,0,0,0,1,0,1,0,0,0,1,0,1,0,0,1,0,1,0
0,-1.1604449794583847,0.513791793749004,-0.8658272170582904,0,0,0,0,1,0,1,1,0,0,0,0,1,0,0,0,0,0,0,0,0,0,0,1,0,0,1
0,-1.2827281667186554,-1.5067052245164245,-1.0002300307920307,0,0,0,0,1,0,0,0,1,1,0,1,0,1,0,1,0,1,0,1,0,0,0,0,1,0,0
0,-0.22294054379630893,1.193942641872922,0.22357894769933892,0,1,1,1,1,0,1,1,0,0,1,0,1,0,0,0,1,0,1,0,0,0,0,0,0,1,0
0,-0.4267458558967602,1.193942641872922,-0.084601211610375,1,1,0,0,1,0,1,1,0,0,1,0,0,0,0,0,0,0,1,0,1,0,0,1,0,1,0
0,-0.8343564800976626,-0.3692402364558869,-0.7226892130671133,0,1,0,0,1,0,0,0,0,0,0,0,1,0,0,0,1,0,0,0,0,0,0,1,0,0,1
0,-1.201206041878475,-1.1258872679873848,-0.9669216032952396,1,0,1,1,0,1,0,0,0,0,0,0,0,0,0,0,1,0,0,0,0,0,0,1,0,0,1
0,0.06238689314432279,-1.3054870029443117,-0.6042347391215717,0,0,1,1,1,0,1,0,1,1,0,1,0,1,0,1,0,1,0,1,0,1,0,1,1,0,0
0,-0.34522373105657966,-0.2162478696407268,-0.4146414051249364,0,1,1,0,1,0,1,0,0,0,1,0,0,0,0,0,1,0,0,0,0,1,0,1,0,1,0
0,0.755324954285857,0.5038140306958415,0.862747818657629,1,1,0,0,1,0,1,1,0,0,0,0,0,0,1,0,0,0,0,0,0,0,0,0,1,0,0
1,-0.7528343552574821,-0.6153583917672312,-0.7120790451029038,0,0,0,0,0,1,0,0,0,0,0,0,0,0,0,0,0,0,1,0,1,0,0,1,0,1,0
0,1.081413453646579,1.6263123741766352,1.8857797725954932,0,1,1,0,1,0,1,1,0,0,1,0,1,0,1,0,1,0,1,0,1,0,1,0,0,1,0
0,-1.201206041878475,0.8497098165388122,-0.890422512858901,0,1,0,0,1,0,0,1,0,0,0,0,1,0,1,0,0,0,0,0,1,0,0,0,0,1,0
0,1.3259798281671205,1.4783088888880562,2.2282609946585255,0,0,1,1,1,0,1,1,0,0,1,0,0,0,1,0,1,0,1,0,1,0,1,0,0,1,0
1,-1.1196839170382944,0.17953673146805668,-0.8624301986248427,1,1,0,0,1,0,0,1,0,0,0,0,0,0,0,0,0,0,0,0,0,0,0,1,0,0,1
0,1.081413453646579,0.8463838955210911,1.2826104736072454,0,0,1,1,1,0,1,0,0,0,1,0,1,0,1,0,1,0,1,0,1,0,1,0,1,0,0
0,1.6113072651077522,0.013240680582013184,0.9670848133992327,0,1,1,1,0,1,0,0,0,0,1,0,1,0,1,0,1,0,1,0,1,0,1,1,1,0,0
0,1.2036966409068497,1.173987115766597,1.763156230572539,1,0,1,1,1,0,0,1,0,0,0,0,1,0,1,0,0,0,1,0,1,0,0,1,0,1,0
0,-0.1821794813762187,0.9860725782653676,0.16439582784908033,1,1,0,0,1,0,1,1,0,0,1,0,1,0,0,0,0,0,0,0,1,0,0,1,1,0,0
0,-1.201206041878475,-0.13975168623314688,-0.9219883140164559,0,1,0,0,1,0,0,0,0,0,0,0,0,0,0,0,1,0,0,0,1,0,0,0,0,0,1
0,-0.5490290431570309,-1.3553758182101248,-0.8150925261691384,0,1,0,1,1,0,1,0,1,1,0,1,0,1,0,1,0,1,0,1,0,0,0,1,1,0,0
0,-1.2827281667186554,-1.5083681850252848,-1.000252089353287,0,1,0,0,1,0,0,0,1,1,0,1,0,1,0,1,0,1,0,1,0,0,0,1,0,0,1
0,-0.34522373105657966,0.7017063312502334,-0.07924098122512978,0,1,0,0,1,0,0,1,0,0,0,0,1,0,1,0,1,0,0,0,0,0,0,1,0,1,0
1,0.9998913288063985,-0.37755503900018905,0.3304526769854003,0,1,0,0,1,0,0,0,0,0,0,0,0,0,1,0,1,0,0,0,0,1,0,1,0,1,0
0,1.6113072651077522,-1.310475884470893,-0.18543089511225042,0,0,0,0,1,0,1,0,1,1,0,1,0,1,0,1,0,1,0,1,0,0,1,0,1,0,0
0,1.407501953007301,-1.4751089748480761,-0.37756096365334324,0,1,0,0,1,0,0,0,1,1,0,1,0,1,0,1,0,1,0,1,0,0,1,0,0,0,0
0,0.7960860167059473,-1.463468251286053,-0.536095843401315,0,1,1,1,1,0,0,0,1,1,0,1,0,1,0,1,0,1,0,1,0,1,0,1,1,0,0
0,1.570546202687662,0.8330802114502078,1.8398538480601825,0,1,1,1,1,0,1,0,0,0,1,0,1,0,1,0,1,0,1,0,1,0,1,0,1,0,0
0,-0.2637016062163992,-1.2921833188734282,-0.707071751697757,0,0,1,0,1,0,1,0,1,1,0,1,0,1,0,1,0,1,0,1,0,1,0,0,0,0,1
0,0.10314795556441304,1.6080198085791704,0.7179113054497281,0,0,0,0,1,0,1,1,0,0,1,0,1,0,1,0,1,0,1,0,1,0,1,1,0,0,1
0,0.918369203966218,0.13962567925540614,0.6863896214146853,0,0,1,1,1,0,0,1,0,0,0,0,0,0,0,0,0,0,0,0,0,0,1,1,1,0,0
0,0.021625830724232544,-1.4884126589189595,-0.713115797481943,0,0,1,1,1,0,0,0,1,1,0,1,0,1,0,1,0,1,0,1,0,0,1,0,0,0,1
0,1.6113072651077522,1.4899496124500797,2.46768461853281,0,1,1,0,1,0,1,1,0,0,1,0,1,0,1,0,0,0,1,0,1,0,1,1,0,1,0
0,-1.2827281667186554,-1.5183459480784474,-1.0003844407208238,0,1,0,1,1,0,0,0,1,1,0,1,0,1,0,1,0,1,0,1,0,0,0,1,0,0,1
0,-0.9158786049378431,-1.0294355584734796,-0.8771873761052091,1,1,0,0,0,1,0,0,0,0,0,0,0,0,0,0,0,0,0,0,1,0,0,1,0,0,1
1,0.18467008040459354,0.8364061324679285,0.47866415006549234,0,0,1,0,1,0,0,1,0,0,0,0,0,0,1,0,1,0,1,0,0,0,0,0,0,1,0
0,-0.8343564800976626,-1.0261096374557588,-0.8136587196874885,0,1,0,0,0,1,0,0,0,0,0,0,1,0,0,0,1,0,0,0,0,0,0,0,0,0,1
0,-1.2827281667186554,-1.4784348958657971,-0.9998550352506761,0,1,1,1,1,0,0,0,1,1,0,1,0,1,0,1,0,1,0,1,0,1,0,0,0,0,1
0,1.2036966409068497,-0.8731172706405986,0.02593423884420787,0,1,1,0,0,1,0,0,0,0,1,0,1,0,0,0,1,0,0,0,0,0,1,1,1,0,0
0,-1.2827281667186554,-1.3171277265063348,-0.9977153548088292,0,0,0,0,0,1,0,0,0,0,0,0,0,0,0,0,0,0,0,0,0,0,0,0,0,0,0
0,-0.5897901055771212,-0.1414146467420072,-0.4987065820721357,0,0,0,0,1,0,1,0,0,0,1,0,0,0,1,0,0,0,0,0,0,0,0,1,0,0,1
1,1.4890240778474815,0.8347431719590681,1.7013260833715418,1,1,1,0,1,0,1,1,0,0,0,0,1,0,0,0,0,0,1,0,0,0,0,1,0,1,0
0,-1.2419671042985652,0.3292031772654958,-0.9449733348453673,0,1,0,0,1,0,0,1,0,0,0,0,1,0,0,0,0,0,0,0,0,0,0,1,0,1,0
0,-0.5490290431570309,-1.4717830538303551,-0.8257909283783726,0,1,1,1,1,0,0,0,1,1,0,1,0,1,0,1,0,1,0,1,0,0,0,0,0,0,1
0,-0.8343564800976626,0.6518175159844203,-0.541411956664048,1,1,0,0,1,0,1,1,0,0,0,0,0,0,0,0,0,0,1,0,0,0,0,1,0,1,0
0,-0.9566396673579334,-1.4784348958657971,-0.9286499995158141,0,1,0,0,1,0,0,0,1,1,0,1,0,1,0,1,0,1,0,1,0,0,0,0,0,0,1
0,-0.22294054379630893,0.5603546879970964,-0.032741534097159165,0,1,0,0,1,0,0,0,0,0,1,0,0,0,1,0,1,0,1,0,1,1,0,0,0,1,0
0,-0.22294054379630893,0.4871844256072372,-0.0468590133010971,1,1,0,1,1,0,1,1,0,0,0,0,0,0,0,0,1,0,0,0,0,0,0,1,0,1,0
0,-1.2827281667186554,0.8081358038173013,-0.9695245135234657,1,1,1,1,1,0,0,1,0,0,0,0,0,0,0,0,0,0,1,0,1,0,0,0,0,0,1
1,-0.34522373105657966,-1.481760816883518,-0.8059382232478349,0,0,0,0,1,0,0,0,1,1,0,1,0,1,0,1,0,1,0,1,0,0,0,1,0,0,1
1,-0.7528343552574821,0.33585501930093764,-0.5514706605968537,1,1,0,0,1,0,1,1,0,0,0,0,0,0,0,0,0,0,0,0,0,0,0,1,0,1,0
1,-0.019135231695857704,0.31756245370347297,-0.004330107199234236,1,0,0,0,1,0,0,1,0,0,0,0,1,0,0,0,0,0,0,0,0,0,0,1,0,1,0
0,-0.8751175425177529,-1.4917385799366805,-0.9153486870783539,0,0,0,0,1,0,0,0,1,1,0,1,0,1,0,1,0,1,0,1,0,1,0,0,0,0,1
0,-1.2827281667186554,-1.325442529050637,-0.9978256476151101,0,1,0,0,1,0,1,0,1,1,0,1,0,1,0,1,0,1,0,1,0,0,0,1,0,0,1
1,0.22543114282468377,0.5187806752755855,0.3864152468922605,0,1,0,1,1,0,1,1,0,0,1,0,0,0,0,0,0,0,0,0,0,0,0,1,0,0,1
0,-0.9566396673579334,-1.5000533824809827,-0.9159222096710138,0,0,1,1,1,0,0,0,1,1,0,1,0,1,0,1,0,1,0,1,0,0,1,0,0,0,1
0,0.8776081415461278,0.026544364652896852,0.5646704804032329,0,1,1,1,1,0,1,0,0,0,1,0,1,0,0,0,1,0,0,0,0,0,1,1,1,0,0
0,-0.14141841895612844,0.20448113910096322,-0.09117466286470864,0,0,0,0,1,0,1,0,0,0,0,0,0,0,0,0,0,0,1,0,1,1,0,1,1,0,0
1,0.46999751734522527,0.8097987643261616,0.773565055499002,0,1,1,0,1,0,1,1,0,0,0,0,0,0,1,0,0,0,1,0,0,0,0,1,0,1,0
0,1.081413453646579,0.7283136993920002,1.2790590452450048,0,1,1,1,1,0,0,0,0,0,1,0,1,0,1,0,1,0,1,0,1,0,1,1,0,1,0
0,-1.201206041878475,-0.3176884606812135,-0.9223191924352983,1,0,0,0,1,0,0,0,0,0,0,0,0,0,0,0,0,0,0,0,1,0,0,1,0,1,0
0,-0.5897901055771212,-0.11148135758251944,-0.5291032794831145,0,0,1,1,1,0,0,0,0,0,1,0,1,0,0,0,1,0,0,0,0,1,0,1,0,0,1
1,1.407501953007301,-1.322116608032916,-0.27115046415366106,0,1,0,0,1,0,1,0,1,1,0,1,0,1,0,1,0,1,0,1,0,0,1,0,1,0,0
0,-0.4267458558967602,-0.32267734220779476,-0.47678037218351954,1,0,1,1,1,0,0,0,0,0,0,0,1,0,0,0,1,0,0,0,0,0,0,0,0,1,0
0,0.021625830724232544,-1.0244466769468983,-0.5174122420173534,0,1,0,1,0,1,0,0,0,0,1,0,0,0,0,0,1,0,0,0,0,1,0,0,1,0,0
0,-1.1196839170382944,-1.4934015404455407,-0.9616275485937629,0,1,0,0,1,0,0,0,1,1,0,1,0,1,0,1,0,1,0,1,0,0,0,0,0,0,1
0,-1.2419671042985652,-1.4934015404455407,-0.9920242460047417,0,0,0,0,1,0,0,0,1,1,0,1,0,1,0,1,0,1,0,1,0,0,0,0,0,0,1
0,1.6113072651077522,0.8264283694147659,1.7878618191794304,0,1,1,1,1,0,1,0,0,0,1,0,1,0,1,0,1,0,1,0,1,0,1,0,1,0,0
0,-0.9566396673579334,-1.4784348958657971,-0.9276353056980312,0,1,0,1,1,0,0,0,1,1,0,1,0,1,0,1,0,1,0,1,0,0,0,0,0,0,1
0,1.407501953007301,-1.2822055558202659,-0.2637608461328498,0,1,1,1,1,0,1,0,1,1,0,1,0,1,0,1,0,1,0,1,0,0,1,0,0,0,1
0,-0.6713122304173017,0.6684471210730246,-0.40081068721732854,1,0,1,0,1,0,1,1,0,0,0,0,0,0,0,0,0,0,1,0,0,0,0,1,0,1,0
0,-0.9974007297780236,-1.4684571328126343,-0.9481497676662535,0,0,0,0,1,0,0,0,1,1,0,1,0,1,0,1,0,1,0,1,0,0,0,1,0,0,1
0,-1.1196839170382944,-0.7184619433165782,-0.9122384299412363,1,1,0,0,0,1,0,0,0,0,1,0,1,0,1,0,1,0,0,0,0,0,0,1,0,0,1
0,-0.3859847934766699,-0.5488399714128138,-0.5380590553531126,1,1,1,1,1,0,1,0,0,0,0,0,0,0,0,0,0,0,0,0,0,1,0,1,1,0,0
0,-1.2827281667186554,0.4888473861160975,-0.973759757284647,1,1,0,0,1,0,0,1,0,0,0,0,0,0,0,0,0,0,1,0,0,0,0,1,0,1,0
1,0.7145638918657667,0.20614409960982355,0.5109137666219881,1,0,1,0,1,0,0,1,0,0,0,0,0,0,0,0,0,0,0,0,0,0,0,1,0,1,0
0,-0.6305511679972114,-1.510031145534145,-0.8460406876115211,0,1,0,0,1,0,0,0,1,1,0,1,0,1,0,1,0,1,0,1,0,0,1,0,1,0,0
0,1.4482630154273912,1.5281977041538695,2.3235760378463626,0,0,1,0,1,0,1,1,0,0,1,0,1,0,1,0,0,0,1,0,1,0,1,1,0,0,0
0,-1.2827281667186554,0.6534804764932807,-0.971575959720288,1,1,0,0,1,0,1,1,0,0,0,0,0,0,0,0,0,0,1,0,0,0,0,0,0,1,0
1,-0.3044626686364894,0.1479404817997083,-0.20896737997256576,0,0,1,0,1,0,0,1,0,0,0,0,0,0,0,0,0,0,0,0,0,0,0,1,0,1,0
0,1.407501953007301,-0.5155807612356051,0.45642912031929006,0,1,0,0,0,1,0,0,0,0,1,0,0,0,1,0,1,0,1,0,0,1,0,1,0,0,0
0,-0.019135231695857704,-1.4800978563746574,-0.6967262864686213,0,1,0,0,1,0,0,0,1,1,0,1,0,1,0,1,0,1,0,1,0,1,0,0,1,0,0
1,1.407501953007301,1.355249811232384,2.1288210005157873,0,0,1,0,1,0,1,1,0,0,1,0,1,0,0,0,0,0,1,0,1,1,0,1,0,1,0
1,1.6113072651077522,-0.013366687559753681,1.0386648446754492,0,1,1,0,0,1,0,0,0,0,1,0,1,0,1,0,1,0,1,0,1,0,1,1,1,0,0
0,1.570546202687662,1.45502744176401,2.384148847055758,1,1,1,0,1,0,1,1,0,0,0,0,1,0,1,0,1,0,1,0,1,0,1,1,1,0,0
0,-1.2827281667186554,-0.4972881956381404,-0.9868404841095458,0,1,0,1,1,0,0,0,0,0,0,0,1,0,0,0,0,0,0,0,0,0,0,1,0,1,0
0,0.5515196421854057,-1.149168715111431,-0.39999452045085093,1,1,0,0,0,1,0,0,0,0,0,0,1,0,0,0,0,0,0,0,0,0,0,0,0,0,0
1,-1.2419671042985652,-1.1458427940937101,-0.9741568113872578,1,0,0,0,0,1,0,0,0,0,0,0,0,0,1,0,0,0,0,0,0,0,0,1,0,1,0
0,-1.2827281667186554,-0.6469546414355796,-0.9888257546225996,1,0,0,0,1,0,0,0,0,0,0,0,0,0,0,0,0,0,0,0,0,0,0,1,0,0,1
0,0.6330417670255862,0.026544364652896852,0.35641560358389235,0,0,1,0,1,0,0,0,0,0,0,0,1,0,1,0,0,0,0,0,1,1,0,1,0,1,0
0,1.1629355784867594,1.2787536278248042,1.8668535270377142,0,0,1,0,1,0,1,1,0,0,0,0,0,0,1,0,1,0,1,0,1,1,0,1,0,0,0
0,-0.019135231695857704,0.6418397529312578,0.13199180136379143,1,0,1,0,1,0,0,1,0,0,0,0,1,0,0,0,0,0,0,0,1,0,0,0,0,0,0
0,-1.2419671042985652,-0.6785508911039276,-0.9723700679255095,0,0,0,0,1,0,0,0,0,0,0,0,0,0,0,0,0,0,0,0,0,0,0,0,0,1,0
0,-1.201206041878475,-1.5000533824809827,-0.9828920016446945,1,0,0,0,1,0,0,0,1,1,0,1,0,1,0,1,0,1,0,1,0,0,0,0,0,1,0
0,-1.1196839170382944,0.6834137656527687,-0.8209601034632751,1,0,0,0,1,0,0,1,0,0,0,0,0,0,0,0,1,0,0,0,1,0,0,1,1,0,0
0,1.570546202687662,0.8330802114502078,1.7893618013448487,0,0,1,1,1,0,1,0,0,0,1,0,1,0,1,0,1,0,1,0,1,0,1,0,0,0,0
0,0.18467008040459354,-0.32600326322551565,-0.11294646282453162,0,1,1,0,1,0,1,0,0,0,1,0,0,0,0,0,0,0,0,0,0,0,0,1,0,0,1
0,1.3259798281671205,1.305360995966571,1.9470143386425747,0,1,1,1,1,0,1,1,0,0,0,0,0,0,1,0,1,0,1,0,1,0,1,1,0,0,0
0,1.407501953007301,1.3885090214095928,2.1872982464058492,0,0,0,1,1,0,1,1,0,0,0,0,1,0,0,0,1,0,1,0,1,1,0,1,0,0,0
0,0.6738028294456765,0.34416982184523986,0.6139051891269666,1,1,0,1,1,0,1,1,0,0,0,0,0,0,0,0,0,0,0,0,0,0,0,0,1,0,0
0,0.7145638918657667,0.18785153401235885,0.529354723832132,0,1,1,1,1,0,1,0,0,0,1,0,0,0,0,0,1,0,1,0,0,0,1,1,1,0,0
0,-0.3044626686364894,-1.505042264007564,-0.8274673790338402,0,1,1,1,1,0,0,0,1,1,0,1,0,1,0,1,0,1,0,1,0,1,0,0,0,1,0
0,-0.6305511679972114,-0.29939589508374853,-0.5952569046903174,1,0,0,1,1,0,1,0,0,0,0,0,0,0,1,0,0,0,0,0,0,1,0,1,0,0,1
0,1.2852187657470302,-1.3570387787189853,-0.32100281259256686,0,0,1,1,1,0,1,0,1,1,0,1,0,1,0,1,0,1,0,1,0,0,1,1,0,0,1
0,-0.3044626686364894,-0.889746875729203,-0.5807423713837687,0,1,1,0,0,1,0,0,0,0,0,0,0,0,1,0,0,0,1,0,0,1,0,1,1,0,0
1,-0.3859847934766699,1.3818571793741514,0.08679380934993397,1,1,0,0,1,0,1,1,0,0,0,0,1,0,1,0,0,0,1,0,1,0,0,1,0,1,0
1,-0.34522373105657966,-1.0177948349114565,-0.6434769195962678,0,1,1,0,0,1,0,0,0,0,0,0,0,0,1,0,1,0,0,0,0,0,0,0,0,0,1
0,0.18467008040459354,1.1706611947488759,0.6722500836494913,0,0,0,0,1,0,1,1,0,0,0,0,0,0,1,0,0,0,1,0,1,0,0,1,0,1,0
0,-0.46750691831685043,0.12632199518452294,-0.35009805488943274,0,0,0,0,1,0,0,1,0,0,0,0,0,0,0,0,0,0,0,0,0,0,0,1,0,1,0
0,-1.2827281667186554,-0.6336509573646961,-0.9886492861325503,0,1,0,0,1,0,0,0,0,0,0,0,0,0,0,0,0,0,0,0,0,0,0,1,0,0,1
0,-0.9158786049378431,0.36246238744270454,-0.6659325349550317,0,0,0,0,1,0,1,1,0,0,0,0,0,0,0,0,0,0,0,0,0,0,0,1,0,0,1
0,-1.0789228546182041,0.65015455547556,-0.7634093171459719,1,1,0,0,1,0,0,1,0,0,0,0,1,0,0,0,0,0,0,0,1,0,0,1,0,1,0
0,0.755324954285857,1.0492650776020644,1.1577590168974192,0,1,1,0,1,0,1,1,0,0,1,0,1,0,0,0,0,0,0,0,1,1,0,1,1,0,0
0,-0.9158786049378431,-1.4734460143392158,-0.9262014992163812,0,0,0,0,1,0,0,0,1,1,0,1,0,1,0,1,0,1,0,1,0,0,0,1,0,0,1
0,-1.0789228546182041,-0.46236602495207113,-0.8731506593953332,0,0,0,0,0,1,0,0,0,0,1,0,1,0,0,0,1,0,0,0,1,0,0,0,1,0,0
0,0.592280704605496,0.8530357375565328,0.8962768317669815,0,1,1,1,1,0,1,0,0,0,1,0,1,0,1,0,1,0,1,0,1,0,1,1,0,0,1
0,1.1629355784867594,0.48385850458951646,1.1178330210237823,0,0,1,1,1,0,1,0,0,0,1,0,1,0,1,0,1,0,0,0,1,1,0,1,0,1,0
0,0.7960860167059473,-0.20294418556984337,0.33166589785448874,0,0,0,0,0,1,0,0,0,0,1,0,1,0,1,0,0,0,1,0,1,0,1,1,0,0,0
0,0.10314795556441304,-0.1796627384457972,-0.06611613727771873,0,0,1,1,1,0,1,0,0,0,1,0,1,0,0,0,0,0,0,0,0,0,0,1,1,0,0
0,1.570546202687662,1.358575732250105,2.287642641560089,0,1,1,0,1,0,1,1,0,0,0,0,1,0,1,0,0,0,1,0,1,1,0,1,0,0,0
0,-1.0789228546182041,-0.28609221101286514,-0.8371952045478037,1,0,0,0,1,0,0,0,0,0,1,0,1,0,0,0,0,0,0,0,0,0,0,0,0,1,0
0,0.5107585797653155,-0.3842068810356309,0.004184497445640911,0,1,1,0,1,0,0,0,0,0,1,0,0,0,1,0,0,0,0,0,0,0,1,0,1,0,0
1,-1.2419671042985652,0.6884026471793497,-0.926157382093869,1,0,0,0,1,0,1,1,0,0,0,0,0,0,0,0,0,0,1,0,0,0,0,1,0,1,0
0,-1.1604449794583847,0.12632199518452294,-0.893598945679787,1,0,0,0,1,0,0,0,0,0,0,0,1,0,0,0,0,0,1,0,1,0,0,1,0,0,0
0,-1.2419671042985652,-1.3487239761746832,-0.991891894637205,0,1,0,0,0,1,0,0,0,0,0,0,0,0,0,0,0,0,0,0,0,0,0,0,0,0,1
0,-1.1604449794583847,0.4323067288148426,-0.8768564976863669,1,1,0,0,1,0,0,1,0,0,0,0,0,0,0,0,0,0,1,0,0,0,0,0,0,1,0
0,0.755324954285857,-0.1646960938660534,0.3338938125413601,0,1,0,0,1,0,1,0,0,0,1,0,0,0,0,0,1,0,0,0,0,1,0,0,1,0,0
0,1.1221745160666692,-1.360364699736706,-0.3442745947178083,0,1,1,1,1,0,1,0,1,1,0,1,0,1,0,1,0,1,0,1,0,1,0,0,1,0,0
0,-0.9566396673579334,-1.4867496984100992,-0.9366351986905417,0,1,0,0,1,0,0,0,1,1,0,1,0,1,0,1,0,1,0,1,0,1,0,1,0,0,1
0,-1.201206041878475,1.3469350086880818,-0.8662463297221572,1,1,0,0,1,0,1,1,0,0,0,0,1,0,1,0,0,0,1,0,1,0,0,1,0,0,0
0,-0.6305511679972114,1.0243206699691578,-0.28533411904136746,0,1,0,0,1,0,1,1,0,0,0,0,0,0,1,0,1,0,0,0,1,0,0,1,0,0,0
0,-0.9974007297780236,0.7382914624451627,-0.6726383375769023,1,0,0,0,1,0,1,1,0,0,0,0,0,0,0,0,0,0,1,0,0,0,0,1,0,1,0
0,0.5515196421854057,0.5370732408730502,0.6880440135088968,0,1,1,1,1,0,0,0,0,0,1,0,0,0,1,0,1,0,1,0,1,0,1,0,0,0,1
0,1.4482630154273912,0.5852990956300029,1.4822625115366865,0,0,0,0,1,0,0,0,0,0,1,0,1,0,1,0,1,0,1,0,1,0,1,1,1,0,0
0,-1.2827281667186554,-0.37755503900018905,-0.9852522676991028,1,1,0,0,1,0,0,0,0,0,0,0,0,0,0,0,0,0,1,0,0,0,0,1,0,0,1
0,-1.1604449794583847,-1.4751089748480761,-0.9739803428972086,0,0,1,0,1,0,0,0,1,1,0,1,0,1,0,1,0,1,0,1,0,1,0,0,0,0,0
0,-1.2827281667186554,-1.322116608032916,-0.9977815304925978,1,0,0,0,0,1,0,0,0,0,0,0,0,0,0,0,0,0,0,0,0,0,0,1,0,0,1
0,-0.1821794813762187,-0.34762174984070127,-0.3397746482215532,0,1,0,1,1,0,0,0,0,0,0,0,1,0,0,0,1,0,0,0,0,1,0,1,1,0,0
0,0.26619220524477405,-0.20793306709642462,-0.027469537956938673,0,0,0,0,1,0,0,0,0,0,0,0,1,0,0,0,0,0,1,0,0,1,0,1,1,0,0
0,-0.8751175425177529,0.6634582395464431,-0.6167640019150666,0,1,0,0,1,0,0,1,0,0,0,0,0,0,1,0,0,0,0,0,1,0,0,0,0,1,0
0,1.570546202687662,-0.11480727860024036,0.892747461965997,0,0,1,0,0,1,0,0,0,0,0,0,1,0,1,0,1,0,1,0,1,0,1,1,1,0,0
0,-1.2419671042985652,-1.4784348958657971,-0.9899286826854072,0,1,0,1,1,0,0,0,1,1,0,1,0,1,0,1,0,1,0,1,0,0,0,0,0,0,1
1,-0.1006573565360382,0.4921733071338186,0.03458119485661981,1,1,1,0,1,0,0,1,0,0,0,0,1,0,1,0,0,0,0,0,0,0,0,1,0,0,1
0,-0.6305511679972114,-1.4867496984100992,-0.8528347244784161,0,0,0,0,1,0,0,0,1,1,0,1,0,1,0,1,0,1,0,1,0,1,0,0,0,0,1
0,0.918369203966218,0.9844096177565073,1.2292508139286114,0,0,1,0,1,0,1,1,0,0,0,0,1,0,1,0,0,0,1,0,0,0,0,1,1,0,0
0,1.0406523912264887,0.4971621886603997,0.9882610322051396,0,0,0,0,1,0,1,1,0,0,1,0,0,0,0,0,0,0,0,0,0,0,0,1,0,0,0
0,-1.1196839170382944,-0.3542735918761429,-0.8728638980990031,1,0,0,0,1,0,0,0,0,0,1,0,0,0,0,0,1,0,0,0,0,0,0,0,0,1,0
1,-1.2827281667186554,-1.510031145534145,-1.0002741479145432,1,0,0,0,1,0,0,0,1,1,0,1,0,1,0,1,0,1,0,1,0,0,0,1,0,1,0
1,-0.9566396673579334,0.30592173014144963,-0.7095423105584462,0,1,0,0,1,0,1,1,0,0,0,0,0,0,0,0,0,0,0,0,0,0,0,1,0,1,0
0,-0.2637016062163992,-0.5222326032710469,-0.4629937713984239,0,1,0,0,1,0,0,0,0,0,0,0,0,0,0,0,1,0,0,0,0,0,0,0,0,0,0
0,0.7145638918657667,-1.5116941060430058,-0.5571176522784288,0,0,0,0,1,0,0,0,1,1,0,1,0,1,0,1,0,1,0,1,0,0,1,0,1,0,0
0,1.6113072651077522,1.6229864531589144,2.6011389141325356,0,0,1,0,1,0,1,1,0,0,1,0,1,0,1,0,1,0,1,0,1,0,1,1,0,0,0
0,0.429236454925135,1.3685534953032676,0.9906654153820602,0,0,0,1,1,0,0,1,0,0,1,0,1,0,0,0,1,0,1,0,1,1,0,1,1,0,0
0,0.9591302663863083,-1.2938462793822887,-0.3717816206042312,0,1,0,0,1,0,1,0,1,1,0,1,0,1,0,1,0,1,0,1,0,0,1,1,0,0,0
0,-1.2827281667186554,-1.5216718690961684,-1.000428557843336,0,0,0,0,1,0,0,0,1,1,0,1,0,1,0,1,0,1,0,1,0,0,0,0,0,0,1
0,1.6113072651077522,1.2820795488425252,2.243746104660344,1,1,1,1,1,0,1,1,0,0,0,0,1,0,1,0,0,0,1,0,1,0,1,1,0,1,0
0,1.6113072651077522,1.1872907998374802,2.2227684129057432,0,1,1,0,1,0,1,1,0,0,1,0,1,0,0,0,1,0,0,0,1,0,1,1,0,0,0
0,0.14390901798450328,1.0160058674248558,0.5238621420793498,0,1,1,0,1,0,1,1,0,0,0,0,0,0,0,0,0,0,1,0,1,0,0,1,0,1,0
0,-1.1196839170382944,0.3425068613363795,-0.8356290466986168,0,1,0,0,1,0,0,0,0,0,0,0,0,0,1,0,1,0,1,0,1,0,0,0,0,0,0
0,-0.7935954176775724,0.6518175159844203,-0.5418310693279148,1,0,0,0,1,0,1,1,0,0,0,0,1,0,1,0,0,0,0,0,0,0,0,1,0,1,0
1,0.46999751734522527,0.8081358038173013,0.7517491384166668,0,0,0,0,1,0,0,1,0,0,0,0,1,0,1,0,0,0,0,0,1,1,0,0,1,0,0
1,1.5297851402675717,1.4317459946399644,2.2892749750930443,0,0,1,1,1,0,1,1,0,0,0,0,1,0,1,0,1,0,1,0,1,1,0,1,0,1,0
0,0.46999751734522527,-1.5083681850252848,-0.6402563696528696,0,1,0,0,1,0,0,0,1,1,0,1,0,1,0,1,0,1,0,1,0,1,0,0,1,0,0
1,-0.019135231695857704,0.7017063312502334,0.15080775411529,1,0,1,0,1,0,1,1,0,0,0,0,0,0,0,0,0,0,1,0,0,0,0,1,1,0,0
0,1.4890240778474815,-1.3271054895594974,-0.2507683535529757,0,0,1,0,1,0,1,0,1,1,0,1,0,1,0,1,0,1,0,1,0,0,1,1,1,0,0
1,-0.6713122304173017,-0.18132569895465775,-0.5571397108396849,1,0,0,0,1,0,0,0,0,0,0,0,0,0,0,0,1,0,1,0,0,0,0,0,0,1,0
1,1.4482630154273912,-1.5083681850252848,-0.4822950124975578,0,1,1,1,1,0,0,0,1,1,0,1,0,1,0,1,0,1,0,1,0,1,0,0,0,0,0
0,-0.6713122304173017,0.16955896841489418,-0.47702301635733724,0,1,0,0,1,0,0,1,0,0,0,0,0,0,0,0,0,0,0,0,0,0,0,1,1,0,0
0,1.4482630154273912,0.5986027797008862,1.5395485951189156,0,1,1,1,1,0,0,0,0,0,1,0,1,0,0,0,1,0,1,0,1,0,1,0,0,0,0
0,-1.1604449794583847,-1.5249977901138891,-0.974046518580977,0,1,0,0,1,0,0,0,1,1,0,1,0,1,0,1,0,1,0,1,0,0,0,0,0,0,1
0,-0.2637016062163992,-0.8648024680962965,-0.5565882468082811,0,0,1,1,0,1,0,0,0,0,1,0,1,0,0,0,1,0,0,0,0,0,0,0,1,0,0
0,-0.14141841895612844,-1.1391909520582681,-0.6310579496090538,1,0,0,0,0,1,0,0,0,0,0,0,1,0,0,0,0,0,0,0,0,0,0,1,0,1,0
0,-1.1196839170382944,-1.4800978563746574,-0.9550320387781732,0,1,0,1,1,0,0,0,1,1,0,1,0,1,0,1,0,1,0,1,0,0,0,0,1,0,0
0,1.5297851402675717,1.002702183353972,1.9041545541218685,0,1,1,0,1,0,1,1,0,0,0,0,1,0,1,0,0,0,1,0,0,1,0,1,0,0,0
0,-0.34522373105657966,0.31756245370347297,-0.2531727367298963,0,1,1,0,1,0,0,0,0,0,1,0,0,0,0,0,1,0,1,0,1,1,0,0,0,0,0
1,1.6113072651077522,0.4522622549211681,1.4979902657123234,0,0,1,0,1,0,1,0,0,0,1,0,1,0,1,0,1,0,0,0,1,0,1,0,0,0,0
0,-1.2827281667186554,0.3142365326857518,-0.976075906216543,0,1,0,0,1,0,0,1,0,0,0,0,0,0,0,0,1,0,0,0,0,0,0,1,0,0,1
0,1.5297851402675717,-0.45904010393435046,0.5948686507629065,0,1,1,0,0,1,0,0,0,0,0,0,1,0,1,0,1,0,0,0,1,1,0,1,0,0,0
0,0.14390901798450328,-1.5183459480784474,-0.6987556741041874,0,0,1,1,1,0,0,0,1,1,0,1,0,1,0,1,0,1,0,1,0,0,0,0,0,0,0
1,0.22543114282468377,1.1540315896602715,0.6385887191726017,1,0,0,0,1,0,1,1,0,0,0,0,0,0,0,0,1,0,1,0,1,0,0,1,0,1,0
0,-0.6305511679972114,0.1712219289237545,-0.5039344610898439,1,0,0,0,1,0,0,1,0,0,0,0,0,0,0,0,0,0,0,0,0,0,0,1,0,1,0
0,0.3477143300849545,1.4716570468526144,0.9562320012612052,0,0,1,1,1,0,1,1,0,0,0,0,1,0,1,0,1,0,1,0,1,1,0,1,0,0,0
0,-1.2827281667186554,-0.6502805624533005,-0.9888698717451119,1,0,0,0,1,0,0,0,0,0,0,0,0,0,0,0,0,0,0,0,0,0,0,1,0,1,0
0,-1.2419671042985652,-1.1641353596911748,-0.9755023836238832,1,1,0,0,0,1,0,0,0,0,0,0,0,0,0,0,1,0,0,0,0,0,0,0,0,0,0
0,-0.7528343552574821,0.3857438345667507,-0.5158240256069104,0,1,0,0,1,0,0,1,0,0,0,0,0,0,1,0,0,0,0,0,0,0,0,0,0,1,0
1,-1.2419671042985652,1.0060281043716928,-0.9293338149147549,1,1,0,0,1,0,0,1,0,0,0,0,1,0,1,0,1,0,0,0,1,0,0,1,1,0,0
0,-1.2827281667186554,-1.4983904219721222,-1.0001197379857498,1,1,0,0,1,0,0,0,1,1,0,1,0,1,0,1,0,1,0,1,0,0,0,0,0,0,1
0,-0.7935954176775724,0.2643477174199388,-0.5985436303174843,0,1,1,1,1,0,1,0,0,0,0,0,1,0,1,0,1,0,1,0,0,0,0,1,0,1,0
0,-1.0789228546182041,-1.5266607506227494,-0.9602599177958814,0,1,0,0,1,0,0,0,1,1,0,1,0,1,0,1,0,1,0,1,0,0,0,0,0,0,1
0,-1.1604449794583847,0.39239567660219254,-0.8616802075421336,1,0,0,0,1,0,0,1,0,0,0,0,1,0,0,0,0,0,0,0,0,0,0,1,0,0,0
0,-1.1196839170382944,1.1407279055893882,-0.8036882499997073,1,0,1,1,1,0,0,1,0,0,0,0,1,0,0,0,1,0,1,0,1,0,0,1,0,0,1
0,-0.712073292837392,1.2272018520501307,-0.27236368502274944,0,0,1,0,1,0,0,1,0,0,1,0,0,0,1,0,0,0,1,0,1,0,0,0,0,1,0
0,0.592280704605496,0.35248462438954203,0.5551411819405748,0,0,0,0,1,0,0,1,0,0,1,0,0,0,0,0,0,0,0,0,0,0,0,0,1,0,0
0,-0.9974007297780236,-0.02500741112177701,-0.7864825722199079,0,0,0,0,1,0,0,0,0,0,0,0,0,0,1,0,1,0,0,0,1,0,0,0,0,0,1
0,-0.6305511679972114,-1.3038240424354515,-0.8146513549440153,0,1,0,0,0,1,0,0,0,0,0,0,0,0,0,0,0,0,0,0,0,0,0,1,0,0,1
0,-0.712073292837392,0.3408439008275187,-0.5008242039527263,0,1,1,1,1,0,0,1,0,0,1,0,0,0,0,0,0,0,0,0,0,0,0,0,0,0,1
0,-0.2637016062163992,1.0309725120045992,0.08319826386518099,0,0,0,0,1,0,0,1,0,0,1,0,0,0,1,0,1,0,0,0,1,1,0,1,0,0,0
0,-0.3859847934766699,-0.34762174984070127,-0.45772177525820334,0,0,0,0,1,0,1,0,0,0,1,0,0,0,0,0,0,0,0,0,0,0,0,0,0,1,0
1,-1.1604449794583847,0.26268475691107845,-0.8686727714603341,0,0,0,0,1,0,0,1,0,0,0,0,1,0,0,0,0,0,0,0,0,0,0,0,0,1,0
0,-0.14141841895612844,-1.4967274614632617,-0.7728062642410931,0,1,0,1,1,0,0,0,1,1,0,1,0,1,0,1,0,1,0,1,0,1,0,0,0,0,1
0,-0.3044626686364894,-1.5233348296050289,-0.8053426420939188,0,0,0,0,1,0,0,0,1,1,0,1,0,1,0,1,0,1,0,1,0,0,0,0,0,0,1
0,-0.9566396673579334,-0.6619212860153233,-0.8187101302151475,1,1,0,0,1,0,0,0,0,0,0,0,0,0,0,0,0,0,0,0,0,0,0,0,0,0,1
0,-0.5897901055771212,-0.5089289192001635,-0.6213521826563465,1,1,1,0,1,0,0,0,0,0,0,0,0,0,1,0,0,0,0,0,0,0,0,1,0,0,1
1,-1.201206041878475,0.9977133018273905,-0.860731689408119,0,1,0,0,1,0,1,1,0,0,0,0,0,0,0,0,0,0,1,0,1,0,0,1,0,1,0
0,1.4890240778474815,-0.6186843127849521,0.36821693385593424,0,0,1,1,0,1,0,0,0,0,1,0,1,0,1,0,1,0,0,0,0,0,1,0,0,0,0
0,-0.7528343552574821,-1.513357066551866,-0.8655625143232165,0,1,0,0,1,0,0,0,1,1,0,1,0,1,0,1,0,1,0,1,0,1,0,0,0,0,1
0,-0.5490290431570309,0.15791824485287084,-0.39361959624782267,0,1,0,0,1,0,1,0,0,0,0,0,0,0,0,0,0,0,1,0,1,0,0,0,0,0,1
1,0.26619220524477405,0.8596875795919747,0.49697275590809936,0,1,0,0,1,0,1,1,0,0,0,0,1,0,0,0,0,0,0,0,1,0,0,0,0,1,0
0,-0.05989629411594795,1.2155611284881078,0.3780329936149223,0,1,0,0,1,0,0,1,0,0,0,0,1,0,1,0,0,0,1,0,1,0,0,1,0,1,0
0,-0.34522373105657966,-1.4834237773923784,-0.8148498819953207,0,1,1,1,1,0,0,0,1,1,0,1,0,1,0,1,0,1,0,1,0,1,0,0,0,0,1
0,-0.7528343552574821,-0.53387332683307,-0.7157407662714251,0,1,1,0,1,0,0,0,0,0,0,0,0,0,0,0,1,0,0,0,0,0,0,0,0,0,0
0,1.2852187657470302,0.31589949319461214,1.0909215762912756,0,0,1,0,1,0,0,0,0,0,1,0,1,0,1,0,1,0,0,0,1,0,1,1,0,0,1
0,0.7145638918657667,-1.513357066551866,-0.5531250526910652,0,0,0,0,1,0,0,0,1,1,0,1,0,1,0,1,0,1,0,1,0,1,0,1,0,0,1
0,0.7960860167059473,0.12964791620224364,0.5276782731766644,0,1,1,1,1,0,0,0,0,0,0,0,1,0,1,0,1,0,1,0,0,1,0,1,0,1,0
0,-0.1821794813762187,1.1756500762754574,0.17721185193890512,0,1,0,0,1,0,1,1,0,0,0,0,1,0,0,0,0,0,1,0,1,1,0,0,0,1,0
0,-0.46750691831685043,-1.463468251286053,-0.8168351525083745,0,0,0,0,1,0,0,0,1,1,0,1,0,1,0,1,0,1,0,1,0,0,1,1,1,0,0
0,-0.3044626686364894,1.03263547251346,0.07146310927690762,1,1,0,1,1,0,0,1,0,0,0,0,1,0,0,0,0,0,1,0,1,0,0,1,0,1,0
0,-0.6305511679972114,-1.513357066551866,-0.8734153621304069,0,0,1,0,1,0,0,0,1,1,0,1,0,1,0,1,0,1,0,1,0,1,0,0,0,0,1
0,1.0406523912264887,-0.660258325506463,0.1776089060415159,0,1,1,0,0,1,0,0,0,0,0,0,0,0,0,0,0,0,1,0,1,1,0,1,1,0,0
1,-0.6305511679972114,0.5537028459616545,-0.4224501358096146,1,1,1,0,1,0,0,1,0,0,0,0,0,0,0,0,0,0,0,0,1,0,0,0,0,0,0
0,0.755324954285857,-1.3088129239620325,-0.4436042960542654,0,0,1,0,1,0,1,0,1,1,0,1,0,1,0,1,0,1,0,1,0,0,1,0,0,0,1
0,1.6113072651077522,-0.5305474058153491,0.5471559827658475,0,1,1,1,0,1,0,0,0,0,1,0,0,0,1,0,1,0,1,0,0,0,1,0,0,0,1
0,0.7960860167059473,0.640176792422397,0.9096443198882099,1,1,1,0,1,0,0,1,0,0,1,0,0,0,0,0,0,0,1,0,0,0,0,0,0,1,0
0,-0.22294054379630893,-1.505042264007564,-0.7612916952653811,0,0,0,0,1,0,0,0,1,1,0,1,0,1,0,1,0,1,0,1,0,0,1,1,0,0,1
0,-1.201206041878475,-1.4917385799366805,-0.9807964383253599,0,0,0,0,1,0,0,0,1,1,0,1,0,1,0,1,0,1,0,1,0,0,0,0,0,0,1
0,1.2852187657470302,0.5470510039262128,1.2540446367805274,0,0,1,0,1,0,1,0,0,0,1,0,1,0,1,0,1,0,0,0,1,0,1,1,0,0,1
0,0.5107585797653155,1.0093540253894138,0.8819167083892258,0,0,1,0,1,0,0,1,0,0,0,0,0,0,0,0,1,0,1,0,1,0,1,1,1,0,0
1,-1.201206041878475,-0.9446245725215973,-0.9675171844491559,1,1,1,0,0,1,0,0,0,0,0,0,0,0,0,0,0,0,1,0,0,0,0,1,0,0,1
0,1.570546202687662,0.6135694242806301,1.591628858244693,0,0,1,0,1,0,1,0,0,0,0,0,1,0,1,0,1,0,1,0,1,0,1,1,1,0,0
1,-1.2827281667186554,-1.3237795685417766,-0.9978035890538538,1,0,0,0,0,1,0,0,0,0,0,0,0,0,0,0,0,0,0,0,0,0,0,0,0,0,1
0,1.0406523912264887,-1.481760816883518,-0.4967654286815942,0,0,1,1,1,0,0,0,1,1,0,1,0,1,0,1,0,1,0,1,0,0,1,0,1,0,0
0,0.06238689314432279,0.831417250941347,0.35513620703103543,0,1,1,1,1,0,0,1,0,0,0,0,1,0,1,0,0,0,1,0,0,0,0,1,0,1,0
0,-0.9974007297780236,-0.49895115614700075,-0.8475847868994518,1,0,0,0,1,0,0,0,0,0,1,0,0,0,0,0,0,0,0,0,0,0,0,1,0,1,0
0,-0.712073292837392,-1.4983904219721222,-0.8884372423458472,0,0,1,1,1,0,0,0,1,1,0,1,0,1,0,1,0,1,0,1,0,0,0,0,0,0,1
0,1.3667408905872107,-0.3393069472963991,0.5934789614037689,0,1,1,1,0,1,0,0,0,0,0,0,0,0,1,0,1,0,1,0,1,0,1,0,0,0,0
1,-0.8343564800976626,-1.180764964779779,-0.8406804572262759,0,1,0,0,0,1,0,0,0,0,0,0,1,0,0,0,0,0,0,0,0,0,0,1,1,0,0
0,1.0406523912264887,-1.5200089085873079,-0.5520221246282575,0,1,0,0,1,0,0,0,1,1,0,1,0,1,0,1,0,1,0,1,0,0,1,1,0,0,0
0,-1.201206041878475,-1.5216718690961684,-0.9859140245367874,0,0,1,1,1,0,0,0,1,1,0,1,0,1,0,1,0,1,0,1,0,0,1,0,0,0,1
1,0.429236454925135,-0.3093736581369113,0.024456315240045455,1,0,1,0,0,1,0,0,0,0,0,0,1,0,1,0,0,0,1,0,1,0,0,0,1,0,0
0,-0.9566396673579334,0.5221065962933062,-0.7203730641352173,0,0,0,0,1,0,0,1,0,0,0,0,1,0,1,0,0,0,0,0,0,0,0,0,0,1,0
0,-1.201206041878475,-1.4834237773923784,-0.9774435370144248,0,0,0,0,1,0,0,0,1,1,0,1,0,1,0,1,0,1,0,1,0,1,0,0,0,0,1
0,-0.4267458558967602,0.15459232383515015,-0.34789219876381744,1,0,1,1,1,0,0,0,0,0,0,0,1,0,0,0,0,0,1,0,1,1,0,1,0,0,0
0,0.30695326766486425,1.3685534953032676,0.8346452116172897,0,1,1,0,1,0,1,1,0,0,0,0,1,0,1,0,0,0,1,0,1,1,0,1,0,0,0
0,1.4482630154273912,-1.3088129239620325,-0.20512919031399512,0,0,0,0,1,0,1,0,1,1,0,1,0,1,0,1,0,1,0,1,0,0,1,0,0,0,0
0,0.8776081415461278,1.3120128380020128,1.3197129736400945,1,1,1,0,1,0,1,1,0,0,0,0,1,0,1,0,0,0,1,0,1,0,0,1,0,1,0
0,0.7145638918657667,0.49051034662495785,0.766506315897033,0,0,0,0,1,0,1,0,0,0,0,0,1,0,0,0,1,0,1,0,1,0,1,1,0,0,1
0,-1.2827281667186554,-0.3193514211900738,-0.9844802180551374,0,1,0,0,1,0,0,0,0,0,0,0,0,0,0,0,0,0,0,0,1,0,0,1,0,1,0
0,1.6113072651077522,0.7715506726223714,1.867934396539266,0,0,1,0,1,0,1,0,0,0,1,0,1,0,1,0,1,0,1,0,1,0,1,0,0,0,0
0,0.30695326766486425,-1.4784348958657971,-0.6316976478854821,0,1,0,1,1,0,0,0,1,1,0,1,0,1,0,1,0,1,0,1,0,1,0,1,0,0,0
0,1.6113072651077522,1.7543603333588884,2.65679266418181,0,0,1,1,1,0,1,1,0,0,1,0,1,0,1,0,1,0,1,0,1,0,1,1,0,0,0
0,-1.0789228546182041,-1.4917385799366805,-0.9606790304597485,0,0,0,0,1,0,0,0,1,1,0,1,0,1,0,1,0,1,0,1,0,0,0,0,0,0,1
0,-1.1196839170382944,-1.5033793034987035,-0.9682451169706088,0,0,0,0,1,0,0,0,1,1,0,1,0,1,0,1,0,1,0,1,0,0,0,1,1,0,0
0,0.6330417670255862,0.18951449452121918,0.5001712472902415,0,1,1,0,1,0,1,0,0,0,0,0,1,0,1,0,0,0,0,0,1,1,0,1,1,0,0
0,-1.2827281667186554,0.9644540916501818,-0.9674510087653874,1,0,0,0,1,0,1,1,0,0,0,0,0,0,0,0,0,0,1,0,1,0,0,1,0,1,0
0,1.2852187657470302,0.03153324617947787,0.7858296155574231,0,0,1,1,1,0,0,0,0,0,1,0,0,0,0,0,1,0,1,0,0,1,0,0,0,0,1
0,-0.6305511679972114,-1.4900756194278202,-0.8597831712741044,0,0,0,0,1,0,0,0,1,1,0,1,0,1,0,1,0,1,0,1,0,1,0,0,1,0,0
0,0.30695326766486425,0.5038140306958415,0.3891063913655111,0,1,1,0,1,0,0,1,0,0,0,0,1,0,1,0,0,0,0,0,0,0,0,1,0,1,0
0,0.3477143300849545,-0.9795467432076665,-0.385744689879376,0,0,1,1,0,1,0,0,0,0,1,0,0,0,1,0,0,0,0,0,0,1,0,0,1,0,0
1,0.755324954285857,0.49051034662495785,0.7446683402534415,0,1,0,0,1,0,1,1,0,0,0,0,1,0,0,0,0,0,0,0,0,1,0,1,0,0,0
0,0.3477143300849545,0.5121288332401437,0.5083329149550182,0,1,1,0,1,0,1,1,0,0,0,0,1,0,0,0,0,0,0,0,0,0,0,1,0,1,0
0,-1.2827281667186554,-0.47899563004067547,-0.9865978399357282,1,0,1,1,1,0,0,0,0,0,0,0,0,0,1,0,0,0,0,0,0,0,0,0,0,0,1
0,-1.2419671042985652,-1.4767719353569364,-0.9901272097367128,0,0,0,0,1,0,0,0,1,1,0,1,0,1,0,1,0,1,0,1,0,0,0,1,0,0,1
0,1.4482630154273912,0.49051034662495785,1.4005796592051516,0,1,0,0,1,0,0,1,0,0,0,0,1,0,1,0,0,0,0,0,0,1,0,0,1,0,0
0,-0.34522373105657966,-1.3354202921037994,-0.7566152802790768,0,0,1,1,1,0,1,0,1,1,0,1,0,1,0,1,0,1,0,1,0,0,1,0,0,0,1
0,1.5297851402675717,0.41401416321737794,1.416792701728424,0,1,1,0,1,0,1,0,0,0,1,0,0,0,1,0,1,0,0,0,1,0,1,0,1,0,0
0,-1.201206041878475,-1.1674612807088958,-0.9661274950900182,0,1,0,0,0,1,0,0,0,0,0,0,0,0,0,0,1,0,0,0,0,0,0,1,0,1,0
0,-1.2419671042985652,-0.6635842465241839,-0.9598628636932706,0,1,0,0,1,0,0,0,0,0,0,0,0,0,0,0,0,0,0,0,0,0,0,0,0,0,0
0,-1.201206041878475,-1.1657983202000353,-0.9672083645915696,0,1,1,0,0,1,0,0,0,0,0,0,1,0,0,0,0,0,0,0,0,0,0,0,1,0,0
0,-1.0381617921981139,0.32587725624777514,-0.7789606028315598,1,0,0,0,1,0,1,0,0,0,0,0,0,0,0,0,1,0,1,0,1,0,0,1,0,1,0
0,-0.7935954176775724,0.23607738876931156,-0.6012788919132472,0,0,0,0,1,0,0,0,0,0,1,0,0,0,0,0,0,0,1,0,1,0,0,1,0,1,0
0,-1.0381617921981139,-1.466794172303774,-0.9466056683783227,0,1,0,0,1,0,0,0,1,1,0,1,0,1,0,1,0,1,0,1,0,0,0,0,0,0,1
0,-0.8343564800976626,-0.28442925050400475,-0.7315126375695745,0,1,1,1,1,0,0,0,0,0,0,0,0,0,0,0,0,0,1,0,0,0,0,1,0,0,1
0,0.8368470791260375,1.3436090876703612,1.4512481744105352,0,1,1,1,1,0,1,1,0,0,0,0,1,0,1,0,0,0,1,0,1,1,0,1,0,1,0
0,-0.8343564800976626,0.9760948152122051,-0.5473457096419531,1,0,0,0,1,0,1,1,0,0,0,0,0,0,0,0,0,0,1,0,1,0,0,1,0,1,0
0,1.24445770332694,-1.5067052245164245,-0.45933205022990253,0,1,1,1,1,0,0,0,1,1,0,1,0,1,0,1,0,1,0,1,0,0,1,0,0,0,1
0,-0.712073292837392,0.6518175159844203,-0.44069256596845324,0,0,0,0,1,0,0,0,0,0,1,0,1,0,1,0,1,0,1,0,1,0,0,0,0,0,1
0,0.14390901798450328,-0.3725661574736078,-0.15326951280077938,0,1,1,1,1,0,0,0,0,0,1,0,1,0,0,0,0,0,0,0,0,1,0,0,0,0,1
1,-1.1604449794583847,-1.1624723991823145,-0.9566864308723847,0,1,1,0,0,1,0,0,0,0,0,0,0,0,1,0,0,0,0,0,0,0,0,1,0,1,0
0,-0.34522373105657966,-1.501716342989843,-0.8092028903137456,0,0,1,1,1,0,0,0,1,1,0,1,0,1,0,1,0,1,0,1,0,0,1,0,0,0,1
0,1.1629355784867594,-0.7034952987368343,0.18078533886240206,0,0,0,0,0,1,0,0,0,0,1,0,1,0,1,0,1,0,0,0,0,1,0,0,1,0,0
0,-0.6713122304173017,-0.3176884606812135,-0.6226756963317156,0,1,0,0,1,0,1,0,0,0,0,0,1,0,0,0,0,0,0,0,0,0,0,0,0,1,0
0,1.3259798281671205,-1.4967274614632617,-0.44986892745101287,0,1,1,1,1,0,0,0,1,1,0,1,0,1,0,1,0,1,0,1,0,0,1,1,1,0,0
0,-0.2637016062163992,-1.5033793034987035,-0.7905192889297838,0,0,1,1,1,0,0,0,1,1,0,1,0,1,0,1,0,1,0,1,0,0,1,0,1,0,0
0,-0.6713122304173017,-0.5122548402178841,-0.6563591193698612,0,1,0,0,1,0,0,0,0,0,0,0,0,0,0,0,1,0,0,0,0,0,0,1,0,0,1
0,0.8776081415461278,1.3868460609007325,1.5337471935085476,1,0,1,0,1,0,1,1,0,0,1,0,1,0,0,0,0,0,1,0,1,1,0,0,0,0,0
0,-1.2827281667186554,-1.4884126589189595,-0.9999873866182131,1,1,0,0,1,0,0,0,1,1,0,1,0,1,0,1,0,1,0,1,0,0,0,0,0,0,1
0,-1.1196839170382944,-1.4767719353569364,-0.9616937242775313,0,1,0,1,1,0,0,0,1,1,0,1,0,1,0,1,0,1,0,1,0,0,1,0,0,0,1
0,-0.5490290431570309,-0.836532139445669,-0.6956012998445575,0,0,0,0,0,1,0,0,0,0,0,0,1,0,0,0,0,0,0,0,1,0,0,1,0,1,0
0,-0.9158786049378431,-0.3442958288229803,-0.7581814381282636,0,1,0,0,1,0,1,0,0,0,1,0,0,0,0,0,0,0,0,0,0,0,0,1,1,0,0
0,-0.3859847934766699,0.6301990293692344,-0.170519307703091,1,0,1,1,1,0,0,1,0,0,0,0,1,0,1,0,1,0,0,0,0,0,0,0,0,1,0
0,-1.201206041878475,-0.32267734220779476,-0.9386425277648515,1,1,0,0,1,0,0,0,0,0,0,0,0,0,0,0,0,0,1,0,0,0,0,0,0,0,1
0,1.6113072651077522,1.5548050722956361,2.5261398058616154,0,0,0,0,1,0,1,1,0,0,0,0,1,0,1,0,1,0,1,0,1,0,1,1,0,0,0
1,-0.9158786049378431,0.7249877783742795,-0.6309255982415168,1,1,1,0,1,0,1,1,0,0,0,0,0,0,0,0,0,0,0,0,1,0,0,1,0,1,0
0,-0.9158786049378431,-0.3093736581369113,-0.7656372318328434,0,0,1,1,1,0,0,0,0,0,0,0,1,0,1,0,0,0,0,0,0,0,0,1,0,0,1
0,-0.8751175425177529,-1.4734460143392158,-0.9272603101566766,0,1,1,0,1,0,0,0,1,1,0,1,0,1,0,1,0,1,0,1,0,1,0,1,0,0,1
1,0.18467008040459354,1.3934979029361743,0.7808664392747887,1,0,0,0,1,0,1,1,0,0,1,0,1,0,0,0,0,0,1,0,1,0,0,1,0,0,0
0,-0.6305511679972114,-0.09152583147619417,-0.5250445042119823,0,1,1,1,1,0,1,0,0,0,1,0,0,0,0,0,1,0,0,0,0,1,0,1,0,0,1
0,0.14390901798450328,1.3186646800374546,0.6168389777740348,0,0,1,1,1,0,1,1,0,0,1,0,0,0,1,0,0,0,1,0,1,0,0,1,1,0,0
1,-0.6305511679972114,1.2288648125589912,-0.2357244147762793,0,1,0,0,1,0,0,1,0,0,0,0,1,0,1,0,0,0,1,0,1,0,0,1,0,1,0
1,1.3667408905872107,1.5215458621184275,2.1723646004354333,0,0,1,1,1,0,1,1,0,0,1,0,1,0,0,0,1,0,1,0,1,1,0,1,1,0,0
0,1.1629355784867594,0.6667841605641643,1.3136909864171649,0,1,1,1,1,0,0,0,0,0,1,0,1,0,1,0,1,0,1,0,1,1,0,0,0,0,0
0,-0.4267458558967602,0.9428356050349964,-0.05711624428520825,0,1,0,0,1,0,0,1,0,0,0,0,1,0,0,0,0,0,1,0,1,0,0,1,0,0,1
0,-1.2827281667186554,-1.3453980551569622,-0.9980903503501838,0,1,0,0,0,1,0,0,0,0,0,0,0,0,0,0,0,0,0,0,0,0,0,1,0,1,0
0,-1.0789228546182041,0.18951449452121918,-0.8174086751010344,0,0,0,0,1,0,0,1,0,0,0,0,0,0,0,0,0,0,0,0,0,0,0,0,1,0,0
0,-0.05989629411594795,0.4522622549211681,0.06546318061523404,1,1,0,0,1,0,0,1,0,0,0,0,1,0,0,0,1,0,0,0,0,0,0,1,0,1,0
0,1.4482630154273912,0.670110081581885,1.4651230094406553,0,0,1,1,1,0,0,0,0,0,1,0,1,0,1,0,1,0,1,0,1,0,1,1,1,0,0
0,0.06238689314432279,0.7515951465160464,0.25913734844425756,1,0,1,1,1,0,1,1,0,0,0,0,0,0,1,0,0,0,1,0,0,0,0,0,0,1,0
0,0.7960860167059473,0.6967174497236519,0.9469894640948772,0,0,1,1,1,0,0,1,0,0,0,0,1,0,1,0,1,0,0,0,0,0,0,0,0,0,0
0,-0.9158786049378431,0.8729912636628578,-0.5834114572957633,0,0,0,1,1,0,0,1,0,0,0,0,0,0,1,0,1,0,1,0,0,0,0,1,0,1,0
0,-0.14141841895612844,0.19616633655666102,-0.13762999287016686,1,1,1,1,1,0,0,1,0,0,0,0,0,0,0,0,0,0,0,0,0,0,0,1,0,1,0
0,1.6113072651077522,-1.4884126589189595,-0.36436994402216377,0,0,1,1,1,0,0,0,1,1,0,1,0,1,0,1,0,1,0,1,0,0,1,0,0,0,0
0,0.592280704605496,-1.4900756194278202,-0.5890584489773384,0,1,1,1,1,0,0,0,1,1,0,1,0,1,0,1,0,1,0,1,0,1,0,0,0,0,1
0,-0.34522373105657966,0.3308661377743562,-0.2053938930490689,0,1,1,1,1,0,1,0,0,0,1,0,0,0,0,0,0,0,1,0,1,1,0,0,0,0,1
0,1.3259798281671205,-1.3320943710860789,-0.302561855382423,0,1,0,0,1,0,1,0,1,1,0,1,0,1,0,1,0,1,0,1,0,1,0,0,1,0,0
0,-1.1604449794583847,1.1972685628906428,-0.8327173166128047,0,0,0,0,1,0,1,1,0,0,0,0,0,0,0,0,1,0,1,0,1,0,0,1,0,0,1
1,-0.8343564800976626,1.213898167979247,-0.4712657318694813,1,1,1,0,1,0,1,1,0,0,0,0,1,0,0,0,0,0,1,0,1,0,0,1,0,1,0
0,-1.2827281667186554,0.5603546879970964,-0.9728112391506326,1,1,0,0,1,0,1,1,0,0,1,0,0,0,0,0,0,0,0,0,0,0,0,1,0,1,0
0,0.021625830724232544,0.11301831111363929,-0.05100602281725391,1,1,0,0,1,0,0,1,0,0,0,0,0,0,0,0,0,0,0,0,0,0,0,0,0,1,0
0,0.06238689314432279,1.3386202061437797,0.5947142408341135,0,0,0,0,1,0,0,1,0,0,0,0,1,0,1,0,1,0,1,0,1,0,0,1,0,1,0
0,-0.7528343552574821,-1.4784348958657971,-0.8798564620172036,0,0,1,0,1,0,0,0,1,1,0,1,0,1,0,1,0,1,0,1,0,0,1,0,0,0,1
0,-1.1604449794583847,0.4755437020452143,-0.8688933570728956,1,0,0,0,1,0,0,1,0,0,0,0,0,0,0,0,0,0,0,0,1,0,0,1,0,1,0
0,-0.7935954176775724,-1.4917385799366805,-0.9124369569925416,0,1,1,1,1,0,0,0,1,1,0,1,0,1,0,1,0,1,0,1,0,1,0,0,0,0,1
0,1.3259798281671205,0.48385850458951646,1.2287214084584634,0,0,1,1,1,0,1,0,0,0,0,0,1,0,0,0,1,0,1,0,1,0,1,1,0,0,0
0,-0.3859847934766699,-0.25449596134451674,-0.38091386496427854,0,1,1,1,1,0,0,0,0,0,1,0,0,0,0,0,1,0,0,0,0,1,0,0,1,0,0
0,0.918369203966218,-0.20793306709642462,0.3449230931694366,0,1,1,0,1,0,0,0,0,0,1,0,1,0,1,0,0,0,0,0,0,0,1,0,0,1,0
0,0.6738028294456765,0.9960503413185302,1.0605248788802966,0,1,1,0,1,0,0,1,0,0,0,0,1,0,0,0,0,0,1,0,1,0,1,1,0,1,0
0,1.1221745160666692,1.2521462596830373,1.7077010075745704,0,1,1,0,1,0,1,1,0,0,0,0,1,0,1,0,0,0,1,0,1,1,0,0,0,0,0
0,1.4890240778474815,-1.4800978563746574,-0.3723992603194034,0,0,1,1,1,0,0,0,1,1,0,1,0,1,0,1,0,1,0,1,0,1,0,1,1,0,0
0,0.30695326766486425,0.6667841605641643,0.47747298775766017,0,1,0,0,1,0,1,1,0,0,0,0,0,0,0,0,0,0,1,0,0,0,0,1,0,1,0
0,1.407501953007301,0.14461456078198764,1.0521426256029585,0,1,1,0,1,0,0,0,0,0,1,0,1,0,0,0,1,0,0,0,1,0,1,1,1,0,0
1,0.10314795556441304,1.017668827933716,0.5237959663955816,1,1,0,0,1,0,1,1,0,0,0,0,0,0,0,0,0,0,1,0,1,0,0,1,0,1,0
0,-0.5490290431570309,1.2005944839083638,-0.18141623696363063,1,1,1,1,1,0,1,1,0,0,0,0,0,0,0,0,1,0,1,0,1,1,0,1,0,1,0
0,-0.7935954176775724,-1.463468251286053,-0.888701945080921,0,0,1,1,1,0,0,0,1,1,0,1,0,1,0,1,0,1,0,1,0,0,1,0,0,0,1
0,0.3477143300849545,0.7865173172021155,0.5992362458916248,0,0,0,1,1,0,1,1,0,0,0,0,1,0,0,0,0,0,1,0,0,0,0,1,0,0,0
0,-1.1604449794583847,-0.99285042727855,-0.9489659344327311,0,0,0,0,0,1,0,0,0,0,1,0,0,0,1,0,0,0,0,0,0,0,0,0,0,0,1
0,-0.34522373105657966,-0.32267734220779476,-0.42657508676451533,0,0,1,1,1,0,0,0,0,0,1,0,0,0,0,0,1,0,0,0,0,0,0,0,0,1,0
0,-1.1196839170382944,-0.46236602495207113,-0.9076502491999564,0,0,0,0,0,1,0,0,0,0,0,0,1,0,0,0,0,0,1,0,1,0,0,1,1,0,0
0,-1.1196839170382944,-0.02833333213949769,-0.8455112821413734,0,0,0,0,1,0,1,0,0,0,0,0,1,0,0,0,0,0,0,0,1,0,0,1,0,1,0
0,-1.2827281667186554,0.14128863976426648,-0.9783699965871832,1,0,1,1,1,0,0,1,0,0,0,0,0,0,0,0,0,0,0,0,0,0,0,1,0,0,1
0,1.6113072651077522,0.5104658727312833,1.5120856863550052,0,0,1,1,1,0,1,0,0,0,1,0,1,0,1,0,1,0,1,0,0,0,1,0,0,0,0
0,-0.34522373105657966,-0.5172437217444656,-0.4647805148601723,0,0,0,0,1,0,0,0,0,0,0,0,0,0,1,0,0,0,0,0,0,0,0,1,1,0,0
0,0.38847539250504476,0.6484915949666992,0.566832219406336,0,0,1,0,1,0,1,0,0,0,1,0,0,0,1,0,1,0,1,0,1,0,1,0,1,0,0
0,-1.1604449794583847,-1.4900756194278202,-0.9721053651904356,0,0,0,0,1,0,0,0,1,1,0,1,0,1,0,1,0,1,0,1,0,0,0,0,0,0,1
0,1.4482630154273912,1.7410566492880053,2.5363749782844707,0,1,0,0,1,0,1,1,0,0,1,0,1,0,1,0,1,0,1,0,1,1,0,1,1,0,0
0,0.021625830724232544,-1.4884126589189595,-0.7532403204068853,0,0,1,1,1,0,0,0,1,1,0,1,0,1,0,1,0,1,0,1,0,1,0,0,0,0,1
0,-0.05989629411594795,1.2837425093513857,0.34397457503542195,1,1,0,0,1,0,1,1,0,0,0,0,1,0,1,0,0,0,1,0,1,1,0,1,0,1,0
0,-1.1604449794583847,0.4356326498325638,-0.8740550604068354,1,0,0,0,1,0,1,1,0,0,0,0,1,0,0,0,0,0,0,0,0,0,0,0,0,0,0
1,1.4890240778474815,1.499927375503242,2.359156497152537,0,1,1,0,1,0,1,1,0,0,0,0,1,0,1,0,1,0,1,0,1,0,1,1,0,1,0
1,0.22543114282468377,0.9943873808096698,0.6027435571313531,0,1,0,0,1,0,1,1,0,0,0,0,0,0,0,0,0,0,1,0,1,0,0,0,0,1,0
0,-1.201206041878475,0.5038140306958415,-0.9024003116209921,0,0,1,1,1,0,0,1,0,0,0,0,1,0,0,0,1,0,0,0,0,0,0,1,0,1,0
0,0.6330417670255862,0.4921733071338186,0.6986100643505943,0,0,1,1,1,0,1,0,0,0,0,0,1,0,0,0,1,0,1,0,1,0,1,0,0,1,0
0,-0.712073292837392,-1.318790687015195,-0.8377246100179514,0,0,1,0,1,0,1,0,1,1,0,1,0,1,0,1,0,1,0,1,0,0,1,0,0,0,1
0,-0.3044626686364894,-1.4950645009544015,-0.7761371069907722,0,0,0,0,1,0,0,0,1,1,0,1,0,1,0,1,0,1,0,1,0,1,0,0,1,0,0
1,-1.2827281667186554,0.4522622549211681,-0.9742450456322825,1,0,0,0,1,0,0,1,0,0,0,0,0,0,0,0,0,0,1,0,0,0,0,0,0,1,0
0,0.6330417670255862,-0.6669101675419048,-0.08038802641044969,0,0,0,0,0,1,0,0,0,0,1,0,1,0,0,0,0,0,1,0,0,0,0,1,0,1,0
0,-1.2827281667186554,-1.481760816883518,-0.9998991523731884,0,1,0,0,1,0,0,0,1,1,0,1,0,1,0,1,0,1,0,1,0,0,0,0,0,0,1
0,-1.2827281667186554,-1.5183459480784474,-1.0003844407208238,0,1,0,0,1,0,0,0,1,1,0,1,0,1,0,1,0,1,0,1,0,0,0,0,0,1,0
0,0.18467008040459354,0.5054769912047018,0.32308511752584507,0,0,0,0,1,0,0,1,0,0,0,0,1,0,1,0,0,0,0,0,0,1,0,0,0,1,0
1,1.3667408905872107,1.4134534290424992,2.1022624927633795,0,1,1,0,1,0,1,1,0,0,0,0,1,0,1,0,1,0,1,0,1,1,0,1,0,0,0
0,-0.2637016062163992,-0.5654695765014182,-0.48364058473418314,0,0,1,0,0,1,0,0,0,0,1,0,1,0,1,0,0,0,1,0,0,1,0,0,0,0,0
0,1.24445770332694,0.19782929706552138,0.9538276180842846,0,1,1,0,1,0,0,0,0,0,1,0,1,0,0,0,1,0,1,0,0,1,0,0,1,0,0
0,-0.9158786049378431,-1.1757760832531978,-0.8962459730305253,1,1,0,0,0,1,0,0,0,0,0,0,0,0,1,0,0,0,0,0,0,0,0,0,0,0,1
0,-1.2419671042985652,0.19616633655666102,-0.9440468752726089,1,0,0,0,1,0,0,0,0,0,1,0,0,0,0,0,0,0,1,0,1,0,0,1,0,1,0
1,-0.5897901055771212,-0.19130346200782028,-0.5628087610825163,0,1,1,0,1,0,0,0,0,0,1,0,0,0,0,0,0,0,0,0,1,0,0,1,1,0,0
0,1.2852187657470302,-1.3071499634531722,-0.2522683357183941,0,0,1,0,1,0,1,0,1,1,0,1,0,1,0,1,0,1,0,1,0,0,1,0,0,0,1
1,-0.9566396673579334,0.6518175159844203,-0.672461869086853,1,0,0,0,1,0,1,1,0,0,0,0,0,0,0,0,0,0,0,0,1,0,0,1,0,1,0
0,-0.1821794813762187,-1.4834237773923784,-0.7726739128735561,0,0,0,1,1,0,0,0,1,1,0,1,0,1,0,1,0,1,0,1,0,0,0,0,0,0,1
0,-1.2827281667186554,0.3558105454072627,-0.9755244421851392,0,0,0,0,1,0,0,1,0,0,0,0,0,0,1,0,0,0,0,0,0,0,0,0,0,1,0
0,-1.1604449794583847,0.6917285681970708,-0.8593420000489813,1,1,0,0,1,0,1,1,0,0,0,0,0,0,0,0,0,0,0,0,1,0,0,1,0,1,0
1,0.22543114282468377,0.17621081045033601,0.09290403081788831,1,1,0,0,1,0,0,0,0,0,0,0,1,0,1,0,1,0,1,0,0,1,0,1,1,0,0
0,1.3667408905872107,1.0126799464071345,1.7587886354438205,0,1,1,0,1,0,1,1,0,0,0,0,1,0,1,0,0,0,0,0,1,1,0,0,0,1,0
0,-1.2827281667186554,0.17953673146805668,-0.9778626496782915,0,0,0,0,1,0,0,1,0,0,0,0,0,0,0,0,0,0,0,0,0,0,0,1,0,1,0
0,-0.5897901055771212,-0.48398451156725697,-0.6079405774126054,0,0,1,0,1,0,0,0,0,0,0,0,0,0,0,0,1,0,0,0,0,0,0,1,0,0,1
1,0.755324954285857,1.0958279718501562,1.1587516521539463,1,1,0,0,1,0,1,1,0,0,0,0,0,0,1,0,0,0,1,0,1,0,0,1,0,1,0
0,-1.3234892291387457,-1.4967274614632617,-1.0088549282431865,0,1,1,1,1,0,0,0,1,1,0,1,0,1,0,1,0,1,0,1,0,0,1,0,0,0,1
0,-1.2827281667186554,-0.6170213522760918,-0.9884287005199888,1,1,0,0,1,0,0,0,0,0,0,0,0,0,0,0,0,0,0,0,0,0,0,0,0,0,1
0,-0.8343564800976626,-1.513357066551866,-0.9151942771495607,0,1,0,1,1,0,0,0,1,1,0,1,0,1,0,1,0,1,0,1,0,0,1,0,0,0,0
0,0.3477143300849545,1.3785312583564302,0.9514673520298761,1,0,0,0,1,0,1,1,0,0,0,0,1,0,1,0,0,0,1,0,1,0,0,1,0,1,0
0,-0.8343564800976626,-1.325442529050637,-0.8693565868592749,0,1,0,0,1,0,1,0,1,1,0,1,0,1,0,1,0,1,0,1,0,0,0,0,0,1,0
0,0.918369203966218,-1.481760816883518,-0.5328091177741482,0,0,1,1,1,0,0,0,1,1,0,1,0,1,0,1,0,1,0,1,0,0,1,0,0,0,1
0,-1.0381617921981139,0.34915870337182087,-0.7597475959774505,0,0,0,0,1,0,1,1,0,0,0,0,0,0,0,0,0,0,0,0,0,0,0,1,0,1,0
0,-0.8343564800976626,0.8164506063616035,-0.5254856754371053,1,0,0,0,1,0,0,1,0,0,0,0,0,0,1,0,1,0,0,0,1,0,0,1,0,1,0
0,1.4482630154273912,0.7698877121135111,1.7095980438425993,0,0,1,1,1,0,1,0,0,0,1,0,1,0,1,0,1,0,1,0,1,0,1,0,1,0,0
1,-1.1196839170382944,0.608580542754049,-0.8120705032770454,1,0,0,0,1,0,1,1,0,0,0,0,0,0,0,0,0,0,1,0,0,0,0,1,1,0,0
1,0.6738028294456765,-0.7001693777191135,-0.0797262695727651,0,0,0,0,1,0,0,0,0,0,0,0,0,0,0,0,0,0,0,0,0,0,0,0,0,0,1
0,0.30695326766486425,-0.09318879198505475,0.0991686622146359,0,1,0,0,0,1,0,0,0,0,1,0,1,0,1,0,0,0,1,0,1,1,0,0,1,0,0
0,-0.6713122304173017,-1.4884126589189595,-0.8682977759189795,0,0,0,0,1,0,0,0,1,1,0,1,0,1,0,1,0,1,0,1,0,1,0,0,0,0,0
0,-0.9158786049378431,0.3092476511591708,-0.6507121276882861,1,1,0,0,1,0,1,1,0,0,0,0,0,0,0,0,0,0,0,0,0,0,0,1,0,0,1
0,1.6113072651077522,1.213898167979247,2.221908129016753,0,0,1,0,1,0,1,1,0,0,0,0,1,0,1,0,0,0,1,0,1,1,0,1,0,1,0
1,-1.2419671042985652,0.6385138319135366,-0.926775021809041,0,0,0,0,1,0,1,1,0,0,0,0,0,0,0,0,0,0,0,0,1,0,0,1,0,1,0
0,-0.3859847934766699,-1.4618052907771928,-0.8085631920373171,0,1,1,1,1,0,0,0,1,1,0,1,0,1,0,1,0,1,0,1,0,0,1,0,0,0,1
1,1.570546202687662,1.365227574285547,2.309612968571218,0,0,0,0,1,0,1,1,0,0,0,0,1,0,1,0,0,0,1,0,1,1,0,1,0,1,0
0,-0.8751175425177529,1.1523686291514113,-0.5425590018493678,1,0,1,0,1,0,1,1,0,0,0,0,0,0,1,0,0,0,1,0,1,0,0,1,0,1,0
0,-1.2827281667186554,-0.6885286541570904,-0.9893772186540034,1,1,0,0,1,0,0,0,0,0,0,0,0,0,0,0,0,0,0,0,0,0,0,1,0,0,1
0,-0.6713122304173017,-0.3642513549293056,-0.6408519508067857,1,0,0,0,1,0,0,0,0,0,0,0,1,0,0,0,1,0,0,0,0,0,0,1,0,0,1
0,-1.2827281667186554,0.6850767261616291,-0.9711568470564211,1,0,0,0,1,0,1,1,0,0,0,0,0,0,0,0,0,0,0,0,1,0,0,1,0,0,1
0,-0.8343564800976626,0.6717730420907454,-0.5677719373651507,0,1,1,0,1,0,0,1,0,0,0,0,1,0,0,0,0,0,0,0,1,0,0,1,1,0,0
0,0.8776081415461278,-0.6901916146659508,0.036588523930929616,0,0,0,0,0,1,0,0,0,0,1,0,0,0,0,0,1,0,0,0,1,1,0,0,0,0,0
0,1.4482630154273912,0.8430579745033704,1.7694870376530547,0,0,1,0,1,0,1,1,0,0,0,0,1,0,1,0,1,0,0,0,0,0,1,0,1,0,0
0,-1.1604449794583847,-0.465691945969792,-0.9031723612649575,1,0,1,1,1,0,1,0,0,0,0,0,0,0,0,0,0,0,0,0,0,0,0,0,0,0,1
0,-1.2827281667186554,-0.18797754099009936,-0.9827375917159015,1,0,0,1,1,0,0,0,0,0,0,0,0,0,1,0,0,0,0,0,1,0,0,0,0,1,0
0,-0.22294054379630893,-0.3792179995090494,-0.3641052412870899,0,1,0,0,1,0,0,0,0,0,1,0,0,0,0,0,1,0,0,0,0,0,0,0,0,0,1
0,-0.46750691831685043,-1.4934015404455407,-0.8251512301019441,0,1,0,0,1,0,0,0,1,1,0,1,0,1,0,1,0,1,0,1,0,0,0,1,0,0,1
0,-0.7935954176775724,0.6102435032629094,-0.5409487268776687,1,1,0,0,1,0,0,1,0,0,0,0,0,0,1,0,0,0,1,0,0,0,0,1,0,1,0
1,1.2852187657470302,0.32587725624777514,1.1393621768097877,0,0,0,0,1,0,1,0,0,0,0,0,1,0,1,0,1,0,0,0,1,0,0,0,1,0,0
0,-1.2827281667186554,-0.33099214475209693,-0.9846346279839305,1,0,0,0,1,0,0,0,0,0,1,0,1,0,0,0,0,0,0,0,0,0,0,1,0,1,0
0,0.9998913288063985,-0.24451819829135424,0.4319882344474725,0,1,1,0,0,1,0,0,0,0,0,0,1,0,1,0,1,0,1,0,1,0,1,1,0,0,0
0,-0.46750691831685043,1.2987091539311295,-0.01436675257078386,1,0,1,0,1,0,1,1,0,0,1,0,0,0,1,0,0,0,1,0,1,0,0,1,0,1,0
0,-0.5490290431570309,-1.5033793034987035,-0.8508494539653624,0,1,0,0,1,0,0,0,1,1,0,1,0,1,0,1,0,1,0,1,0,0,1,0,0,0,1
0,-0.05989629411594795,0.9627911311413214,0.28810023937358653,0,1,1,0,1,0,0,1,0,0,0,0,0,0,1,0,0,0,1,0,1,1,0,1,0,1,0
0,0.7960860167059473,0.811461724835022,1.0436500795193395,0,1,0,0,1,0,1,0,0,0,1,0,1,0,1,0,1,0,1,0,1,0,1,1,0,0,1
0,0.5515196421854057,0.9744318547033448,0.936026359150569,0,0,0,0,1,0,1,1,0,0,0,0,1,0,1,0,0,0,0,0,1,1,0,1,0,1,0
1,-0.8751175425177529,-0.3077106976280507,-0.7526226806917131,0,0,0,0,1,0,1,0,0,0,1,0,0,0,0,0,0,0,0,0,0,0,0,1,0,1,0
0,0.8368470791260375,-0.5371992478507907,0.0919555126838737,0,0,1,1,0,1,0,0,0,0,1,0,1,0,1,0,0,0,0,0,1,0,0,1,0,0,0
0,-0.8751175425177529,-1.516682987569587,-0.9293117563534986,1,0,1,1,1,0,0,0,1,1,0,1,0,1,0,1,0,1,0,1,0,0,0,1,0,0,1
1,0.9998913288063985,1.3319683641083384,1.6002096385733364,0,1,0,0,1,0,1,1,0,0,0,0,1,0,0,0,1,0,1,0,1,0,0,1,0,0,0
1,-1.2419671042985652,0.35248462438954203,-0.9389734061836937,1,0,0,0,1,0,1,1,0,0,0,0,0,0,0,0,0,0,0,0,0,0,0,1,0,0,1
1,-1.2419671042985652,-0.33265510526095726,-0.9628848865853638,1,0,0,0,1,0,0,0,0,0,1,0,1,0,0,0,0,0,0,0,0,0,0,0,0,0,1
0,1.570546202687662,-1.4950645009544015,-0.3959136866184626,0,0,1,1,1,0,0,0,1,1,0,1,0,1,0,1,0,1,0,1,0,0,1,0,0,0,0
0,-1.2827281667186554,-1.5116941060430058,-1.0002962064757992,0,0,1,1,1,0,0,0,1,1,0,1,0,1,0,1,0,1,0,1,0,0,0,1,0,0,1
0,1.4482630154273912,-1.3237795685417766,-0.2900987682726965,0,1,1,0,1,0,1,0,1,1,0,1,0,1,0,1,0,1,0,1,0,0,1,0,1,0,0
0,1.6113072651077522,0.6518175159844203,1.6527751900467493,0,1,1,0,1,0,0,0,0,0,1,0,1,0,1,0,1,0,1,0,1,0,1,0,0,0,1
0,-1.2419671042985652,-1.5150200270607266,-0.9892669258477226,0,0,0,0,1,0,0,0,1,1,0,1,0,1,0,1,0,1,0,1,0,0,0,0,0,0,1
1,-1.2827281667186554,1.0060281043716928,-0.9668995447339835,1,1,1,0,1,0,1,1,0,0,0,0,0,0,0,0,0,0,1,0,1,0,0,1,0,1,0
0,0.3477143300849545,0.49882514916926,0.4561644175842163,0,0,0,0,1,0,0,0,0,0,1,0,0,0,1,0,1,0,1,0,1,1,0,1,0,0,0
0,1.6113072651077522,-1.3071499634531722,-0.1848794310808466,0,1,1,1,1,0,1,0,1,1,0,1,0,1,0,1,0,1,0,1,0,0,1,0,1,0,0
0,-1.0789228546182041,0.35414758489840237,-0.8156219316392861,1,1,1,0,1,0,1,1,0,0,0,0,0,0,0,0,0,0,0,0,0,0,0,1,0,1,0
0,-1.1604449794583847,0.29594396708828713,-0.8652757530268865,1,0,1,1,1,0,0,1,0,0,0,0,0,0,1,0,0,0,0,0,0,0,0,1,0,1,0
0,-0.8343564800976626,1.037624354040041,-0.5023462446794009,1,1,0,0,1,0,1,1,0,0,0,0,0,0,0,0,0,0,1,0,1,0,0,1,0,1,0
0,1.0406523912264887,0.11800719264022078,0.7435874707518901,0,0,1,0,1,0,1,0,0,0,1,0,0,0,0,0,1,0,0,0,1,1,0,1,0,1,0
0,-1.0381617921981139,-1.4701200933214948,-0.9400763342465014,0,0,0,0,1,0,0,0,1,1,0,1,0,1,0,1,0,1,0,1,0,0,0,0,0,0,1
0,1.3259798281671205,-0.32267734220779476,0.6116331573175828,0,0,1,0,1,0,0,0,0,0,1,0,0,0,1,0,0,0,0,0,0,0,0,1,0,0,1
0,-1.2827281667186554,0.19117745503007955,-0.9777082397494985,0,1,0,0,1,0,0,1,0,0,0,0,0,0,0,0,0,0,0,0,0,0,0,1,0,0,1
0,0.9591302663863083,-1.4934015404455407,-0.5117652503357782,0,1,1,0,1,0,0,0,1,1,0,1,0,1,0,1,0,1,0,1,0,1,0,0,1,0,0
0,-1.1604449794583847,-1.5249977901138891,-0.9764509017578978,0,1,0,0,1,0,0,0,1,1,0,1,0,1,0,1,0,1,0,1,0,0,0,0,0,0,1
0,1.0406523912264887,-0.6901916146659508,0.055713296540014445,0,0,1,1,1,0,0,0,0,0,0,0,0,0,0,0,0,0,0,0,0,1,0,1,0,0,1
0,1.2036966409068497,1.4217682315868014,2.040829399664993,0,1,1,0,1,0,1,1,0,0,0,0,0,0,1,0,1,0,1,0,1,0,1,1,0,0,0
0,-0.2637016062163992,-0.1098183970736591,-0.31094410865976113,0,1,0,0,1,0,1,0,0,0,1,0,1,0,0,0,0,0,0,0,0,1,0,0,0,1,0
0,1.2036966409068497,0.8596875795919747,1.4557260623455341,0,1,0,0,1,0,1,1,0,0,1,0,1,0,1,0,0,0,0,0,0,0,0,0,0,0,0
0,1.0406523912264887,1.144053826607109,1.5705188151225544,0,0,1,1,1,0,0,1,0,0,1,0,1,0,0,0,0,0,1,0,1,1,0,0,1,0,0
0,1.4482630154273912,0.8929467897691834,1.8255378418049397,0,0,1,0,1,0,1,0,0,0,1,0,1,0,1,0,1,0,1,0,1,0,1,1,0,1,0
0,1.1629355784867594,1.1922796813640617,1.6464002658437207,0,0,1,1,1,0,1,1,0,0,1,0,1,0,1,0,0,0,0,0,1,1,0,1,1,0,0
0,0.38847539250504476,0.4522622549211681,0.47939208258694543,0,0,0,0,1,0,1,0,0,0,0,0,0,0,1,0,1,0,1,0,1,0,1,1,1,0,0
0,-0.5897901055771212,0.6468286344578388,-0.3303777011264319,0,1,0,0,1,0,1,1,0,0,0,0,0,0,0,0,0,0,1,0,0,0,0,0,0,0,0
0,0.9591302663863083,-1.5067052245164245,-0.5321473609364636,0,0,0,0,1,0,0,0,1,1,0,1,0,1,0,1,0,1,0,1,0,0,1,1,0,0,0
0,-1.1604449794583847,0.8014839617818594,-0.8521509090794754,1,0,0,0,1,0,1,1,0,0,0,0,1,0,0,0,0,0,0,0,1,0,0,1,0,1,0
0,-1.1604449794583847,-1.4767719353569364,-0.9723038922417411,0,0,0,0,1,0,0,0,1,1,0,1,0,1,0,1,0,1,0,1,0,0,0,0,1,0,0
0,0.10314795556441304,-0.3077106976280507,-0.11925521134379137,0,0,0,1,1,0,0,0,0,0,1,0,1,0,0,0,0,0,0,0,0,1,0,0,1,0,0
0,1.2852187657470302,0.7299766599008606,1.341374480793637,0,0,1,1,1,0,1,1,0,0,1,0,0,0,0,0,1,0,0,0,0,0,0,1,0,0,0
0,-0.05989629411594795,-1.460142330268332,-0.7074246886778555,0,0,0,0,1,0,0,0,1,1,0,1,0,1,0,1,0,1,0,1,0,1,0,0,0,0,1
1,1.407501953007301,-1.4900756194278202,-0.4516336123515051,0,0,1,0,1,0,0,0,1,1,0,1,0,1,0,1,0,1,0,1,0,0,1,1,0,0,0
0,-1.1604449794583847,-0.4706808274963733,-0.9421057218820674,1,0,0,0,1,0,0,0,0,0,0,0,1,0,0,0,0,0,0,0,0,0,0,0,1,0,0
1,1.5297851402675717,1.6229864531589144,2.394626663652431,0,0,1,0,1,0,1,1,0,0,1,0,1,0,1,0,1,0,1,0,1,0,1,1,0,1,0
0,-1.201206041878475,-0.38088096001790994,-0.9256059180624652,1,1,0,0,1,0,0,0,0,0,0,0,0,0,0,0,0,0,1,0,0,0,0,0,1,0,0
1,0.8368470791260375,1.2321907335767122,1.4393806684547248,1,1,1,0,1,0,1,1,0,0,0,0,1,0,0,0,0,0,1,0,1,0,0,1,0,1,0
0,-1.2419671042985652,-0.17799977793693683,-0.9512820833646272,0,1,1,1,1,0,0,0,0,0,1,0,1,0,0,0,1,0,0,0,0,0,1,0,0,0,1
0,-0.14141841895612844,0.7632358700780693,0.14778573122319708,0,0,1,1,1,0,0,1,0,0,0,0,0,0,0,0,0,0,1,0,1,0,0,1,1,0,0
0,0.592280704605496,-0.76336187705581,-0.18154858833116752,0,0,0,0,0,1,0,0,0,0,1,0,0,0,1,0,1,0,0,0,0,0,1,0,0,0,1
0,1.4482630154273912,0.6035916612274677,1.4995564235615104,1,0,1,1,1,0,1,1,0,0,0,0,0,0,0,0,0,0,1,0,0,1,0,1,0,1,0
0,-0.8343564800976626,0.166233047397173,-0.6393740272026235,0,1,0,1,1,0,0,0,0,0,1,0,0,0,0,0,0,0,1,0,1,0,0,1,0,0,1
0,-0.9974007297780236,-0.28442925050400475,-0.8317246813562778,0,0,1,1,1,0,0,0,0,0,0,0,1,0,0,0,1,0,0,0,0,0,0,0,0,0,0
0,0.8776081415461278,1.4866236914323585,1.6906497397235638,0,1,1,0,1,0,1,1,0,0,1,0,1,0,1,0,0,0,1,0,1,0,0,0,0,1,0
0,1.4890240778474815,0.9079134343489274,1.8503316646568553,0,1,1,1,1,0,0,1,0,0,0,0,1,0,0,0,1,0,1,0,0,0,1,1,0,0,1
0,-0.2637016062163992,0.15459232383515015,-0.21472466446042168,0,0,0,0,1,0,1,0,0,0,1,0,1,0,0,0,0,0,1,0,0,0,0,1,0,0,0
0,1.6113072651077522,1.0692206037083893,2.125313689276059,0,0,1,0,1,0,1,1,0,0,1,0,1,0,1,0,1,0,0,0,0,0,1,1,0,0,0
0,1.5297851402675717,-0.2162478696407268,0.8503509072316707,0,0,0,0,0,1,0,0,0,0,1,0,0,0,1,0,1,0,1,0,1,0,1,1,0,0,0
0,-1.2827281667186554,-0.47400674851409424,-0.9865316642519597,1,1,0,1,1,0,0,0,0,0,1,0,0,0,0,0,0,0,0,0,0,0,0,0,0,0,1
0,-0.9158786049378431,0.8197765273793242,-0.6280800438394731,1,1,0,0,1,0,0,1,0,0,0,0,0,0,0,0,0,0,1,0,1,0,0,1,0,1,0
0,-0.1821794813762187,0.18452561299463818,-0.1299536135530256,0,0,1,1,1,0,0,1,0,0,0,0,0,0,0,0,0,0,0,0,0,1,0,1,0,0,0
0,-1.2827281667186554,0.16457008688831268,-0.9780611767295968,1,1,0,0,1,0,0,1,0,0,0,0,0,0,0,0,0,0,0,0,0,0,0,1,0,1,0
0,-0.46750691831685043,0.9794207362299259,-0.14929897177467183,0,0,1,0,1,0,1,1,0,0,0,0,0,0,0,0,0,0,1,0,1,0,0,1,0,1,0
1,0.755324954285857,0.9627911311413214,1.0871275037552173,1,1,1,0,1,0,1,1,0,0,1,0,0,0,1,0,0,0,1,0,0,0,0,1,0,0,0
0,0.8368470791260375,-1.5067052245164245,-0.564198450441654,0,0,1,1,1,0,0,0,1,1,0,1,0,1,0,1,0,1,0,1,0,1,0,0,0,0,0
0,0.8368470791260375,1.0342984330223204,1.2132804155791563,0,1,0,1,1,0,0,1,0,0,1,0,1,0,1,0,0,0,0,0,1,1,0,0,0,1,0
0,-0.34522373105657966,1.2039204049260845,0.04633840800614941,1,1,1,0,1,0,1,1,0,0,0,0,0,0,1,0,0,0,1,0,1,0,0,1,0,1,0
0,1.5297851402675717,0.9960503413185302,2.017160563437141,0,0,1,0,1,0,1,0,0,0,1,0,1,0,1,0,1,0,1,0,1,0,1,1,1,0,0
0,1.1629355784867594,1.426757113113383,1.8684196848869008,0,1,0,0,1,0,1,1,0,0,1,0,1,0,1,0,0,0,1,0,1,1,0,1,0,1,0
0,-0.8751175425177529,-0.34096990780525943,-0.7362772868009037,0,0,0,0,1,0,0,0,0,0,1,0,0,0,0,0,1,0,0,0,0,1,0,1,0,0,1
0,-1.2419671042985652,0.21445890215412572,-0.9392601674800237,0,1,0,0,1,0,0,1,0,0,0,0,0,0,0,0,0,0,0,0,0,0,0,1,1,0,0
0,-0.3044626686364894,-1.5083681850252848,-0.7810782247121505,0,1,0,0,1,0,0,0,1,1,0,1,0,1,0,1,0,1,0,1,0,1,0,1,0,0,0
0,0.3477143300849545,-0.28442925050400475,0.034073847947728254,0,0,0,0,1,0,1,0,0,0,0,0,1,0,0,0,0,0,0,0,0,1,0,1,1,0,0
0,-0.5897901055771212,0.9927244203008095,-0.2641799587967167,1,1,1,0,1,0,1,1,0,0,0,0,0,0,0,0,0,0,1,0,1,0,0,1,0,1,0
1,1.6113072651077522,1.3070239564754318,2.383729734391892,1,1,1,0,1,0,1,1,0,0,0,0,1,0,1,0,0,0,1,0,1,0,1,1,0,0,0
0,1.570546202687662,0.8546986980653932,1.7436344038608436,0,0,1,1,1,0,1,0,0,0,1,0,1,0,1,0,1,0,1,0,1,0,1,1,1,0,0
0,0.06238689314432279,-0.13476280470656563,-0.10796122798064106,0,0,1,1,1,0,0,0,0,0,1,0,1,0,1,0,0,0,0,0,0,1,0,1,0,0,1
0,-0.14141841895612844,1.129087182027365,0.22955681779975629,0,1,0,0,1,0,0,1,0,0,0,0,0,0,1,0,1,0,1,0,1,0,0,1,1,0,0
1,0.30695326766486425,1.1074686954121795,0.8073587713434286,0,1,1,0,1,0,0,1,0,0,1,0,1,0,1,0,1,0,1,0,0,1,0,1,1,0,0
0,0.14390901798450328,-0.9812097037165269,-0.42741331209224903,0,1,1,0,0,1,0,0,0,0,1,0,0,0,1,0,0,0,0,0,0,1,0,0,0,0,1
0,0.5515196421854057,1.2737647462982231,1.0181724412684827,0,0,1,0,1,0,1,1,0,0,0,0,1,0,0,0,1,0,1,0,1,1,0,1,0,1,0
0,1.0406523912264887,1.426757113113383,1.784972147654874,0,0,0,0,1,0,1,1,0,0,1,0,1,0,1,0,0,0,1,0,1,1,0,1,0,1,0
0,0.26619220524477405,0.5503769249439339,0.40895909649604884,0,1,0,0,1,0,1,1,0,0,0,0,1,0,0,0,0,0,0,0,0,1,0,0,1,0,0
0,-1.1604449794583847,-0.11314431809137979,-0.907584073516188,1,1,1,1,1,0,0,0,0,0,0,0,0,0,0,0,1,0,0,0,1,0,0,0,1,0,0
0,0.7960860167059473,1.025983630478018,1.1864792636529302,0,0,1,1,1,0,1,1,0,0,0,0,1,0,1,0,0,0,1,0,0,1,0,1,1,0,0
1,1.5297851402675717,1.3286424430906172,2.215643497620006,0,1,1,0,1,0,1,1,0,0,0,0,1,0,1,0,0,0,1,0,1,1,0,1,0,1,0
1,1.3259798281671205,0.20281817859210285,1.0007682364373782,0,1,1,0,1,0,0,1,0,0,0,0,0,0,0,0,0,0,0,0,0,1,0,1,0,0,0
0,-1.2827281667186554,-0.6619212860153233,-0.9890242816739051,0,1,0,0,1,0,0,0,0,0,0,0,0,0,0,0,0,0,0,0,0,0,0,1,0,0,1
0,1.5297851402675717,1.0908390903235752,2.0716231511785823,0,0,1,0,1,0,1,1,0,0,0,0,0,0,1,0,0,0,1,0,1,1,0,1,0,1,0
1,-0.14141841895612844,-0.9712319406633644,-0.5565882468082811,0,0,1,1,0,1,0,0,0,0,0,0,1,0,1,0,0,0,0,0,0,0,0,1,0,0,1
0,-1.2827281667186554,0.8546986980653932,-0.9689068738082933,1,1,0,0,1,0,0,1,0,0,0,0,0,0,0,0,0,0,1,0,1,0,0,1,0,1,0
0,1.407501953007301,0.6784248841261872,1.5120856863550052,0,0,0,0,1,0,1,0,0,0,1,0,0,0,1,0,1,0,1,0,1,0,1,1,0,0,1
0,-1.2827281667186554,-1.5083681850252848,-1.000252089353287,0,0,0,0,1,0,0,0,1,1,0,1,0,1,0,1,0,1,0,1,0,0,0,1,0,0,1
0,-0.2637016062163992,0.7964950802552779,-0.005477152384554152,1,0,0,0,1,0,0,1,0,0,0,0,0,0,0,0,0,0,1,0,1,0,0,1,0,0,0
0,-0.1006573565360382,-1.322116608032916,-0.6605281874472743,0,0,1,1,1,0,1,0,1,1,0,1,0,1,0,1,0,1,0,1,0,0,1,1,0,0,1
0,0.6330417670255862,1.1706611947488759,1.1237667740016875,0,0,1,0,1,0,0,1,0,0,0,0,0,0,1,0,1,0,1,0,1,0,0,1,1,0,0
0,0.918369203966218,-0.3043847766103298,0.3728051145972141,0,0,1,1,1,0,0,0,0,0,1,0,1,0,0,0,0,0,0,0,0,0,0,0,0,1,0
0,-1.0381617921981139,0.6767619236173268,-0.7430272065452865,1,1,0,0,1,0,1,1,0,0,0,0,0,0,0,0,0,0,0,0,1,0,0,1,0,0,1
0,0.18467008040459354,0.8746542241717187,0.4775612220026847,0,1,0,0,1,0,1,1,0,0,1,0,0,0,0,0,0,0,1,0,0,0,0,1,0,1,0
0,-0.05989629411594795,0.6318619898780948,0.17090310341964549,0,0,1,0,1,0,0,1,0,0,0,0,1,0,0,0,0,0,0,0,1,0,0,1,0,0,0
0,-1.1604449794583847,-0.6303250363469752,-0.9207309760248552,0,1,0,0,1,0,0,0,0,0,0,0,0,0,0,0,0,0,0,0,0,0,0,1,0,1,0
0,1.6113072651077522,-1.322116608032916,-0.21880549829280999,0,1,1,1,1,0,1,0,1,1,0,1,0,1,0,1,0,1,0,1,0,0,1,1,1,0,0
1,-1.1196839170382944,0.8829690267160208,-0.8104381697440901,1,1,0,0,1,0,0,1,0,0,0,0,0,0,0,0,0,0,1,0,1,0,0,1,0,1,0
0,-1.2827281667186554,-1.501716342989843,-1.0001638551082623,0,1,1,1,1,0,0,0,1,1,0,1,0,1,0,1,0,1,0,1,0,0,0,0,0,0,1
1,-0.712073292837392,0.8862949477337415,-0.3910828617033651,0,0,0,0,1,0,0,1,0,0,0,0,0,0,0,0,0,0,1,0,1,0,0,1,0,1,0
0,-0.9974007297780236,-0.4507253013900483,-0.8272688519825349,0,1,1,1,1,0,0,0,0,0,1,0,0,0,0,0,0,0,0,0,0,0,0,1,1,0,0
0,0.10314795556441304,-1.4551534487417508,-0.6819470504269988,0,0,0,0,1,0,0,0,1,1,0,1,0,1,0,1,0,1,0,1,0,1,0,0,0,0,1
1,0.9591302663863083,1.326979482581757,1.5681806076294025,0,0,0,0,1,0,1,1,0,0,0,0,1,0,1,0,0,0,1,0,1,0,0,0,0,1,0
0,0.38847539250504476,1.3735423768298491,0.982018459369648,1,1,1,0,1,0,1,1,0,0,0,0,0,0,1,0,1,0,1,0,1,0,0,1,0,0,0
1,1.3259798281671205,0.6950544892147915,1.5007255273080864,0,1,1,1,1,0,1,1,0,0,1,0,1,0,0,0,0,0,0,0,0,0,0,1,0,1,0
0,-1.2419671042985652,-1.481760816883518,-0.9947815661617608,0,0,1,1,1,0,0,0,1,1,0,1,0,1,0,1,0,1,0,1,0,1,0,0,0,0,1
1,1.3259798281671205,1.193942641872922,1.9358085895244481,0,1,1,0,1,0,1,1,0,0,1,0,0,0,0,0,0,0,1,0,1,1,0,1,0,1,0
0,-0.5897901055771212,0.3092476511591708,-0.415148752033828,0,0,0,0,1,0,1,1,0,0,0,0,0,0,0,0,0,0,0,0,0,0,0,1,0,1,0
0,-0.3859847934766699,0.4555881759388888,-0.1957543017801301,0,0,0,0,1,0,1,0,0,0,1,0,0,0,1,0,0,0,1,0,1,1,0,1,0,1,0
0,-1.1604449794583847,-0.6502805624533005,-0.9219662554551998,1,0,0,0,1,0,0,0,0,0,0,0,0,0,0,0,0,0,0,0,0,0,0,1,0,0,1
0,1.5297851402675717,-1.4967274614632617,-0.3763036256617425,0,1,1,0,1,0,0,0,1,1,0,1,0,1,0,1,0,1,0,1,0,0,1,0,1,0,0
0,-1.1604449794583847,-0.4706808274963733,-0.9142016418930339,0,0,0,0,1,0,1,0,0,0,0,0,0,0,0,0,0,0,0,0,0,0,0,0,0,1,0
0,-0.5490290431570309,-0.660258325506463,-0.6268668229703848,0,1,0,0,1,0,0,0,0,0,0,0,0,0,0,0,0,0,0,0,0,0,0,1,0,0,0
0,-0.5897901055771212,0.4306437683059823,-0.4094797017909967,0,0,0,0,1,0,0,1,0,0,0,0,1,0,1,0,0,0,0,0,0,0,0,0,0,1,0
1,0.22543114282468377,0.6185583058072116,0.379577092902853,0,0,1,0,1,0,0,1,0,0,1,0,0,0,0,0,0,0,0,0,1,0,0,1,0,1,0
0,-1.2419671042985652,0.2793143619996828,-0.9510394391908094,1,1,0,0,1,0,1,1,0,0,0,0,0,0,0,0,0,0,0,0,0,0,0,1,1,0,0
0,0.592280704605496,0.9960503413185302,0.9922315732312471,0,1,0,0,1,0,1,1,0,0,1,0,1,0,0,0,0,0,1,0,0,1,0,0,0,0,0
0,0.7960860167059473,-1.4884126589189595,-0.5329414691416852,0,0,1,1,1,0,0,0,1,1,0,1,0,1,0,1,0,1,0,1,0,0,1,0,0,0,0
0,-0.9566396673579334,-0.1646960938660534,-0.7695636557364385,0,1,0,0,1,0,1,0,0,0,0,0,0,0,0,0,0,0,0,0,1,0,0,0,0,0,1
0,-0.2637016062163992,0.8397320534856492,0.011375588415146876,0,0,1,0,1,0,1,0,0,0,1,0,1,0,1,0,1,0,1,0,1,1,0,1,1,0,0
0,-0.9974007297780236,-0.45904010393435046,-0.8257468112558604,1,1,1,1,1,0,0,0,0,0,0,0,0,0,1,0,0,0,0,0,0,0,0,1,0,1,0
0,0.46999751734522527,0.20281817859210285,0.42515008045806507,0,1,1,0,1,0,0,0,0,0,0,0,1,0,1,0,1,0,1,0,0,1,0,1,0,1,0
0,-1.201206041878475,-1.1857538463063604,-0.9653995625685651,0,0,0,0,0,1,0,0,0,0,0,0,1,0,0,0,0,0,0,0,0,0,0,0,0,0,1
0,-1.2419671042985652,-0.607043589222929,-0.9700759775548695,0,1,0,0,1,0,0,0,0,0,0,0,0,0,0,0,0,0,0,0,0,0,0,1,0,0,0
0,-0.9566396673579334,0.6817508051439078,-0.675925063204069,1,0,1,1,1,0,1,1,0,0,0,0,0,0,0,0,0,0,1,0,0,0,0,1,0,0,0
1,-1.2827281667186554,0.34915870337182087,-0.975612676430164,1,1,0,0,1,0,1,1,0,0,0,0,0,0,0,0,0,0,0,0,0,0,0,1,0,1,0
0,-0.3044626686364894,0.3142365326857518,-0.14757840399669186,0,1,0,0,1,0,0,1,0,0,1,0,0,0,0,0,0,0,0,0,0,0,0,0,0,0,0
1,-1.2419671042985652,0.1479404817997083,-0.9410027938192598,0,0,1,0,1,0,0,1,0,0,0,0,0,0,0,0,0,0,0,0,0,0,0,1,0,1,0
0,0.429236454925135,0.34416982184523986,0.40227535243543444,1,1,0,0,1,0,0,1,0,0,1,0,0,0,0,0,0,0,0,0,0,0,0,1,0,1,0
0,-1.2827281667186554,-1.4618052907771928,-0.9996344496381145,1,0,0,0,1,0,0,0,1,1,0,1,0,1,0,1,0,1,0,1,0,0,0,0,0,0,1
0,1.0406523912264887,0.9794207362299259,1.4661818203809507,0,0,1,0,1,0,1,1,0,0,0,0,1,0,1,0,0,0,0,0,1,1,0,1,0,1,0
0,1.081413453646579,0.3857438345667507,0.985018423700485,0,0,1,1,1,0,1,0,0,0,1,0,0,0,1,0,1,0,1,0,0,0,1,1,0,0,1
0,0.46999751734522527,-0.3609254339115847,0.0677131538633616,0,1,0,0,0,1,0,0,0,0,1,0,0,0,1,0,0,0,1,0,1,1,0,1,0,1,0
0,1.3667408905872107,1.3103498774931526,2.017844378836082,0,1,0,0,1,0,1,1,0,0,0,0,1,0,0,0,1,0,1,0,1,1,0,1,0,1,0
0,1.4482630154273912,-1.4934015404455407,-0.4010533313911462,0,1,1,1,1,0,0,0,1,1,0,1,0,1,0,1,0,1,0,1,0,0,1,0,0,0,0
0,-0.9566396673579334,-1.3271054895594974,-0.9249221026635243,0,1,0,0,0,1,0,0,0,0,0,0,0,0,0,0,0,0,0,0,0,0,0,1,0,1,0
0,-0.5490290431570309,0.6617952790375828,-0.2800621229011469,0,1,0,0,1,0,1,1,0,0,1,0,0,0,1,0,0,0,0,0,0,0,0,1,0,1,0
0,-1.1604449794583847,-1.5000533824809827,-0.9743112213160509,0,1,0,0,1,0,0,0,1,1,0,1,0,1,0,1,0,1,0,1,0,0,0,0,0,0,1
0,1.5297851402675717,1.6229864531589144,2.4937137208150704,0,0,0,0,1,0,1,1,0,0,1,0,1,0,1,0,1,0,1,0,1,0,1,1,0,0,0
0,-1.2827281667186554,-0.6635842465241839,-0.9890463402351611,0,1,0,0,1,0,0,0,0,0,0,0,0,0,0,0,0,0,0,0,0,0,0,1,0,0,1
0,-0.9974007297780236,0.3458327823541002,-0.7544314827147176,0,0,0,0,1,0,1,1,0,0,0,0,0,0,0,0,0,0,0,0,0,0,0,1,0,1,0
0,0.8368470791260375,-1.3387462131215204,-0.4445969313107923,0,1,0,0,1,0,1,0,1,1,0,1,0,1,0,1,0,1,0,1,0,0,1,0,0,0,1
1,0.755324954285857,-1.325442529050637,-0.4526703647305443,0,1,0,0,1,0,1,0,1,1,0,1,0,1,0,1,0,1,0,1,0,1,0,0,0,0,0
0,-0.8751175425177529,-1.460142330268332,-0.8909078012065363,0,1,1,1,1,0,0,0,1,1,0,1,0,1,0,1,0,1,0,1,0,0,0,0,0,0,0
0,1.1221745160666692,1.5215458621184275,1.897073755958644,0,1,1,1,1,0,1,1,0,0,1,0,0,0,1,0,1,0,1,0,1,0,1,1,0,1,0
0,-0.6305511679972114,-0.31103661864577165,-0.5967348282944797,0,1,0,0,1,0,0,0,0,0,1,0,1,0,0,0,0,0,0,0,0,0,0,1,1,0,0
0,-1.201206041878475,-0.7167989828077179,-0.9543041062567201,1,1,0,0,1,0,0,0,0,0,0,0,0,0,0,0,0,0,0,0,0,0,0,1,0,1,0
0,1.5297851402675717,1.4849607309234982,2.31521584313028,1,1,1,0,1,0,0,1,0,0,1,0,1,0,1,0,1,0,1,0,1,1,0,1,0,0,0
0,-1.2827281667186554,-1.510031145534145,-1.0002741479145432,0,1,0,0,1,0,0,0,1,1,0,1,0,1,0,1,0,1,0,1,0,0,0,0,0,0,1
1,0.429236454925135,0.6651212000553035,0.5994788900654424,0,1,0,0,1,0,1,1,0,0,0,0,0,0,0,0,0,0,1,0,0,0,0,1,0,1,0
0,-0.6713122304173017,-1.505042264007564,-0.8701286365032401,0,0,1,0,1,0,0,0,1,1,0,1,0,1,0,1,0,1,0,1,0,0,0,0,0,0,1
0,0.9998913288063985,-0.3792179995090494,0.33804082205751684,0,0,1,1,1,0,0,0,0,0,1,0,1,0,0,0,0,0,0,0,0,1,0,0,0,1,0
0,0.18467008040459354,-1.4983904219721222,-0.7101599502736186,0,1,1,1,1,0,0,0,1,1,0,1,0,1,0,1,0,1,0,1,0,1,0,0,1,0,0
0,1.6113072651077522,1.5714346773842405,2.5054929925258564,0,0,1,0,1,0,1,1,0,0,1,0,1,0,1,0,1,0,1,0,1,0,1,0,1,0,0
1,-0.8751175425177529,0.6634582395464431,-0.6087788027403392,1,0,0,0,1,0,1,1,0,0,0,0,0,0,0,0,0,0,0,0,1,0,0,1,1,0,0
1,0.7145638918657667,1.0043651438628323,1.1478988400159187,1,0,1,0,1,0,1,1,0,0,0,0,1,0,1,0,0,0,1,0,0,0,0,1,0,1,0
1,-1.1196839170382944,-0.4823215510583964,-0.9041870550827404,1,1,0,0,1,0,0,0,0,0,0,0,0,0,1,0,0,0,0,0,0,0,0,0,0,1,0
0,-1.2827281667186554,0.32421429573891436,-0.9759435548490063,1,1,1,0,1,0,1,1,0,0,0,0,0,0,0,0,0,0,0,0,0,0,0,1,0,0,0
0,-0.6713122304173017,-1.501716342989843,-0.8577979007610506,1,1,0,0,1,0,0,0,1,1,0,1,0,1,0,1,0,1,0,1,0,0,0,1,0,0,1
1,-1.2419671042985652,0.31091061166803113,-0.9470468396034458,0,1,1,0,1,0,0,1,0,0,0,0,0,0,1,0,0,0,0,0,0,0,0,1,0,1,0
0,-0.6305511679972114,0.1379627187465458,-0.5200372108068356,0,0,0,0,1,0,1,0,0,0,0,0,0,0,1,0,1,0,1,0,0,0,0,1,0,0,1
0,-0.6713122304173017,-1.513357066551866,-0.878466772658066,0,0,0,0,1,0,0,0,1,1,0,1,0,1,0,1,0,1,0,1,0,1,0,0,1,0,0
0,-0.712073292837392,-0.1796627384457972,-0.6150434341370866,1,0,0,0,1,0,0,0,0,0,0,0,0,0,1,0,0,0,0,0,1,0,0,1,0,1,0
0,-0.9158786049378431,-1.4983904219721222,-0.9213927328625399,0,0,0,0,1,0,0,0,1,1,0,1,0,1,0,1,0,1,0,1,0,1,0,1,0,0,1
0,0.5515196421854057,1.3419461271615007,1.1188477148415654,1,0,0,1,1,0,0,1,0,0,1,0,1,0,0,0,1,0,1,0,1,1,0,1,0,0,0
0,1.2852187657470302,1.4749829678703357,1.9651464759951318,0,1,1,1,1,0,1,1,0,0,0,0,1,0,1,0,1,0,1,0,1,0,1,1,1,0,0
0,-1.2827281667186554,0.4755437020452143,-0.9739362257746963,0,0,0,0,1,0,1,1,0,0,0,0,1,0,0,0,0,0,0,0,0,0,0,1,0,0,1
0,-0.3044626686364894,-0.3725661574736078,-0.41086939115013427,0,1,1,1,1,0,0,0,0,0,0,0,1,0,1,0,0,0,0,0,0,1,0,0,0,0,1
0,1.570546202687662,1.1756500762754574,2.171548433668956,0,1,1,1,1,0,0,1,0,0,1,0,1,0,1,0,1,0,1,0,0,0,1,0,1,0,0
0,-0.9974007297780236,-0.6552694439798817,-0.8154454631492368,1,1,0,0,1,0,0,0,0,0,0,0,0,0,0,0,0,0,0,0,0,0,0,1,0,0,1
0,1.6113072651077522,1.456690402272871,2.399788366986371,0,0,1,1,1,0,0,1,0,0,1,0,1,0,1,0,1,0,1,0,1,0,1,1,0,0,0
0,0.6738028294456765,-0.8049358897773209,-0.0952996138196092,0,0,1,0,0,1,0,0,0,0,1,0,0,0,0,0,0,0,1,0,0,0,0,0,0,0,0
0,-0.14141841895612844,-0.3160255001723529,-0.2866796912779928,0,1,1,1,0,1,0,0,0,0,1,0,1,0,1,0,1,0,0,0,1,1,0,1,1,0,0
0,1.6113072651077522,1.355249811232384,2.3358847150272957,0,1,1,0,1,0,1,1,0,0,1,0,1,0,1,0,1,0,0,0,1,0,1,0,0,0,0
0,-0.05989629411594795,0.9627911311413214,0.32326158601589433,1,1,1,0,1,0,1,1,0,0,0,0,1,0,1,0,0,0,1,0,0,0,0,0,0,1,0
0,0.7145638918657667,1.025983630478018,1.0777746737826084,0,0,0,0,1,0,1,1,0,0,0,0,0,0,0,0,0,0,1,0,1,0,0,1,0,1,0
0,1.570546202687662,0.6102435032629094,1.6938041139831939,0,1,1,0,1,0,1,0,0,0,1,0,0,0,1,0,1,0,1,0,1,0,1,0,0,1,0
1,1.5297851402675717,0.8380690929767889,1.785258908951204,0,1,1,0,1,0,1,0,0,0,1,0,1,0,1,0,1,0,1,0,1,0,1,0,1,0,0
0,1.570546202687662,1.0908390903235752,1.9416320496960728,0,1,0,0,1,0,1,1,0,0,1,0,0,0,0,0,1,0,0,0,1,1,0,0,1,0,0
0,1.1629355784867594,0.10636646907819745,0.8256453186247794,0,1,1,1,1,0,0,0,0,0,1,0,1,0,1,0,1,0,0,0,0,0,1,1,0,0,0
0,-0.019135231695857704,1.0426132355666224,0.39556954981356396,1,1,0,0,1,0,0,1,0,0,0,0,0,0,0,0,1,0,1,0,1,0,0,1,0,1,0
0,-1.2827281667186554,0.49051034662495785,-0.973737698723391,1,0,0,1,1,0,0,1,0,0,0,0,0,0,0,0,0,0,0,0,1,0,0,1,0,1,0
0,1.4482630154273912,1.2388425756121535,2.145232570090365,0,1,0,0,1,0,1,1,0,0,1,0,1,0,1,0,0,0,0,0,1,0,1,1,0,0,0
0,1.2036966409068497,-1.3786572653341709,-0.3781344862460032,0,1,0,0,1,0,1,0,1,1,0,1,0,1,0,1,0,1,0,1,0,0,1,0,0,0,0
0,-1.0381617921981139,0.20614409960982355,-0.800335348688772,0,0,0,1,1,0,0,1,0,0,0,0,0,0,0,0,0,0,0,0,0,0,0,1,0,1,0
0,-0.5082679807369407,0.6784248841261872,-0.24364343826723828,1,1,0,0,1,0,1,1,0,0,0,0,0,0,0,0,0,0,1,0,0,0,0,1,0,1,0
0,-1.0789228546182041,-1.510031145534145,-0.9587819941917192,0,1,1,1,1,0,0,0,1,1,0,1,0,1,0,1,0,1,0,1,0,1,0,0,0,0,1
1,0.021625830724232544,-0.1796627384457972,-0.1774015788150107,0,0,0,0,0,1,0,0,0,0,1,0,1,0,1,0,0,0,1,0,1,0,0,1,0,0,0
0,-0.1821794813762187,0.9095763948577877,0.12413895355660107,0,1,1,1,1,0,1,1,0,0,0,0,0,0,0,0,0,0,1,0,1,1,0,0,0,0,0
0,-0.22294054379630893,-1.4967274614632617,-0.8015044524353482,0,1,0,0,1,0,0,0,1,1,0,1,0,1,0,1,0,1,0,1,0,0,1,0,1,0,0
0,-1.0381617921981139,-0.6968434567013926,-0.8860328591689265,0,1,0,0,1,0,0,0,0,0,0,0,0,0,0,0,0,0,0,0,0,0,0,0,0,0,1
0,-0.2637016062163992,0.5204436357844459,-0.08733647320613788,1,1,0,0,1,0,1,1,0,0,0,0,0,0,0,0,1,0,0,0,0,0,0,1,0,1,0
1,-1.1196839170382944,0.8297542904324867,-0.7871222704963364,1,1,0,0,1,0,1,1,0,0,0,0,1,0,0,0,0,0,0,0,1,0,0,1,0,1,0
1,-0.1006573565360382,0.8530357375565328,0.13635939649250978,0,1,0,0,1,0,1,1,0,0,1,0,0,0,0,0,0,0,0,0,1,0,0,1,1,0,0
0,1.24445770332694,0.8513727770476726,1.5611880437112018,0,1,0,0,1,0,1,1,0,0,0,0,1,0,0,0,0,0,0,0,1,1,0,0,1,0,0
0,-1.2827281667186554,-0.46901786698751297,-0.9864654885681913,1,1,0,0,1,0,0,0,0,0,0,0,1,0,0,0,0,0,0,0,0,0,0,1,0,1,0
0,0.8368470791260375,0.6568063975110013,0.9542467307481515,0,0,0,1,1,0,1,0,0,0,0,0,1,0,1,0,1,0,1,0,1,1,0,1,0,1,0
0,-0.7528343552574821,0.8247654089059057,-0.4757656783657365,1,0,1,1,1,0,0,1,0,0,0,0,1,0,0,0,1,0,0,0,1,0,0,1,1,0,0
0,-0.46750691831685043,1.1407279055893882,-0.14574754341243112,0,0,0,0,1,0,0,1,0,0,0,0,1,0,0,0,1,0,1,0,1,0,0,1,0,0,0
0,-0.6305511679972114,-1.4934015404455407,-0.871827145719964,0,1,0,0,1,0,0,0,1,1,0,1,0,1,0,1,0,1,0,1,0,1,0,0,0,0,1
0,-0.6713122304173017,-1.4751089748480761,-0.8806726287836814,0,1,1,1,1,0,0,0,1,1,0,1,0,1,0,1,0,1,0,1,0,0,1,0,0,0,1
0,0.10314795556441304,-0.09152583147619417,-0.08411592326273967,0,0,0,0,1,0,0,0,0,0,0,0,0,0,1,0,0,0,0,0,1,0,0,1,0,1,0
1,-0.019135231695857704,0.4871844256072372,0.16686638670976944,0,0,0,0,1,0,0,1,0,0,0,0,0,0,0,0,0,0,0,0,1,0,0,1,0,1,0
0,-0.1821794813762187,-1.5067052245164245,-0.7689460160212663,0,0,1,1,1,0,0,0,1,1,0,1,0,1,0,1,0,1,0,1,0,0,0,1,0,0,0
0,-1.2827281667186554,-1.4800978563746574,-0.9998770938119323,0,0,0,0,1,0,0,0,1,1,0,1,0,1,0,1,0,1,0,1,0,0,0,1,0,0,1
0,1.081413453646579,-0.4374216173191646,0.3172175402317085,0,1,0,0,0,1,0,0,0,0,0,0,0,0,0,0,1,0,1,0,1,0,0,1,0,1,0
0,1.6113072651077522,-1.3819831863518919,-0.292767854184691,0,0,1,1,1,0,1,0,1,1,0,1,0,1,0,1,0,1,0,1,0,1,0,1,0,0,0
0,0.14390901798450328,0.018229562108594676,0.09336726060426762,1,1,0,0,1,0,0,0,0,0,0,0,1,0,0,0,1,0,0,0,1,1,0,1,0,0,1
0,0.30695326766486425,0.00825179905543169,0.13201385992504766,0,0,0,0,1,0,0,0,0,0,1,0,1,0,0,0,0,0,1,0,0,0,0,0,0,0,1
0,0.30695326766486425,0.5437250829084921,0.4436130962294653,0,1,1,1,1,0,1,1,0,0,0,0,0,0,1,0,0,0,0,0,0,0,0,1,0,1,0
0,-0.9566396673579334,0.2676736384376599,-0.7214759921980249,1,0,0,1,1,0,0,0,0,0,0,0,0,0,1,0,1,0,1,0,1,0,0,1,0,0,1
0,1.24445770332694,0.32088837472119364,1.0534220221558155,0,1,1,1,1,0,0,0,0,0,1,0,1,0,1,0,1,0,1,0,0,0,1,0,1,0,0
0,-1.201206041878475,0.5204436357844459,-0.9063487940858435,0,0,0,0,1,0,0,1,0,0,0,0,0,0,0,0,0,0,1,0,0,0,0,1,0,1,0
0,0.30695326766486425,-0.15139240979516996,0.07135281647062686,0,1,1,1,0,1,0,0,0,0,0,0,1,0,1,0,1,0,1,0,1,1,0,0,0,0,1
0,-0.9974007297780236,0.33751797980979803,-0.7185201449897005,0,1,1,0,1,0,0,1,0,0,1,0,0,0,0,0,0,0,0,0,0,0,0,1,0,0,1
1,0.06238689314432279,0.84139501399451,0.3714816009218449,0,1,1,0,1,0,0,1,0,0,1,0,0,0,0,0,1,0,1,0,0,1,0,0,0,0,1
0,-1.1196839170382944,-0.8265543763925065,-0.9102752179894388,1,1,0,0,0,1,0,0,0,0,1,0,0,0,1,0,1,0,0,0,0,0,0,0,0,0,1
1,-0.9566396673579334,1.1507056686425507,-0.6032421038650447,1,1,0,0,1,0,1,1,0,0,0,0,1,0,0,0,0,0,1,0,1,0,0,1,1,0,0
0,-0.9566396673579334,0.13962567925540614,-0.7203510055739611,0,1,1,0,1,0,1,0,0,0,0,0,1,0,1,0,0,0,0,0,1,0,0,1,1,0,0
0,-0.05989629411594795,-0.171347935901495,-0.20349685678103976,0,1,1,1,1,0,1,0,0,0,0,0,0,0,0,0,0,0,0,0,1,0,0,0,0,0,0
0,0.7145638918657667,-1.4967274614632617,-0.5927863458296283,0,0,1,0,1,0,0,0,1,1,0,1,0,1,0,1,0,1,0,1,0,1,0,1,0,0,0
0,-1.2419671042985652,0.7116840943033959,-0.9287161751995826,1,0,0,0,1,0,0,1,0,0,1,0,1,0,0,0,1,0,0,0,0,0,0,1,0,1,0
0,-1.2827281667186554,-0.6386398388912774,-0.9887154618163188,1,0,0,0,1,0,0,0,0,0,0,0,0,0,0,0,0,0,0,0,0,0,0,1,0,1,0
0,-0.9974007297780236,0.17454784994147518,-0.7656151732715872,1,1,0,0,1,0,0,1,0,0,0,0,0,0,0,0,0,0,0,0,0,0,0,1,0,0,1
0,-0.9566396673579334,-0.8016099687596,-0.8502979899339586,0,0,0,0,0,1,0,0,0,0,0,0,1,0,0,0,0,0,0,0,1,0,0,0,0,1,0
1,-1.2419671042985652,0.17787377095919635,-0.9577011246901678,1,0,0,0,1,0,0,1,0,0,0,0,0,0,0,0,0,0,0,0,0,0,0,1,0,0,0
0,-1.201206041878475,-0.3160255001723529,-0.935973441852857,1,0,0,0,1,0,0,0,0,0,1,0,1,0,0,0,0,0,0,0,0,0,0,0,0,1,0
0,-0.3044626686364894,1.025983630478018,0.022757806023321715,0,1,1,0,1,0,0,1,0,0,0,0,0,0,0,0,1,0,1,0,1,0,0,1,1,0,0
1,-1.2827281667186554,-0.6170213522760918,-0.9884287005199888,0,1,0,0,1,0,0,0,0,0,0,0,0,0,0,0,0,0,0,0,0,0,0,0,0,1,0
0,0.5107585797653155,0.5470510039262128,0.5533764970400826,0,0,1,1,1,0,1,0,0,0,1,0,1,0,1,0,1,0,1,0,0,0,0,0,0,0,1
1,0.755324954285857,0.6435027134401181,0.8202630296782781,1,1,1,1,1,0,1,1,0,0,0,0,1,0,1,0,0,0,0,0,0,0,0,1,0,1,0
0,0.918369203966218,-1.4917385799366805,-0.5291915137281391,0,0,1,1,1,0,0,0,1,1,0,1,0,1,0,1,0,1,0,1,0,0,0,0,1,0,0
0,0.22543114282468377,0.0431739697415012,0.10395537000722106,0,0,0,0,1,0,1,0,0,0,1,0,1,0,1,0,0,0,0,0,0,0,0,1,0,0,0
0,-1.2419671042985652,-0.6319879968558355,-0.9731200590082186,1,1,0,0,1,0,0,0,0,0,0,0,0,0,0,0,0,0,0,0,0,0,0,0,0,0,1
0,0.22543114282468377,-1.505042264007564,-0.6924028084624153,0,1,1,1,1,0,0,0,1,1,0,1,0,1,0,1,0,1,0,1,0,0,0,0,0,1,0
0,0.06238689314432279,-0.5006141166558613,-0.24377578963477517,0,1,0,0,1,0,0,0,0,0,0,0,1,0,0,0,0,0,0,0,0,0,0,1,0,1,0
0,1.5297851402675717,1.2272018520501307,2.1099168135192645,0,0,1,0,1,0,1,1,0,0,0,0,0,0,1,0,0,0,1,0,1,1,0,1,0,1,0
0,-0.7935954176775724,-0.32267734220779476,-0.681108825099265,0,0,0,0,1,0,0,0,0,0,1,0,0,0,0,0,1,0,0,0,0,1,0,0,0,0,1
0,0.26619220524477405,0.3458327823541002,0.3224454192494167,1,1,0,0,1,0,1,1,0,0,0,0,0,0,0,0,0,0,0,0,0,0,0,0,0,1,0
0,1.1629355784867594,1.30037211443999,1.8247878507222302,0,0,0,0,1,0,1,1,0,0,0,0,1,0,1,0,0,0,1,0,1,1,0,1,0,1,0
0,-0.8343564800976626,1.173987115766597,-0.49519927083240733,1,0,0,0,1,0,1,1,0,0,0,0,0,0,1,0,0,0,1,0,1,0,0,1,0,0,0
0,0.3477143300849545,1.1573575106779928,0.8530420517049215,0,1,0,0,1,0,0,1,0,0,0,0,1,0,0,0,1,0,1,0,1,0,1,1,1,0,0
0,-0.46750691831685043,0.2942810065794268,-0.32120133964387226,0,1,0,0,1,0,1,1,0,0,0,0,0,0,0,0,0,0,0,0,0,0,0,1,0,1,0
1,0.918369203966218,-0.49229931411155914,0.20147626932067345,0,1,0,0,0,1,0,0,0,0,0,0,0,0,1,0,0,0,1,0,1,1,0,1,0,0,0
0,1.4890240778474815,-0.15305537030403032,0.7803149752433849,0,1,1,0,0,1,0,0,0,0,1,0,0,0,1,0,1,0,1,0,1,0,1,0,0,0,0
1,-0.2637016062163992,1.3602386927589656,0.1868293846465879,1,1,1,1,1,0,1,1,0,0,0,0,1,0,1,0,0,0,1,0,1,0,0,0,0,1,0
1,1.4890240778474815,0.7466062649894649,1.662679484050762,0,0,1,0,1,0,0,1,0,0,1,0,1,0,0,0,0,0,0,0,1,1,0,0,1,0,0
1,-0.5897901055771212,-0.5488399714128138,-0.6511974160359214,1,0,1,0,0,1,0,0,0,0,0,0,0,0,1,0,0,0,1,0,1,0,0,1,0,1,0
0,0.592280704605496,-0.3526106313672825,0.11092587536416529,0,1,1,1,1,0,1,0,0,0,0,0,1,0,0,0,0,0,0,0,0,0,0,0,0,1,0
0,1.6113072651077522,0.6800878446350476,1.6951717447810752,0,0,1,1,1,0,0,0,0,0,1,0,1,0,1,0,1,0,1,0,1,0,1,0,0,0,0
1,0.021625830724232544,-0.4939622746204195,-0.23643028873647629,0,1,1,0,0,1,0,0,0,0,0,0,1,0,1,0,1,0,1,0,0,0,0,1,0,1,0
0,-1.2419671042985652,-1.3453980551569622,-0.9927301199649387,1,0,1,1,0,1,0,0,0,0,0,0,0,0,0,0,0,0,0,0,0,0,0,1,0,0,1
0,1.6113072651077522,0.8680023821362769,1.9260145883267168,0,0,1,1,1,0,1,0,0,0,1,0,1,0,1,0,1,0,1,0,1,0,1,0,1,0,0
1,0.18467008040459354,0.2460551518224741,0.1273595034999993,0,1,1,0,1,0,0,1,0,0,0,0,0,0,0,0,0,0,0,0,0,0,0,1,0,0,0
1,1.2036966409068497,1.0392873145489014,1.6467090857013071,0,0,1,1,1,0,1,1,0,0,0,0,1,0,1,0,0,0,0,0,1,0,0,1,1,0,0
0,1.570546202687662,-1.4967274614632617,-0.40021510606341243,0,0,1,0,1,0,0,0,1,1,0,1,0,1,0,1,0,1,0,1,0,0,1,0,1,0,0
0,-0.3859847934766699,-0.3176884606812135,-0.4423028409401524,0,1,0,1,1,0,0,0,0,0,0,0,1,0,0,0,1,0,0,0,0,0,0,1,0,0,0
0,-0.6713122304173017,-1.4884126589189595,-0.8782020699229921,0,0,0,0,1,0,0,0,1,1,0,1,0,1,0,1,0,1,0,1,0,1,0,0,0,0,1
0,-0.9566396673579334,0.15459232383515015,-0.7206598254315473,0,1,0,0,1,0,0,0,0,0,1,0,0,0,1,0,1,0,1,0,0,0,0,1,0,0,1
0,-0.6305511679972114,-1.3204536475240558,-0.8268276807574119,0,1,1,1,1,0,1,0,1,1,0,1,0,1,0,1,0,1,0,1,0,0,1,1,0,0,1
0,-1.1604449794583847,-1.460142330268332,-0.9711347884951649,1,0,0,0,1,0,0,0,1,1,0,1,0,1,0,1,0,1,0,1,0,0,0,0,0,0,0
1,-1.2827281667186554,-0.5089289192001635,-0.9869948940383388,1,0,1,0,1,0,0,0,0,0,1,0,0,0,0,0,0,0,0,0,0,0,0,1,0,1,0
0,-0.34522373105657966,0.4921733071338186,-0.15796798634833992,0,0,1,0,1,0,1,1,0,0,0,0,0,0,1,0,0,0,0,0,0,0,0,1,0,0,1
1,-1.2827281667186554,0.21279594164526539,-0.9774214784531685,0,0,0,0,1,0,0,1,0,0,0,0,0,0,0,0,0,0,0,0,0,0,0,1,0,1,0
1,1.6113072651077522,1.6279753346854955,2.452486269827321,0,1,0,0,1,0,1,1,0,0,1,0,1,0,1,0,1,0,1,0,1,0,1,0,0,0,0
0,1.6113072651077522,-1.340409173630381,-0.23649646442024466,0,0,1,0,1,0,1,0,1,1,0,1,0,1,0,1,0,1,0,1,0,0,1,0,0,1,0
0,-0.8751175425177529,-1.501716342989843,-0.913473709371581,0,0,0,1,1,0,0,0,1,1,0,1,0,1,0,1,0,1,0,1,0,0,0,0,1,0,0
0,-0.9566396673579334,-1.4834237773923784,-0.9301058645587202,1,1,0,0,1,0,0,0,1,1,0,1,0,1,0,1,0,1,0,1,0,0,0,0,0,0,1
1,-1.2419671042985652,-0.48897339309383825,-0.9580761202315223,1,0,1,0,1,0,0,0,0,0,0,0,1,0,0,0,0,0,0,0,0,0,0,0,1,0,0
1,1.1221745160666692,1.18562783932862,1.6509663880237446,0,0,1,0,1,0,1,1,0,0,0,0,0,0,1,0,0,0,1,0,1,1,0,1,1,0,0
1,-0.14141841895612844,1.03263547251346,0.2022483189646388,1,1,1,0,1,0,1,1,0,0,0,0,1,0,1,0,0,0,0,0,1,0,0,1,0,1,0
0,0.6738028294456765,0.3192254142123333,0.633140254542332,0,0,0,0,1,0,0,0,0,0,0,0,0,0,1,0,1,0,1,0,1,0,1,1,0,0,0
1,-0.1006573565360382,1.305360995966571,0.36808458248839726,0,0,0,0,1,0,1,1,0,0,0,0,1,0,1,0,0,0,1,0,1,0,0,1,0,1,0
0,0.8368470791260375,-1.5233348296050289,-0.5718968883200514,0,0,1,0,1,0,0,0,1,1,0,1,0,1,0,1,0,1,0,1,0,1,0,0,1,0,0
0,0.26619220524477405,-1.325442529050637,-0.5657646082908409,0,1,0,1,1,0,1,0,1,1,0,1,0,1,0,1,0,1,0,1,0,0,1,0,0,0,1
0,-0.9566396673579334,-1.5233348296050289,-0.939304284602536,0,0,0,0,1,0,0,0,1,1,0,1,0,1,0,1,0,1,0,1,0,0,0,0,0,0,1
0,0.26619220524477405,0.5670065300325382,0.4116061238467872,0,1,0,0,1,0,0,1,0,0,0,0,0,0,1,0,1,0,0,0,0,1,0,0,0,1,0
1,-0.9974007297780236,0.16124416587059198,-0.7561299919314414,0,1,0,0,1,0,0,1,0,0,0,0,0,0,0,0,0,0,0,0,0,0,0,1,0,1,0
0,0.755324954285857,0.84139501399451,1.0006138265085853,0,0,1,1,1,0,1,1,0,0,0,0,0,0,1,0,0,0,0,0,1,1,0,1,0,1,0
0,1.570546202687662,-1.3138018054886138,-0.1937690312670763,0,1,1,1,1,0,1,0,1,1,0,1,0,1,0,1,0,1,0,1,0,0,1,0,1,0,0
1,1.570546202687662,-1.3370832526126601,-0.22941566625701956,0,1,0,0,1,0,1,0,1,1,0,1,0,1,0,1,0,1,0,1,0,0,1,1,0,0,1
1,1.5297851402675717,-1.5067052245164245,-0.3638405385520161,0,0,1,0,1,0,0,0,1,1,0,1,0,1,0,1,0,1,0,1,0,0,1,1,1,0,0
1,-1.2827281667186554,-1.3171277265063348,-0.9977153548088292,1,0,0,0,0,1,0,0,0,0,0,0,0,0,0,0,0,0,0,0,0,0,0,0,0,1,0
0,0.22543114282468377,-0.1613701728483325,-0.04127819730329054,0,1,1,0,0,1,0,0,0,0,1,0,1,0,0,0,1,0,1,0,1,0,1,1,0,0,0
0,-0.1821794813762187,0.8330802114502078,0.06473524809378095,0,0,1,0,1,0,0,1,0,0,0,0,1,0,1,0,0,0,0,0,1,0,0,0,1,0,0
0,-0.019135231695857704,-1.5116941060430058,-0.7259979972555363,0,0,1,0,1,0,0,0,1,1,0,1,0,1,0,1,0,1,0,1,0,0,0,0,0,0,0
1,0.6738028294456765,-0.5006141166558613,0.04925013809196157,0,1,1,0,1,0,0,0,0,0,0,0,1,0,0,0,0,0,0,0,0,0,1,0,0,0,1
0,0.18467008040459354,-1.3553758182101248,-0.628631507870877,0,0,1,1,1,0,1,0,1,1,0,1,0,1,0,1,0,1,0,1,0,0,1,1,0,0,0
0,-0.9158786049378431,-0.3526106313672825,-0.7516521039964423,0,0,0,0,1,0,0,0,0,0,0,0,0,0,1,0,1,0,0,0,0,0,0,0,0,1,0
0,1.407501953007301,1.4982644149943818,2.2259889628491414,0,1,1,0,1,0,1,1,0,0,1,0,1,0,1,0,0,0,1,0,1,1,0,0,1,0,0
0,-1.0381617921981139,-0.9762208221899457,-0.8987606490137269,0,1,0,0,0,1,0,0,0,0,0,0,0,0,1,0,1,0,0,0,0,1,0,1,1,0,0
0,0.755324954285857,0.7549210675337671,0.9657833582851193,0,0,0,0,1,0,0,1,0,0,0,0,0,0,0,0,0,0,1,0,1,1,0,0,1,0,0
0,-0.9566396673579334,-0.6552694439798817,-0.825129171540688,1,0,0,0,1,0,0,0,0,0,0,0,0,0,0,0,0,0,0,0,0,0,0,0,0,1,0
0,-0.9566396673579334,0.7831913961843948,-0.6609473001111411,0,0,0,0,1,0,0,1,0,0,0,0,0,0,0,0,0,0,1,0,1,0,0,1,0,0,1
0,-1.1604449794583847,-0.46735490647865263,-0.9196059894007913,0,1,0,0,1,0,0,0,0,0,0,0,0,0,0,0,1,0,0,0,0,0,0,1,0,0,1
0,1.570546202687662,1.135739024062807,2.0769613230025716,0,1,1,0,1,0,1,1,0,0,1,0,1,0,1,0,0,0,1,0,0,0,1,1,0,1,0
0,0.7145638918657667,0.65015455547556,0.8070720100470984,1,0,1,1,1,0,1,1,0,0,0,0,0,0,0,0,0,0,1,0,0,0,0,1,0,0,0
1,-0.34522373105657966,1.0542539591286455,-0.010285918738395551,0,0,1,1,1,0,0,1,0,0,0,0,0,0,1,0,0,0,1,0,1,0,1,1,0,1,0
0,-0.4267458558967602,-0.16968497539263466,-0.4025312549953085,0,1,1,0,1,0,0,0,0,0,1,0,0,0,0,0,0,0,1,0,0,1,0,1,0,0,0
0,0.46999751734522527,1.5514791512779156,1.1595678189204237,0,1,0,0,1,0,1,1,0,0,1,0,1,0,1,0,0,0,1,0,1,0,0,1,0,1,0
0,0.021625830724232544,-1.3503869366835435,-0.6389328559775004,0,0,1,1,1,0,1,0,1,1,0,1,0,1,0,1,0,1,0,1,0,0,0,0,0,0,0
0,-1.2827281667186554,0.3408439008275187,-0.9757229692364447,1,0,0,0,1,0,1,1,0,0,0,0,0,0,0,0,0,0,0,0,0,0,0,1,0,1,0
0,0.8776081415461278,0.17621081045033601,0.6303829343853129,1,0,1,0,1,0,1,0,0,0,0,0,0,0,0,0,0,0,1,0,1,1,0,1,1,0,0
0,0.38847539250504476,1.2272018520501307,0.8764682437589558,1,1,0,0,1,0,1,1,0,0,0,0,1,0,0,0,0,0,1,0,1,0,0,1,0,1,0
0,-1.2827281667186554,-0.6336509573646961,-0.9886492861325503,1,0,0,0,1,0,0,0,0,0,0,0,0,0,0,0,0,0,0,0,0,0,0,0,0,1,0
0,-1.2827281667186554,-1.4751089748480761,-0.9998109181281638,0,0,0,0,1,0,0,0,1,1,0,1,0,1,0,1,0,1,0,1,0,0,0,0,0,0,1
0,-0.1006573565360382,0.18452561299463818,-0.10677006567280878,0,1,0,0,1,0,0,0,0,0,1,0,1,0,0,0,1,0,1,0,0,1,0,0,0,1,0
0,-1.2827281667186554,-1.1408539125671289,-0.995377147315677,0,0,0,0,0,1,0,0,0,0,0,0,0,0,0,0,1,0,0,0,0,0,0,0,0,0,1
0,-0.6713122304173017,0.6667841605641643,-0.39198726271486733,0,1,1,1,1,0,1,0,0,0,1,0,1,0,0,0,1,0,1,0,1,0,0,0,0,1,0
0,-1.2827281667186554,-1.4884126589189595,-0.9999873866182131,1,1,0,0,1,0,0,0,1,1,0,1,0,1,0,1,0,1,0,1,0,0,0,1,0,0,1
0,-0.9566396673579334,-0.8049358897773209,-0.8637316537389558,1,1,1,0,0,1,0,0,0,0,0,0,0,0,0,0,1,0,1,0,0,0,0,0,0,0,1
1,0.5515196421854057,1.2022574444172243,1.0558484638939925,1,1,1,0,1,0,1,1,0,0,0,0,0,0,1,0,0,0,1,0,1,0,0,1,0,1,0
0,-1.2827281667186554,0.14128863976426648,-0.9783699965871832,1,1,0,0,1,0,0,1,0,0,0,0,0,0,0,0,0,0,0,0,0,0,0,1,0,1,0
0,1.570546202687662,-0.3442958288229803,0.6579781945167602,0,1,1,0,1,0,0,0,0,0,1,0,0,0,0,0,1,0,0,0,0,0,1,0,0,0,0
0,0.429236454925135,0.34915870337182087,0.38586378286085665,0,1,0,0,1,0,1,1,0,0,0,0,0,0,0,0,0,0,0,0,0,0,0,1,1,0,0
0,0.7145638918657667,-0.6785508911039276,-0.04337376062262508,0,1,1,0,0,1,0,0,0,0,1,0,0,0,0,0,1,0,1,0,0,1,0,1,0,0,0
0,-0.7935954176775724,0.33751797980979803,-0.5679263472939438,1,0,0,0,1,0,1,1,0,0,0,0,0,0,0,0,0,0,0,0,0,0,0,1,0,0,1
0,-0.5490290431570309,1.1689982342400156,-0.17563689391451848,1,1,1,1,1,0,0,1,0,0,0,0,1,0,0,0,1,0,1,0,1,1,0,0,0,0,0
0,0.3477143300849545,1.1041427743944585,0.7516829627328983,0,0,0,0,1,0,1,1,0,0,0,0,0,0,1,0,0,0,1,0,1,0,0,0,0,0,0
1,-1.2827281667186554,0.2094700206275447,-0.9774655955756808,1,0,0,0,1,0,0,1,0,0,0,0,0,0,0,0,0,0,0,0,0,0,0,1,0,1,0
0,-0.34522373105657966,-0.35593655238500344,-0.4616923162843109,1,0,0,0,0,1,0,0,0,0,0,0,1,0,1,0,0,0,1,0,1,0,0,1,1,0,0
0,0.30695326766486425,-0.03165925315721861,0.15363124995607763,0,0,1,0,1,0,1,0,0,0,0,0,1,0,0,0,0,0,1,0,0,1,0,0,0,0,0
0,-1.201206041878475,0.1429516002731273,-0.9051796903392674,0,0,1,1,1,0,1,0,0,0,0,0,1,0,1,0,0,0,1,0,0,0,0,1,0,0,0
0,0.18467008040459354,-0.006714845524311847,0.026948932661990787,0,0,0,0,1,0,1,0,0,0,1,0,0,0,0,0,0,0,1,0,0,1,0,0,0,0,0
0,1.407501953007301,1.4600163232905916,2.1482545929824584,1,0,1,1,1,0,1,1,0,0,1,0,0,0,1,0,1,0,1,0,1,0,1,1,1,0,0
0,-0.019135231695857704,1.1307501425362254,0.35418768889702085,0,0,1,1,1,0,1,1,0,0,0,0,1,0,0,0,0,0,1,0,1,0,0,1,0,1,0
0,-1.0789228546182041,-0.5222326032710469,-0.8893857604798618,1,0,1,0,1,0,0,0,0,0,0,0,0,0,0,0,1,0,0,0,0,0,0,1,0,1,0
0,-0.019135231695857704,0.8231024483970448,0.2713357328189102,0,0,1,1,1,0,1,1,0,0,1,0,0,0,0,0,0,0,1,0,0,0,0,0,0,1,0
0,1.081413453646579,0.6119064637717698,1.174545582013352,0,0,0,0,1,0,1,1,0,0,0,0,1,0,1,0,0,0,0,0,0,0,0,1,0,1,0
0,-0.1006573565360382,0.17953673146805668,-0.03876352132008898,0,0,1,0,1,0,0,0,0,0,0,0,1,0,1,0,1,0,0,0,1,1,0,0,0,0,0
0,-0.5082679807369407,-1.5116941060430058,-0.8436363044346004,1,1,0,1,1,0,0,0,1,1,0,1,0,1,0,1,0,1,0,1,0,0,0,1,0,1,0
0,-0.22294054379630893,-1.3420721341392414,-0.6727045132606706,0,0,1,1,1,0,1,0,1,1,0,1,0,1,0,1,0,1,0,1,0,0,1,0,0,1,0
1,-0.5082679807369407,0.4755437020452143,-0.33787761195352395,1,0,0,0,1,0,1,1,0,0,1,0,0,0,0,0,0,0,0,0,0,0,0,1,0,1,0
0,-0.9566396673579334,-1.4884126589189595,-0.9249221026635243,0,1,0,1,1,0,0,0,1,1,0,1,0,1,0,1,0,1,0,1,0,1,0,0,0,0,1
0,1.4482630154273912,0.2709995594553806,1.2689121070671743,0,0,1,1,1,0,1,0,0,0,1,0,1,0,1,0,0,0,1,0,0,1,0,1,1,0,0
0,1.4890240778474815,-0.11480727860024036,0.7822340700726702,0,0,1,1,1,0,1,0,0,0,1,0,0,0,0,0,1,0,0,0,0,0,1,0,1,0,0
0,-0.2637016062163992,0.6468286344578388,-0.0022786610024119643,0,1,0,0,1,0,1,1,0,0,0,0,0,0,1,0,1,0,0,0,0,0,0,1,0,0,1
0,1.4890240778474815,-1.4950645009544015,-0.41031792711873044,0,1,1,1,1,0,0,0,1,1,0,1,0,1,0,1,0,1,0,1,0,0,1,0,0,0,0
0,-0.8751175425177529,-1.4784348958657971,-0.9067458481884543,0,1,0,0,1,0,0,0,1,1,0,1,0,1,0,1,0,1,0,1,0,0,1,0,0,0,1
0,-1.2827281667186554,-0.46901786698751297,-0.9864654885681913,0,1,0,0,1,0,1,0,0,0,0,0,0,0,0,0,0,0,0,0,0,0,0,0,0,0,1
0,-0.9158786049378431,-1.4767719353569364,-0.9019150232733566,0,1,1,1,1,0,0,0,1,1,0,1,0,1,0,1,0,1,0,1,0,1,0,0,0,0,1
0,0.918369203966218,0.36246238744270454,0.8724094684878237,0,0,1,1,1,0,1,0,0,0,1,0,1,0,0,0,1,0,0,0,1,1,0,1,0,0,0
0,0.46999751734522527,0.018229562108594676,0.2151966944220008,0,1,0,0,1,0,0,0,0,0,1,0,0,0,0,0,1,0,1,0,0,1,0,0,0,1,0
1,0.5515196421854057,0.5171177147667252,0.5816555725704707,1,1,1,0,1,0,0,1,0,0,0,0,0,0,0,0,0,0,0,0,1,0,0,1,0,1,0
0,1.4890240778474815,-0.16968497539263466,0.7866678408851571,0,1,1,1,1,0,0,0,0,0,1,0,1,0,1,0,0,0,0,0,0,0,1,1,0,0,0
1,-0.8751175425177529,0.45392521543002845,-0.6231830432406071,0,1,0,0,1,0,0,1,0,0,0,0,0,0,0,0,0,0,0,0,1,0,0,1,0,1,0
0,-0.8751175425177529,1.235516654594433,-0.5035594655484893,1,0,1,0,1,0,1,1,0,0,0,0,1,0,0,0,0,0,1,0,1,0,0,1,0,1,0
0,-0.14141841895612844,-0.5288844453064885,-0.42487657754779146,0,1,0,0,1,0,0,0,0,0,0,0,0,0,1,0,0,0,0,0,0,0,0,0,0,0,0
0,0.9998913288063985,1.1573575106779928,1.4162853548195327,0,0,1,0,1,0,1,1,0,0,1,0,0,0,0,0,0,0,1,0,1,0,0,1,0,1,0
0,-0.1821794813762187,-1.5499421977467958,-0.7729606741698861,0,1,0,0,1,0,0,0,1,1,0,1,0,1,0,1,0,1,0,1,0,1,0,0,1,0,0
0,0.38847539250504476,-0.34263286831412,0.07424248799518299,0,0,0,0,1,0,0,0,0,0,1,0,0,0,1,0,0,0,0,0,0,0,0,0,1,0,0
0,-1.2419671042985652,-1.4701200933214948,-0.9917816018309242,1,0,0,0,1,0,0,0,1,1,0,1,0,1,0,1,0,1,0,1,0,0,0,0,0,0,1
0,-0.3859847934766699,-0.8049358897773209,-0.590889309561599,0,1,0,1,0,1,0,0,0,0,1,0,1,0,0,0,1,0,0,0,0,1,0,0,0,0,0
0,-0.5897901055771212,-1.4767719353569364,-0.8513568008742539,0,0,1,1,1,0,0,0,1,1,0,1,0,1,0,1,0,1,0,1,0,0,0,0,0,0,1
0,1.2036966409068497,-1.3320943710860789,-0.3575759071552686,0,1,1,1,1,0,1,0,1,1,0,1,0,1,0,1,0,1,0,1,0,1,0,0,0,0,0
0,-1.2827281667186554,0.19782929706552138,-0.9776200055044738,1,0,0,0,1,0,0,1,0,0,0,0,0,0,0,0,0,0,0,0,0,0,0,1,0,0,1
0,-0.6713122304173017,0.8048098827995801,-0.36977429152992125,1,1,0,0,1,0,1,1,0,0,0,0,0,0,0,0,1,0,0,0,1,0,0,1,1,0,0
0,-1.201206041878475,1.0559169196375058,-0.8800770476297651,1,0,0,0,1,0,1,1,0,0,0,0,0,0,0,0,0,0,1,0,1,0,0,1,0,1,0
0,1.407501953007301,0.7964950802552779,1.5954449893420073,0,1,0,0,1,0,1,0,0,0,1,0,1,0,1,0,1,0,1,0,1,1,0,1,0,0,0
0,1.2036966409068497,-1.4900756194278202,-0.47872152557406095,0,1,0,0,1,0,0,0,1,1,0,1,0,1,0,1,0,1,0,1,0,0,1,1,1,0,0
0,0.9998913288063985,1.3186646800374546,1.6034743056392473,1,0,1,0,1,0,1,1,0,0,0,0,1,0,1,0,0,0,1,0,1,0,0,1,1,0,0
0,-1.2419671042985652,0.16457008688831268,-0.9441571680788897,0,1,0,0,1,0,0,1,0,0,0,0,0,0,0,0,0,0,0,0,0,0,0,1,0,1,0
0,-0.3859847934766699,0.4090252816907969,-0.23265827476167403,0,0,1,1,1,0,1,0,0,0,1,0,0,0,1,0,1,0,1,0,0,0,1,1,0,0,0
0,-0.3044626686364894,-0.9911874667696896,-0.6363078871880181,0,0,0,1,0,1,0,0,0,0,1,0,0,0,0,0,1,0,0,0,0,0,1,0,0,0,0
1,1.6113072651077522,1.4383978366754058,2.4208322344247413,0,0,0,0,1,0,1,1,0,0,0,0,1,0,1,0,1,0,1,0,1,0,1,1,0,0,0
0,-1.2419671042985652,0.6385138319135366,-0.9497159255154403,0,0,1,0,1,0,1,1,0,0,0,0,0,0,0,0,0,0,1,0,0,0,0,1,0,1,0
0,-0.9974007297780236,-1.4850867379012387,-0.9466718440620913,0,0,0,0,1,0,0,0,1,1,0,1,0,1,0,1,0,1,0,1,0,1,0,1,0,0,0
0,-1.1196839170382944,-0.47400674851409424,-0.8985841805236776,1,0,0,0,1,0,1,0,0,0,0,0,0,0,0,0,0,0,0,0,0,0,0,1,0,0,1
0,0.10314795556441304,-0.5205696427621863,-0.25813591301253075,0,1,0,0,0,1,0,0,0,0,0,0,0,0,1,0,0,0,1,0,1,0,0,0,0,1,0
0,-0.34522373105657966,-1.3387462131215204,-0.7473948016740047,0,1,0,0,1,0,1,0,1,1,0,1,0,1,0,1,0,1,0,1,0,1,0,0,0,1,0
0,-1.2419671042985652,0.22609962571614906,-0.9489659344327311,0,0,1,1,1,0,0,1,0,0,0,0,0,0,0,0,0,0,0,0,0,0,0,1,0,1,0
0,1.6113072651077522,1.3319683641083384,2.402567745704646,0,1,1,1,1,0,1,1,0,0,1,0,1,0,1,0,1,0,0,0,1,0,1,1,1,0,0
0,0.3477143300849545,1.385183100391872,0.8804167262238072,0,0,0,0,1,0,1,1,0,0,1,0,1,0,1,0,1,0,1,0,0,0,0,1,0,1,0
0,-1.1604449794583847,-0.5155807612356051,-0.9119516686449063,1,1,0,1,1,0,0,0,0,0,1,0,0,0,0,0,0,0,0,0,0,0,0,0,0,1,0
0,-0.2637016062163992,0.35414758489840237,-0.11852727882233838,0,1,0,0,1,0,0,1,0,0,0,0,1,0,0,0,0,0,0,0,0,1,0,0,0,0,0
0,-1.0381617921981139,0.9777577757210655,-0.7137113786358591,1,1,0,0,1,0,0,1,0,0,0,0,1,0,0,0,0,0,1,0,1,0,0,1,0,1,0
0,-1.2827281667186554,0.13629975823768548,-0.9784361722709516,1,0,1,0,1,0,0,1,0,0,0,0,0,0,0,0,0,0,0,0,0,0,0,1,0,1,0
0,-1.1604449794583847,-0.21125898811414554,-0.9096575782742664,0,0,1,1,1,0,1,0,0,0,0,0,1,0,0,0,1,0,0,0,0,0,0,1,0,0,1
0,0.6330417670255862,0.4672288995009121,0.6550223473084358,0,1,0,0,1,0,0,0,0,0,0,0,1,0,1,0,1,0,1,0,1,0,1,0,1,0,0
1,-1.2419671042985652,0.9644540916501818,-0.9220544897002244,1,1,0,0,1,0,1,1,0,0,0,0,0,0,0,0,0,0,1,0,1,0,0,1,0,1,0
1,-0.8343564800976626,0.4772066625540746,-0.592455467410786,0,0,1,0,1,0,0,0,0,0,1,0,0,0,1,0,1,0,1,0,1,1,0,1,0,1,0
0,1.1221745160666692,1.4832977704146377,1.890897358806921,0,1,1,0,1,0,1,1,0,0,1,0,0,0,1,0,1,0,1,0,1,0,0,1,0,0,0
0,0.918369203966218,-0.18797754099009936,0.3922387070638848,0,1,0,0,1,0,0,0,0,0,1,0,0,0,1,0,1,0,0,0,0,0,1,1,0,1,0
0,-1.2827281667186554,-1.1874168068152209,-0.9959947870308493,0,1,0,0,0,1,0,0,0,0,0,0,0,0,0,0,1,0,0,0,0,0,0,0,0,0,1
0,-1.1604449794583847,0.37244015049586704,-0.8681654245514425,1,1,0,0,1,0,1,1,0,0,0,0,0,0,0,0,0,0,0,0,0,0,0,1,0,1,0
0,-1.2827281667186554,-1.3437350946481017,-0.9980682917889278,1,1,0,0,0,1,0,0,0,0,0,0,0,0,0,0,0,0,0,0,0,0,0,1,0,0,1
0,0.38847539250504476,0.05481469330352406,0.20999087396554858,0,0,0,0,1,0,0,0,0,0,0,0,0,0,1,0,1,0,0,0,1,0,1,0,1,0,0
0,-1.2827281667186554,-0.5089289192001635,-0.9869948940383388,0,0,0,0,1,0,0,0,0,0,1,0,0,0,0,0,0,0,0,0,0,0,0,0,0,0,0
0,-1.0381617921981139,0.8147876458527427,-0.7301008896491809,1,1,0,0,1,0,1,1,0,0,0,0,0,0,1,0,0,0,1,0,0,0,0,1,1,0,0
0,-1.201206041878475,0.29095508556170563,-0.906282618402075,0,1,0,0,1,0,0,1,0,0,0,0,0,0,1,0,0,0,0,0,0,0,0,1,1,0,0
0,1.6113072651077522,0.5919509376654447,1.602591963189001,0,0,1,0,1,0,1,0,0,0,1,0,1,0,1,0,0,0,1,0,1,0,1,1,1,0,0
0,-0.712073292837392,-0.5272214847976282,-0.6783073878197335,0,1,0,0,1,0,1,0,0,0,0,0,0,0,0,0,0,0,0,0,0,0,0,1,0,1,0
0,-1.1604449794583847,0.5154547542578644,-0.8732388936403577,1,1,1,0,1,0,0,1,0,0,0,0,0,0,0,0,0,0,1,0,0,0,0,1,0,1,0
0,-0.8751175425177529,-1.318790687015195,-0.9007018024042682,0,0,0,0,1,0,1,0,1,1,0,1,0,1,0,1,0,1,0,1,0,1,0,0,0,1,0
0,-1.1196839170382944,-1.310475884470893,-0.9494071056578541,0,0,0,0,1,0,1,0,1,1,0,1,0,1,0,1,0,1,0,1,0,0,0,0,0,0,1
1,-1.2827281667186554,-0.30105885559260914,-0.9842375738813197,1,0,0,0,1,0,0,0,0,0,1,0,0,0,1,0,0,0,0,0,0,0,0,1,0,1,0
0,1.6113072651077522,1.5315236251715905,2.6267709623121855,0,1,1,0,1,0,1,1,0,0,1,0,0,0,1,0,1,0,1,0,1,0,1,1,1,0,0
0,0.918369203966218,0.42898080779712194,0.8733579866218382,0,0,1,0,1,0,1,1,0,0,0,0,1,0,0,0,0,0,0,0,0,0,0,1,1,0,0
0,0.30695326766486425,-1.2855314768379864,-0.533492933173089,0,0,1,1,1,0,1,0,1,1,0,1,0,1,0,1,0,1,0,1,0,0,0,1,0,1,0
0,0.9998913288063985,-1.4950645009544015,-0.5166843094959004,0,0,1,0,1,0,0,0,1,1,0,1,0,1,0,1,0,1,0,1,0,0,1,0,0,0,0
0,-1.2827281667186554,0.4722177810274931,-0.9739803428972086,1,1,0,0,1,0,0,1,0,0,0,0,0,0,0,0,0,0,1,0,0,0,0,1,0,1,0
0,-1.2827281667186554,1.002702183353972,-0.9669436618564958,1,1,1,0,1,0,0,1,0,0,1,0,0,0,0,0,0,0,1,0,1,0,0,1,0,1,0
0,-1.2827281667186554,-1.318790687015195,-0.9977374133700855,1,0,0,0,0,1,0,0,0,0,0,0,0,0,0,0,0,0,0,0,0,0,0,0,0,0,1
1,0.7960860167059473,0.5320843593464687,0.7909251432075945,0,1,1,1,1,0,1,0,0,0,0,0,1,0,1,0,0,0,1,0,1,1,0,1,0,1,0
1,0.3477143300849545,1.1157834979564818,0.8386598697659097,1,1,0,0,1,0,1,1,0,0,0,0,0,0,1,0,0,0,1,0,1,0,0,1,0,1,0
0,0.429236454925135,-0.2827662899951442,0.046051646709819385,0,1,1,0,1,0,0,0,0,0,0,0,0,0,0,0,0,0,1,0,0,1,0,1,0,0,1
0,0.592280704605496,-1.5150200270607266,-0.6159919522711013,0,0,1,1,1,0,0,0,1,1,0,1,0,1,0,1,0,1,0,1,0,0,1,0,0,0,0
0,-1.201206041878475,-0.4806585905495361,-0.9483041775950465,0,1,0,0,1,0,1,0,0,0,0,0,0,0,0,0,0,0,0,0,0,0,0,0,0,0,0
1,1.3667408905872107,0.48385850458951646,1.2652062687761407,1,1,1,1,1,0,1,0,0,0,1,0,1,0,1,0,1,0,1,0,0,0,1,0,1,0,0
0,0.918369203966218,-0.3193514211900738,0.36755517701824963,0,1,1,1,1,0,0,0,0,0,0,0,0,0,1,0,1,0,0,0,0,0,1,1,1,0,0
0,-0.14141841895612844,-1.5216718690961684,-0.775254764540526,0,1,0,0,1,0,0,0,1,1,0,1,0,1,0,1,0,1,0,1,0,1,0,0,0,0,1
0,-0.8343564800976626,0.6385138319135366,-0.5824408806004925,0,0,0,1,1,0,1,1,0,0,0,0,0,0,0,0,0,0,1,0,0,0,0,1,0,1,0
0,1.3667408905872107,1.3419461271615007,2.051483684751715,0,0,1,0,1,0,1,1,0,0,0,0,1,0,1,0,0,0,1,0,1,0,0,1,0,1,0
1,0.10314795556441304,1.2155611284881078,0.5336120261545696,1,1,0,0,1,0,1,1,0,0,0,0,0,0,1,0,0,0,1,0,1,0,0,1,0,1,0
1,-0.9158786049378431,0.8297542904324867,-0.6054920771131724,1,1,1,0,1,0,1,1,0,0,0,0,0,0,1,0,0,0,0,0,1,0,0,1,0,1,0
0,-0.22294054379630893,0.36246238744270454,-0.15783563498080302,0,1,1,1,1,0,1,1,0,0,0,0,0,0,0,0,0,0,0,0,0,0,0,1,0,0,0
0,1.0406523912264887,1.0126799464071345,1.557746908155242,0,0,0,0,1,0,0,1,0,0,0,0,0,0,0,0,1,0,1,0,1,0,0,1,0,1,0
0,0.8776081415461278,1.4932755334678003,1.6867894915037371,1,1,1,0,1,0,0,1,0,0,1,0,1,0,1,0,1,0,1,0,1,0,1,0,0,0,0
0,-0.9566396673579334,-1.4967274614632617,-0.9299735131911833,0,1,0,0,1,0,0,0,1,1,0,1,0,1,0,1,0,1,0,1,0,0,0,0,0,0,1
0,-1.2419671042985652,-1.5150200270607266,-0.9963697825722039,1,1,0,0,1,0,0,0,1,1,0,1,0,1,0,1,0,1,0,1,0,1,0,0,1,0,0
0,-1.0789228546182041,0.14128863976426648,-0.8169454453146553,0,1,0,0,1,0,0,1,0,0,0,0,0,0,0,0,0,0,0,0,0,0,0,1,0,1,0
1,-0.2637016062163992,0.8779801451894393,0.028691559001226996,1,0,0,0,1,0,0,1,0,0,0,0,0,0,0,0,0,0,1,0,1,0,0,1,0,1,0
0,-0.9566396673579334,-1.4834237773923784,-0.9267309046865289,0,0,0,0,1,0,0,0,1,1,0,1,0,1,0,1,0,1,0,1,0,0,0,0,0,0,1
0,-0.9974007297780236,-0.33598102627867815,-0.8121587375220701,0,1,1,0,1,0,0,0,0,0,0,0,1,0,1,0,0,0,0,0,0,0,0,1,0,0,1
0,-0.8343564800976626,0.5520398854527943,-0.6065067709309554,0,1,0,0,1,0,0,1,0,0,0,0,0,0,0,0,0,0,1,0,0,0,0,1,0,1,0
0,-0.712073292837392,-0.5238955637799073,-0.7090570222108109,1,0,0,0,1,0,1,0,0,0,0,0,0,0,0,0,0,0,0,0,0,0,0,1,0,1,0
0,0.429236454925135,0.5104658727312833,0.5712439316575666,0,1,1,0,1,0,1,0,0,0,1,0,0,0,1,0,0,0,1,0,1,1,0,1,0,1,0
0,0.38847539250504476,1.178975997293178,0.8541890968902413,0,1,0,0,1,0,1,1,0,0,0,0,0,0,0,0,1,0,1,0,1,0,0,1,0,1,0
0,-0.05989629411594795,0.013240680582013184,-0.1290271539802672,1,0,0,0,1,0,1,0,0,0,1,0,0,0,1,0,1,0,0,0,0,0,0,0,1,0,0
0,1.3667408905872107,0.8680023821362769,1.607312495297818,0,0,0,1,1,0,1,1,0,0,1,0,0,0,1,0,1,0,0,0,0,0,1,1,1,0,0
1,-0.5897901055771212,0.6850767261616291,-0.34451723889162605,1,0,0,0,1,0,1,1,0,0,0,0,1,0,0,0,1,0,0,0,0,0,0,1,0,1,0
0,-1.2827281667186554,-1.4917385799366805,-1.0000315037407252,0,1,0,0,1,0,0,0,1,1,0,1,0,1,0,1,0,1,0,1,0,0,0,0,0,0,1
0,1.1629355784867594,0.972768894194484,1.478600790368165,1,1,1,0,1,0,1,1,0,0,0,0,1,0,0,0,1,0,1,0,0,0,1,1,0,1,0
0,-0.9158786049378431,0.49882514916926,-0.6571311690138266,0,1,0,0,1,0,1,1,0,0,0,0,1,0,0,0,0,0,0,0,0,0,0,0,0,1,0
1,-1.2827281667186554,0.22609962571614906,-0.9772450099631192,1,1,0,0,1,0,0,1,0,0,0,0,0,0,0,0,0,0,0,0,0,0,0,1,0,1,0
1,-0.5897901055771212,0.2892921250528453,-0.40910470624964207,0,0,0,0,1,0,0,1,0,0,0,0,1,0,0,0,0,0,0,0,0,0,0,1,0,1,0
0,-0.34522373105657966,1.3236535615640361,0.1128008530709383,1,1,1,0,1,0,1,1,0,0,0,0,1,0,1,0,0,0,1,0,1,0,0,1,0,1,0
0,-1.201206041878475,-1.5150200270607266,-0.9847228622289552,0,0,1,1,1,0,0,0,1,1,0,1,0,1,0,1,0,1,0,1,0,0,0,0,0,0,1
0,0.7145638918657667,-1.4867496984100992,-0.5725145280352236,0,1,0,0,1,0,0,0,1,1,0,1,0,1,0,1,0,1,0,1,0,1,0,0,1,0,0
0,-1.2827281667186554,-0.675224970086207,-0.9892007501639541,0,1,1,1,1,0,0,0,0,0,0,0,0,0,0,0,0,0,0,0,0,0,0,0,0,1,0
0,-1.2419671042985652,-0.34595878933184065,-0.9703406802899432,0,1,0,0,1,0,0,0,0,0,1,0,0,0,0,0,1,0,0,0,0,0,0,1,0,0,1
0,-0.6305511679972114,-1.5033793034987035,-0.8537611840511746,0,1,0,0,1,0,0,0,1,1,0,1,0,1,0,1,0,1,0,1,0,1,0,1,0,0,0
0,1.4890240778474815,1.335294285126059,2.210702379898627,0,1,1,1,1,0,1,1,0,0,0,0,1,0,1,0,0,0,1,0,1,0,1,1,0,1,0
0,1.6113072651077522,0.7931691592375573,1.7712737811148032,0,1,1,0,1,0,1,0,0,0,1,0,1,0,1,0,1,0,1,0,1,0,1,1,1,0,0
0,-1.201206041878475,0.31257357217689147,-0.9160766195998068,1,0,0,0,1,0,1,1,0,0,0,0,0,0,0,0,0,0,0,0,0,0,0,1,0,1,0
1,0.7145638918657667,0.3425068613363795,0.6775000212284557,0,1,1,1,1,0,1,0,0,0,1,0,1,0,1,0,0,0,0,0,1,0,1,1,0,0,0
0,0.8368470791260375,-1.4834237773923784,-0.5463089572629138,0,0,0,0,1,0,0,0,1,1,0,1,0,1,0,1,0,1,0,1,0,0,1,0,0,0,1
0,1.0406523912264887,1.4716570468526144,1.8118394752648683,0,0,1,0,1,0,1,1,0,0,1,0,1,0,0,0,1,0,1,0,1,0,1,1,1,0,0
0,0.5515196421854057,-1.1342020705316869,-0.3518186226674127,0,1,0,0,0,1,0,0,0,0,1,0,0,0,0,0,0,0,0,0,0,1,0,1,0,0,0
1,1.6113072651077522,1.5980420455260078,2.5476469030863647,0,1,1,0,1,0,1,1,0,0,1,0,1,0,1,0,1,0,1,0,1,0,0,1,1,0,0
1,-1.2827281667186554,0.31091061166803113,-0.9761200233390556,1,0,0,0,1,0,1,1,0,0,0,0,0,0,0,0,0,0,0,0,0,0,0,1,0,1,0
0,-1.0789228546182041,0.9711059336856236,-0.779997355210599,0,0,1,1,1,0,1,1,0,0,0,0,1,0,1,0,0,0,1,0,0,0,0,1,0,0,1
0,1.6113072651077522,0.4655659389920513,1.5336810178247788,0,1,1,0,1,0,1,0,0,0,1,0,1,0,1,0,1,0,0,0,1,0,1,0,0,0,0
0,-1.1604449794583847,-0.3176884606812135,-0.9036355910513366,0,1,0,0,1,0,0,0,0,0,0,0,0,0,0,0,0,0,0,0,1,0,0,1,0,0,1
0,0.7960860167059473,-1.513357066551866,-0.5536985752837251,0,0,1,1,1,0,0,0,1,1,0,1,0,1,0,1,0,1,0,1,0,0,1,0,0,0,1
0,-1.3234892291387457,-1.3138018054886138,-1.0088549282431865,0,1,1,1,1,0,1,0,1,1,0,1,0,1,0,1,0,1,0,1,0,0,1,0,0,0,1
0,-1.2419671042985652,-1.4767719353569364,-0.9935021696089039,0,0,0,0,1,0,0,0,1,1,0,1,0,1,0,1,0,1,0,1,0,1,0,0,0,0,1
0,1.3259798281671205,-1.513357066551866,-0.42653096964200293,0,0,1,0,1,0,0,0,1,1,0,1,0,1,0,1,0,1,0,1,0,0,1,0,0,0,0
1,0.429236454925135,1.2022574444172243,0.9271808760868515,1,1,1,0,1,0,1,1,0,0,0,0,1,0,0,0,0,0,1,0,1,0,0,1,0,1,0
0,-1.1604449794583847,1.1756500762754574,-0.8234747794464765,1,1,1,0,1,0,1,1,0,0,0,0,1,0,0,0,0,0,1,0,1,0,0,1,0,1,0
1,-0.3044626686364894,0.8048098827995801,-0.04822664409897875,1,1,1,0,1,0,1,1,0,0,1,0,0,0,0,0,0,0,0,0,1,1,0,1,0,1,0
0,0.755324954285857,0.45891409695660995,0.7341464065342566,0,0,1,0,1,0,1,0,0,0,0,0,1,0,0,0,1,0,1,0,1,1,0,1,1,0,0
0,-0.8343564800976626,0.3292031772654958,-0.6439842665051595,0,1,0,0,1,0,1,0,0,0,0,0,0,0,1,0,0,0,1,0,1,0,0,0,0,0,0
0,0.9998913288063985,0.17454784994147518,0.7175804270308858,1,0,1,1,1,0,0,0,0,0,1,0,0,0,0,0,0,0,1,0,1,1,0,1,0,0,0
0,-0.34522373105657966,-1.4950645009544015,-0.7734900796400338,0,0,1,1,1,0,0,0,1,1,0,1,0,1,0,1,0,1,0,1,0,1,0,0,0,0,1
0,1.2852187657470302,-0.2162478696407268,0.6483827203703336,0,0,1,0,1,0,1,0,0,0,0,0,0,0,1,0,1,0,0,0,0,1,0,0,0,0,0
0,-1.1604449794583847,1.3569127717412448,-0.81301902141106,1,0,0,0,1,0,0,1,0,0,0,0,1,0,1,0,1,0,1,0,1,1,0,1,0,1,0
0,-0.2637016062163992,1.18562783932862,0.13816819851551426,0,0,0,0,1,0,1,1,0,0,0,0,0,0,1,0,0,0,1,0,1,0,0,1,0,0,0
0,-0.712073292837392,-1.4900756194278202,-0.8834299489407005,0,0,1,1,1,0,0,0,1,1,0,1,0,1,0,1,0,1,0,1,0,0,0,0,0,0,1
1,1.2852187657470302,-1.3038240424354515,-0.240864059548963,0,1,1,0,1,0,1,0,1,1,0,1,0,1,0,1,0,1,0,1,0,0,1,0,1,0,0
1,0.14390901798450328,1.052590998619785,0.5070535184021613,1,1,1,0,1,0,1,1,0,0,0,0,1,0,0,0,0,0,1,0,1,0,0,1,0,1,0
0,-0.22294054379630893,1.002702183353972,0.07755127218360594,0,0,1,0,1,0,1,1,0,0,0,0,0,0,0,0,0,0,1,0,1,0,0,0,1,0,0
1,-1.2827281667186554,0.19949225757438172,-0.9775979469432178,1,1,1,0,1,0,0,1,0,0,0,0,0,0,0,0,0,0,0,0,0,0,0,0,0,0,1
0,0.10314795556441304,0.7017063312502334,0.36323169901204355,1,0,0,0,1,0,1,0,0,0,1,0,0,0,1,0,1,0,1,0,1,1,0,1,1,0,0
0,-1.1604449794583847,0.30093284861486863,-0.8849519896673751,1,1,0,0,1,0,0,1,0,0,0,0,0,0,1,0,0,0,0,0,0,0,0,1,0,1,0
0,-0.9974007297780236,-0.645291680926719,-0.8272026762987664,0,0,1,1,1,0,0,0,0,0,0,0,0,0,0,0,0,0,0,0,0,0,0,1,0,1,0
0,-0.9158786049378431,-1.4917385799366805,-0.9212383229337467,0,1,0,0,1,0,0,0,1,1,0,1,0,1,0,1,0,1,0,1,0,0,0,1,1,0,0
0,-1.2419671042985652,-0.5205696427621863,-0.9631054721979253,0,0,0,0,1,0,0,0,0,0,0,0,1,0,0,0,0,0,0,0,0,0,0,0,0,0,1
0,1.0406523912264887,1.4832977704146377,1.7019437230867143,1,0,1,0,1,0,1,1,0,0,1,0,1,0,1,0,0,0,1,0,1,0,1,1,0,0,0
0,0.755324954285857,0.6119064637717698,0.7952927383363128,0,1,1,0,1,0,0,0,0,0,1,0,1,0,1,0,1,0,1,0,1,0,1,1,1,0,0
0,0.5515196421854057,-1.516682987569587,-0.6275947554918377,0,0,1,1,1,0,0,0,1,1,0,1,0,1,0,1,0,1,0,1,0,0,1,1,0,0,1
0,-1.2827281667186554,-1.5033793034987035,-1.0001859136695184,0,1,0,0,1,0,0,0,1,1,0,1,0,1,0,1,0,1,0,1,0,0,0,1,0,0,0
0,0.5515196421854057,0.2643477174199388,0.424686850671686,0,1,0,0,1,0,1,1,0,0,0,0,0,0,0,0,0,0,0,0,0,0,0,0,0,0,0
0,0.7145638918657667,1.4899496124500797,1.3760284805270535,0,0,1,0,1,0,1,1,0,0,1,0,1,0,0,0,1,0,1,0,1,0,0,1,0,0,0
0,0.8368470791260375,0.004925878037711009,0.4751568388257641,0,1,1,1,1,0,0,0,0,0,0,0,1,0,0,0,1,0,1,0,0,0,0,0,1,0,0
0,1.1629355784867594,1.637953097738658,2.1376444250182485,0,1,1,0,1,0,1,1,0,0,0,0,1,0,1,0,1,0,1,0,1,0,0,1,0,1,0
0,-1.1196839170382944,-1.4701200933214948,-0.9675833601329241,0,1,0,0,1,0,0,0,1,1,0,1,0,1,0,1,0,1,0,1,0,0,0,0,0,0,0
0,0.592280704605496,0.7349655414274421,0.817108655418648,0,1,0,0,1,0,0,0,0,0,1,0,1,0,1,0,1,0,1,0,1,1,0,1,0,0,0
0,0.8776081415461278,0.9943873808096698,1.2507137940308481,0,0,0,0,1,0,1,1,0,0,0,0,1,0,1,0,0,0,1,0,0,1,0,1,0,0,0
0,-0.5490290431570309,-1.3138018054886138,-0.759107897701022,0,1,0,1,0,1,0,0,0,0,0,0,0,0,0,0,0,0,0,0,0,0,0,1,1,0,0
0,-0.2637016062163992,1.350260929705803,0.18905729933345944,0,0,0,1,1,0,0,1,0,0,0,0,1,0,1,0,1,0,1,0,1,0,1,1,0,1,0
0,1.5297851402675717,-1.3121388449797535,-0.22266574651263676,0,1,1,1,1,0,1,0,1,1,0,1,0,1,0,1,0,1,0,1,0,0,1,0,0,0,1
0,-0.6305511679972114,1.2538092201918976,-0.2401140684662538,0,1,1,0,1,0,1,1,0,0,0,0,1,0,1,0,0,0,1,0,1,0,0,1,0,1,0
0,-0.1006573565360382,1.1756500762754574,0.30751177327900114,1,0,0,0,1,0,1,1,0,0,0,0,1,0,0,0,0,0,1,0,1,0,0,1,0,1,0
0,-1.2827281667186554,-1.3587017392278458,-0.998266818840233,0,0,0,1,1,0,1,0,1,1,0,1,0,1,0,1,0,1,0,1,0,0,0,0,0,0,1
0,-0.5490290431570309,-1.3054870029443117,-0.7944898299558915,0,0,1,1,1,0,1,0,1,1,0,1,0,1,0,1,0,1,0,1,0,0,1,0,0,0,1
0,-0.2637016062163992,0.28762916454398496,-0.1681149245261703,0,0,1,0,1,0,0,0,0,0,0,0,1,0,1,0,0,0,1,0,1,0,1,1,1,0,0
0,-0.46750691831685043,0.30592173014144963,-0.31811314106801086,1,0,1,1,1,0,0,1,0,0,0,0,1,0,0,0,0,0,0,0,0,0,0,1,0,0,0
0,0.7145638918657667,1.1107946164299003,1.1346637032622269,0,1,1,0,1,0,1,1,0,0,0,0,1,0,0,0,0,0,1,0,1,1,0,1,0,1,0
0,1.4482630154273912,-0.34762174984070127,0.6339123041862974,0,0,1,0,0,1,0,0,0,0,1,0,0,0,1,0,0,0,1,0,1,1,0,1,0,1,0
0,-1.201206041878475,1.2205500100146889,-0.8772314932277215,1,1,0,0,1,0,1,1,0,0,0,0,0,0,1,0,0,0,1,0,1,0,0,1,0,0,0
0,-0.9566396673579334,1.2721017857893624,-0.5807203128225126,0,1,1,1,1,0,0,1,0,0,0,0,0,0,1,0,1,0,1,0,1,0,0,0,0,1,0
0,0.755324954285857,-1.0194577954203168,-0.2226878050738929,0,0,1,1,0,1,0,0,0,0,1,0,0,0,0,0,1,0,0,0,0,0,1,0,0,0,0
0,-0.9566396673579334,-0.7018323382279739,-0.8298717622107609,0,0,0,0,1,0,0,0,0,0,0,0,0,0,0,0,0,0,0,0,0,0,0,1,0,1,0
1,0.3477143300849545,1.5664457958576596,0.9918124605673799,1,1,1,1,1,0,1,1,0,0,0,0,1,0,1,0,1,0,1,0,1,1,0,1,0,1,0
0,-0.4267458558967602,1.1906167208552014,0.05699269309287116,0,1,0,0,1,0,1,1,0,0,0,0,1,0,0,0,0,0,1,0,1,0,0,1,0,1,0
0,-0.46750691831685043,-0.29606997406602764,-0.4983977622145495,1,0,1,1,0,1,0,0,0,0,1,0,0,0,1,0,0,0,1,0,1,1,0,1,0,1,0
0,1.570546202687662,1.7028085575842151,2.6517633122154067,0,1,1,1,1,0,1,1,0,0,1,0,1,0,1,0,1,0,1,0,1,0,1,1,0,0,0
0,-1.2827281667186554,-0.6353139178735565,-0.9886713446938066,1,1,0,0,1,0,0,0,0,0,0,0,0,0,0,0,0,0,0,0,0,0,0,0,0,1,0
0,-0.2637016062163992,0.5703324510502589,-0.08985114918933945,0,1,1,1,1,0,1,0,0,0,0,0,0,0,1,0,1,0,1,0,1,1,0,1,1,0,0
0,1.570546202687662,0.009914759564292502,1.0565984549767016,0,1,1,0,1,0,1,0,0,0,1,0,1,0,0,0,1,0,0,0,0,0,1,0,0,0,0
0,-1.1604449794583847,-0.6669101675419048,-0.9311205583765034,0,1,0,0,1,0,0,0,0,0,0,0,0,0,0,0,0,0,0,0,0,0,0,1,1,0,0
0,-0.8343564800976626,0.4971621886603997,-0.5671542976499785,0,0,0,0,1,0,1,1,0,0,1,0,0,0,0,0,0,0,0,0,0,0,0,1,0,1,0
0,-0.5897901055771212,0.7981580407641383,-0.30529711697818596,0,0,1,0,1,0,1,1,0,0,0,0,0,0,0,0,1,0,1,0,0,0,0,1,0,1,0
0,-1.201206041878475,0.33585501930093764,-0.9151501600270484,0,0,0,0,1,0,1,1,0,0,0,0,0,0,0,0,0,0,0,0,0,0,0,1,0,1,0
1,1.6113072651077522,1.3968238239538948,2.378193035516597,0,0,1,0,1,0,1,1,0,0,1,0,1,0,0,0,0,0,1,0,1,1,0,1,0,0,0
0,-0.8751175425177529,0.33585501930093764,-0.6490797941553308,1,1,0,0,1,0,0,1,0,0,0,0,1,0,0,0,0,0,0,0,0,0,0,0,0,1,0
0,-1.2827281667186554,0.508802912222423,-0.9734950545495732,1,0,0,0,1,0,0,1,0,0,0,0,0,0,0,0,0,0,0,0,1,0,0,0,1,0,0
0,-0.7935954176775724,-1.5150200270607266,-0.8943048196399839,0,1,0,0,1,0,0,0,1,1,0,1,0,1,0,1,0,1,0,1,0,1,0,0,1,0,0
0,1.6113072651077522,1.476645928379196,2.568955473259809,1,0,1,0,1,0,1,1,0,0,0,0,1,0,1,0,1,0,1,0,1,1,0,1,0,1,0
0,0.38847539250504476,-0.29108109253944636,0.04415461044179014,0,1,1,0,1,0,1,0,0,0,1,0,0,0,0,0,0,0,0,0,0,1,0,0,1,0,0
0,-0.6305511679972114,-1.501716342989843,-0.8587023017725529,0,0,0,0,1,0,0,0,1,1,0,1,0,1,0,1,0,1,0,1,0,0,0,0,1,0,0
1,-1.0381617921981139,-0.4507253013900483,-0.8238497749878312,0,0,0,0,1,0,0,0,0,0,0,0,1,0,0,0,0,0,0,0,0,0,0,1,0,0,1
0,1.4482630154273912,1.787619543536097,2.5161252190513226,0,0,1,0,1,0,1,1,0,0,1,0,1,0,1,0,1,0,1,0,1,0,1,0,0,0,1
0,0.9591302663863083,-1.3537128577012645,-0.3902225778143751,0,1,1,1,1,0,1,0,1,1,0,1,0,1,0,1,0,1,0,1,0,0,1,0,0,0,0
0,0.22543114282468377,-1.481760816883518,-0.6782632706972213,0,0,1,1,1,0,0,0,1,1,0,1,0,1,0,1,0,1,0,1,0,1,0,0,0,0,1
0,1.6113072651077522,1.6845159919867503,2.7080788191023655,0,0,1,1,1,0,1,1,0,0,1,0,1,0,1,0,1,0,1,0,1,0,1,1,0,1,0
0,0.6330417670255862,-1.3237795685417766,-0.4920228380115213,0,0,0,0,1,0,1,0,1,1,0,1,0,1,0,1,0,1,0,1,0,1,0,0,1,0,0
1,0.7960860167059473,1.4716570468526144,1.4828580926906023,0,0,1,0,1,0,1,1,0,0,1,0,1,0,1,0,0,0,1,0,1,0,0,1,0,1,0
0,0.10314795556441304,-1.5033793034987035,-0.6961527638759614,0,0,1,1,1,0,0,0,1,1,0,1,0,1,0,1,0,1,0,1,0,1,0,0,0,0,1
0,1.407501953007301,1.5448273092424738,2.3295759665080364,0,1,1,0,1,0,1,1,0,0,0,0,1,0,1,0,1,0,1,0,1,0,1,1,0,0,0
0,-1.2827281667186554,-1.1624723991823145,-0.995663908612007,0,0,0,0,0,1,0,0,0,0,1,0,0,0,0,0,0,0,0,0,0,0,0,0,0,0,1
0,0.8368470791260375,0.5237695568021665,0.9094016757143926,0,1,0,0,1,0,0,1,0,0,0,0,1,0,0,0,1,0,0,0,0,0,0,1,0,0,1
0,0.06238689314432279,-1.4651312117949136,-0.7283141461874324,0,1,1,1,1,0,0,0,1,1,0,1,0,1,0,1,0,1,0,1,0,0,0,0,0,0,1
0,-1.201206041878475,-0.9861985852431081,-0.9607893232660292,1,0,0,0,0,1,0,0,0,0,0,0,0,0,0,0,0,0,1,0,0,0,0,0,1,0,0
0,-1.2827281667186554,0.46390297848319095,-0.9740906357034893,1,0,1,0,1,0,0,1,0,0,0,0,0,0,0,0,0,0,1,0,0,0,0,0,0,1,0
0,-0.5490290431570309,0.8347431719590681,-0.2666284590961497,0,1,0,0,1,0,0,1,0,0,0,0,0,0,1,0,1,0,1,0,0,0,0,0,0,0,1
1,1.1221745160666692,1.7028085575842151,2.046652859836617,0,0,1,0,1,0,1,1,0,0,1,0,1,0,1,0,1,0,1,0,1,0,1,1,0,0,0
0,-0.8751175425177529,-1.5067052245164245,-0.9104075693569755,0,1,0,0,1,0,0,0,1,1,0,1,0,1,0,1,0,1,0,1,0,0,1,0,1,0,0
0,0.592280704605496,1.3818571793741514,1.253449055626611,1,0,0,0,1,0,1,1,0,0,0,0,1,0,1,0,0,0,1,0,1,0,0,1,0,1,0
0,-0.5897901055771212,-0.5139178007267448,-0.6229183405055333,1,1,0,0,1,0,0,0,0,0,1,0,0,0,0,0,0,0,0,0,0,0,0,0,0,1,0
0,1.1221745160666692,1.6762011894424482,1.9727787381897612,0,0,1,1,1,0,1,1,0,0,1,0,1,0,1,0,1,0,1,0,1,0,1,0,1,0,0
0,1.6113072651077522,-1.3320943710860789,-0.18196770099503445,0,1,1,0,1,0,1,0,1,1,0,1,0,1,0,1,0,1,0,1,0,0,1,0,1,0,0
0,0.26619220524477405,-1.4950645009544015,-0.6598223134870772,0,1,0,0,1,0,0,0,1,1,0,1,0,1,0,1,0,1,0,1,0,1,0,0,0,0,1
0,1.081413453646579,0.5453880434173524,1.0379369121539959,0,0,1,0,1,0,0,1,0,0,1,0,0,0,1,0,0,0,0,0,0,1,0,1,1,0,0
0,-1.2419671042985652,0.16955896841489418,-0.9453703889479781,0,1,1,1,1,0,0,1,0,0,0,0,0,0,0,0,0,0,0,0,0,0,0,0,0,0,1
1,-1.2827281667186554,0.14128863976426648,-0.9783699965871832,1,1,0,0,1,0,0,1,0,0,0,0,0,0,0,0,0,0,0,0,0,0,0,0,0,1,0
0,-0.5082679807369407,0.8430579745033704,-0.2250921882508136,1,1,1,1,1,0,0,1,0,0,0,0,0,0,0,0,0,0,1,0,1,0,0,1,0,1,0
0,-1.0789228546182041,0.9544763285970193,-0.7722106830871769,1,0,0,0,1,0,1,1,0,0,0,0,0,0,0,0,0,0,1,0,1,0,0,1,0,0,0
0,1.570546202687662,0.7166729758299774,1.7140538732163422,0,1,0,0,1,0,1,1,0,0,0,0,0,0,1,0,1,0,0,0,0,0,1,1,1,0,0
0,-0.34522373105657966,0.04816285126808222,-0.32087046122503,0,0,1,0,1,0,1,0,0,0,1,0,1,0,1,0,0,0,0,0,0,0,0,0,0,0,1
1,1.407501953007301,0.9910614597919492,1.6730249492798976,0,1,1,0,1,0,1,1,0,0,0,0,0,0,0,0,0,0,1,0,1,0,0,1,1,0,0
0,-1.2827281667186554,0.5320843593464687,-0.9731862346919872,1,1,0,0,1,0,0,1,0,0,0,0,0,0,0,0,0,0,0,0,1,0,0,1,0,0,1
0,0.6330417670255862,0.5719954115591193,0.7690430504414907,1,0,1,1,1,0,1,1,0,0,0,0,0,0,0,0,0,0,0,0,1,1,0,1,0,0,1
0,0.18467008040459354,0.2410662702958926,0.16395465662395728,0,0,1,0,1,0,1,0,0,0,0,0,1,0,0,0,1,0,0,0,1,1,0,0,0,0,1
0,-0.8751175425177529,-1.0028281903317124,-0.8396437048472367,0,1,0,0,0,1,0,0,0,0,0,0,1,0,1,0,0,0,0,0,0,0,0,0,0,0,1
0,-1.201206041878475,-1.4734460143392158,-0.986289020078142,1,1,1,0,1,0,0,0,1,1,0,1,0,1,0,1,0,1,0,1,0,0,0,1,1,0,0
0,-0.5897901055771212,1.0342984330223204,-0.2387905547908846,0,0,1,0,1,0,0,1,0,0,0,0,0,0,1,0,0,0,1,0,1,0,0,1,1,0,0
0,0.7145638918657667,-0.6669101675419048,-0.02466810067740728,0,1,1,1,1,0,0,0,0,0,0,0,0,0,0,0,0,0,0,0,0,1,0,1,0,0,0
0,1.407501953007301,1.4816348099057775,2.20357746461289,0,0,1,1,1,0,1,1,0,0,1,0,0,0,1,0,1,0,1,0,1,1,0,1,0,1,0
0,-0.3044626686364894,0.20614409960982355,-0.19811456783453843,0,0,1,0,1,0,0,0,0,0,1,0,1,0,0,0,1,0,0,0,1,0,0,1,0,0,1
1,-1.2419671042985652,0.4555881759388888,-0.9428777715260328,1,0,0,0,1,0,1,1,0,0,0,0,0,0,1,0,0,0,0,0,0,0,0,1,0,1,0
0,-0.9566396673579334,-1.501716342989843,-0.9291352878634496,0,1,0,0,1,0,0,0,1,1,0,1,0,1,0,1,0,1,0,1,0,0,0,0,1,0,0
0,-0.9158786049378431,-0.8182395738482043,-0.8273350276663033,0,0,0,1,0,1,0,0,0,0,1,0,1,0,0,0,1,0,0,0,0,1,0,0,0,0,1
0,1.5297851402675717,-1.4967274614632617,-0.4228251313509693,0,0,1,0,1,0,0,0,1,1,0,1,0,1,0,1,0,1,0,1,0,0,1,0,1,0,0
0,-0.9566396673579334,0.11301831111363929,-0.7543211899084368,0,1,0,0,1,0,0,0,0,0,1,0,0,0,1,0,1,0,0,0,1,0,0,1,0,0,0
0,-1.1604449794583847,-1.4867496984100992,-0.9786567578835131,0,0,0,0,1,0,0,0,1,1,0,1,0,1,0,1,0,1,0,1,0,0,0,1,1,0,0
0,-1.2419671042985652,-0.46236602495207113,-0.9545688089917939,0,0,0,0,1,0,0,0,0,0,1,0,0,0,0,0,0,0,0,0,0,0,0,0,0,0,1
0,-1.2827281667186554,0.45891409695660995,-0.9741568113872578,1,0,0,1,1,0,0,1,0,0,0,0,0,0,0,0,0,0,0,0,1,0,0,0,0,1,0
0,-0.5490290431570309,-1.3204536475240558,-0.8022323849568013,0,1,0,0,0,1,0,0,0,0,0,0,0,0,0,0,0,0,0,0,0,0,0,1,0,0,0
0,-1.0381617921981139,-1.4834237773923784,-0.931782315214188,0,1,1,1,1,0,0,0,1,1,0,1,0,1,0,1,0,1,0,1,0,0,0,1,0,0,0
0,-1.2827281667186554,-0.7301026668786013,-0.9899286826854072,1,1,0,0,1,0,0,0,0,0,0,0,0,0,0,0,0,0,0,0,0,0,0,1,0,1,0
1,-1.2827281667186554,-0.6935175356836717,-0.9894433943377718,0,1,0,0,1,0,0,0,0,0,0,0,0,0,0,0,0,0,0,0,0,0,0,0,0,1,0
0,-0.9566396673579334,-1.4834237773923784,-0.9328190675932271,0,0,1,1,1,0,0,0,1,1,0,1,0,1,0,1,0,1,0,1,0,1,0,0,0,0,1
0,-1.201206041878475,-1.0177948349114565,-0.9473777180222881,1,0,0,0,0,1,0,0,0,0,1,0,0,0,0,0,1,0,0,0,0,0,0,0,0,0,1
0,-0.9566396673579334,-0.21125898811414554,-0.7706886423605024,1,0,0,0,0,1,0,0,0,0,1,0,0,0,1,0,1,0,1,0,1,0,0,0,0,0,1
0,-1.1196839170382944,-0.30105885559260914,-0.8763270922162192,0,0,0,0,1,0,0,0,0,0,1,0,0,0,1,0,0,0,0,0,0,0,0,0,1,0,0
0,0.9591302663863083,0.7998210012729992,1.1828837181681775,0,0,1,1,1,0,0,1,0,0,0,0,0,0,0,0,0,0,1,0,1,1,0,0,0,0,0
0,-0.5897901055771212,-0.239529316764773,-0.5709042530635244,0,0,0,1,1,0,1,0,0,0,1,0,0,0,0,0,0,0,0,0,0,0,0,0,0,0,1
1,0.6738028294456765,1.0426132355666224,1.0727012046936932,1,1,0,0,1,0,1,1,0,0,0,0,0,0,0,0,0,0,1,0,1,0,0,1,0,1,0
0,1.5297851402675717,0.4755437020452143,1.4336895596506374,0,1,1,0,1,0,1,0,0,0,1,0,1,0,1,0,1,0,1,0,0,0,1,0,0,0,1
0,1.6113072651077522,1.4367348761665455,2.4351923578024968,0,0,0,0,1,0,1,1,0,0,0,0,1,0,1,0,1,0,1,0,1,0,1,1,1,0,0
1,-1.0789228546182041,0.31756245370347297,-0.817342499417266,1,0,0,0,1,0,0,1,0,0,0,0,0,0,1,0,0,0,0,0,0,0,0,0,0,1,0
1,-0.6305511679972114,0.9960503413185302,-0.31890724927323233,0,1,1,0,1,0,1,1,0,0,0,0,0,0,0,0,0,0,1,0,1,0,0,1,0,1,0
0,-0.14141841895612844,-0.6303250363469752,-0.4210383878892208,0,1,1,0,0,1,0,0,0,0,0,0,0,0,0,0,0,0,1,0,1,0,0,1,0,1,0
0,-1.0789228546182041,1.3452720481792215,-0.768328376306094,1,0,1,0,1,0,1,1,0,0,0,0,1,0,1,0,0,0,1,0,1,0,0,1,0,1,0
0,1.24445770332694,1.2554721807007578,1.7690899835504441,0,1,1,0,1,0,1,1,0,0,0,0,0,0,1,0,0,0,1,0,1,0,1,0,0,1,0
0,-0.6713122304173017,0.2992698881060078,-0.4423028409401524,1,1,1,0,1,0,1,1,0,0,0,0,0,0,0,0,0,0,0,0,0,0,0,1,0,0,0
0,1.081413453646579,-0.1164702391091007,0.5994347729429301,0,1,0,0,1,0,0,0,0,0,0,0,0,0,1,0,0,0,0,0,1,1,0,1,0,0,0
0,-1.201206041878475,-0.2428552377824939,-0.9376278339470685,0,0,0,0,1,0,0,0,0,0,0,0,0,0,1,0,0,0,1,0,0,0,0,0,0,1,0
0,-0.9974007297780236,-1.1840908857975,-0.908731118701508,0,0,0,0,0,1,0,0,0,0,0,0,1,0,0,0,0,0,0,0,0,0,0,1,0,0,1
1,-1.0381617921981139,0.655143437002141,-0.723483321272335,1,0,1,0,1,0,1,1,0,0,0,0,0,0,0,0,0,0,0,0,1,0,0,1,0,1,0
0,1.4482630154273912,-1.505042264007564,-0.37284043154452645,0,0,0,0,1,0,0,0,1,1,0,1,0,1,0,1,0,1,0,1,0,0,1,0,1,0,0
0,1.4482630154273912,1.5597939538222176,2.3049144950236573,0,0,1,1,1,0,1,1,0,0,1,0,0,0,1,0,1,0,1,0,1,0,1,0,1,0,0
1,0.7960860167059473,1.385183100391872,1.4713435237148906,0,0,1,0,1,0,1,1,0,0,0,0,1,0,1,0,0,0,1,0,1,1,0,1,0,1,0
0,1.6113072651077522,1.4250941526045227,2.4851329404864275,0,1,1,1,1,0,1,1,0,0,1,0,1,0,0,0,1,0,1,0,1,0,1,1,1,0,0
0,-0.019135231695857704,-1.5150200270607266,-0.747152157500187,0,0,1,0,1,0,0,0,1,1,0,1,0,1,0,1,0,1,0,1,0,1,0,0,0,0,1
0,1.6113072651077522,-1.4900756194278202,-0.38078151359674156,0,0,1,0,1,0,0,0,1,1,0,1,0,1,0,1,0,1,0,1,0,0,1,0,0,0,0
0,-1.2827281667186554,0.16955896841489418,-0.9779950010458286,0,1,1,1,1,0,0,1,0,0,0,0,0,0,0,0,0,0,0,0,0,0,0,1,1,0,0
0,0.38847539250504476,-0.038311095192660204,0.2102555767006224,0,1,1,1,1,0,0,0,0,0,1,0,0,0,0,0,1,0,0,0,1,1,0,0,1,0,0
0,-0.3044626686364894,-1.3337573315949391,-0.7035203233355165,1,0,0,0,1,0,1,0,1,1,0,1,0,1,0,1,0,1,0,1,0,0,1,0,1,0,0
0,0.5107585797653155,-0.4640289854609317,0.00519919126342403,0,1,0,0,1,0,0,0,0,0,1,0,0,0,0,0,0,0,0,0,0,0,0,1,0,0,0
0,0.429236454925135,-0.14806648877744905,0.15607975025551069,0,0,1,1,0,1,0,0,0,0,1,0,0,0,1,0,1,0,1,0,1,1,0,1,1,0,0
0,0.18467008040459354,0.47886962306293496,0.2757474450701408,0,1,1,0,1,0,1,0,0,0,1,0,0,0,1,0,0,0,1,0,1,1,0,0,0,0,1
1,-0.5082679807369407,0.6967174497236519,-0.2467316368430997,1,0,0,0,1,0,1,1,0,0,0,0,0,0,0,0,0,0,0,0,1,0,0,1,1,0,0
0,-1.1604449794583847,-1.3437350946481017,-0.9706495001475296,1,0,0,0,0,1,0,0,0,0,0,0,0,0,0,0,0,0,0,0,0,0,0,1,0,1,0
0,1.24445770332694,1.5049162570298231,1.9495069560645197,0,1,1,0,1,0,0,1,0,0,1,0,1,0,1,0,1,0,1,0,1,0,1,1,1,0,0
0,-1.201206041878475,0.8596875795919747,-0.9040105865926912,0,1,0,0,1,0,0,1,0,0,0,0,0,0,0,0,0,0,1,0,1,0,0,0,0,0,1
0,1.3667408905872107,-1.3154647659974745,-0.2710622299086365,0,1,1,1,1,0,1,0,1,1,0,1,0,1,0,1,0,1,0,1,0,0,1,1,1,0,0
0,-0.1821794813762187,1.358575732250105,0.3056147370109719,1,1,0,0,1,0,1,1,0,0,0,0,1,0,1,0,0,0,1,0,1,0,0,1,0,1,0
1,-0.9974007297780236,0.6767619236173268,-0.7019100483638172,0,0,0,0,1,0,1,1,0,0,0,0,0,0,0,0,0,0,0,0,1,0,0,0,0,1,0
0,1.570546202687662,-1.3470610156658227,-0.2788930191545708,0,1,0,1,1,0,1,0,1,1,0,1,0,1,0,1,0,1,0,1,0,0,1,0,0,0,1
0,-1.2827281667186554,-1.3503869366835435,-0.9981565260339523,1,1,0,0,0,1,0,0,0,0,0,0,0,0,0,0,0,0,0,0,0,0,0,1,0,1,0
0,1.6113072651077522,-1.322116608032916,-0.18922496764830882,0,0,1,1,1,0,1,0,1,1,0,1,0,1,0,1,0,1,0,1,0,0,1,0,0,0,0
1,-0.6713122304173017,-0.34263286831412,-0.6448445503941495,0,1,1,0,1,0,0,0,0,0,1,0,1,0,0,0,0,0,0,0,0,0,0,1,0,0,0
0,1.3667408905872107,1.0559169196375058,1.825339314753634,0,1,1,0,1,0,1,1,0,0,1,0,1,0,1,0,1,0,0,0,0,0,1,0,0,0,1
0,-0.8751175425177529,0.38740679507561104,-0.6391755001513181,1,0,0,0,1,0,1,1,0,0,0,0,0,0,0,0,0,0,0,0,0,0,0,1,0,1,0
0,0.755324954285857,0.5420621223996317,0.8115057808595852,0,1,0,0,1,0,1,0,0,0,1,0,1,0,1,0,1,0,1,0,0,1,0,1,1,0,0
0,-0.9974007297780236,-0.8764431916583195,-0.8629154869724782,0,0,0,1,0,1,0,0,0,0,1,0,0,0,0,0,0,0,0,0,1,0,0,1,0,1,0
0,-0.7528343552574821,0.932857841981834,-0.4188104732023494,0,1,0,0,1,0,0,1,0,0,0,0,0,0,0,0,0,0,1,0,1,0,0,1,0,1,0
0,-1.1604449794583847,0.952813368088159,-0.849062710503614,1,0,0,0,1,0,1,1,0,0,0,0,1,0,0,0,1,0,0,0,1,0,0,1,0,1,0
0,1.5297851402675717,0.6601323185287225,1.6342239400303245,0,0,0,0,1,0,1,0,0,0,1,0,1,0,1,0,0,0,1,0,1,0,1,0,0,0,1
0,1.5297851402675717,0.038185088214919706,1.1491341194462634,0,0,0,1,1,0,1,0,0,0,1,0,1,0,0,0,1,0,0,0,0,0,1,0,0,1,0
1,0.8776081415461278,1.2188870495058286,1.3616021814655295,1,0,1,0,1,0,1,1,0,0,0,0,1,0,0,0,0,0,1,0,1,1,0,1,1,0,0
0,-0.1821794813762187,0.3341920587920773,-0.09627019051487987,1,1,0,1,1,0,0,1,0,0,1,0,0,0,0,0,0,0,0,0,0,0,0,1,0,0,0
0,-0.34522373105657966,-1.466794172303774,-0.793982483047,0,1,0,0,1,0,0,0,1,1,0,1,0,1,0,1,0,1,0,1,0,0,1,0,0,0,1
0,1.4890240778474815,-0.11314431809137979,0.8137116369852005,0,0,1,0,1,0,0,0,0,0,0,0,1,0,0,0,0,0,0,0,1,0,1,1,1,0,0
0,0.38847539250504476,-0.3442958288229803,0.006346236448743946,0,1,1,1,1,0,0,0,0,0,1,0,1,0,0,0,0,0,0,0,0,0,0,0,0,0,1
1,-1.2419671042985652,0.15791824485287084,-0.9507747364557356,1,0,0,0,1,0,0,1,0,0,0,0,0,0,0,0,0,0,0,0,0,0,0,1,0,1,0
1,0.26619220524477405,1.1606834316957133,0.7717121363534852,0,0,0,0,1,0,1,1,0,0,0,0,0,0,1,0,0,0,1,0,1,0,0,1,0,1,0
0,0.5107585797653155,1.4932755334678003,1.1531708361561392,0,1,1,1,1,0,1,1,0,0,0,0,1,0,1,0,1,0,1,0,1,0,1,1,0,0,0
0,1.6113072651077522,0.5320843593464687,1.5179312050878857,0,1,1,1,1,0,1,0,0,0,1,0,1,0,1,0,1,0,1,0,0,0,1,1,0,0,0
0,0.22543114282468377,-1.481760816883518,-0.6810426494154965,0,0,0,0,1,0,0,0,1,1,0,1,0,1,0,1,0,1,0,1,0,0,1,0,0,0,1
0,1.6113072651077522,0.09805166653389527,1.1108183985443254,0,1,1,0,1,0,1,0,0,0,1,0,1,0,1,0,1,0,0,0,0,0,1,1,0,0,0
0,-1.2827281667186554,-1.3570387787189853,-0.9982447602789769,1,1,0,0,1,0,1,0,1,1,0,1,0,1,0,1,0,1,0,1,0,0,0,1,0,0,1
0,1.6113072651077522,-1.4983904219721222,-0.3847520546228491,0,1,1,1,1,0,0,0,1,1,0,1,0,1,0,1,0,1,0,1,0,0,1,1,1,0,0
0,0.918369203966218,-1.3021610819265907,-0.37195808909428035,0,1,1,0,1,0,1,0,1,1,0,1,0,1,0,1,0,1,0,1,0,0,1,0,0,0,0
0,0.755324954285857,-0.28941813203058603,0.27007839482730933,0,0,1,1,0,1,0,0,0,0,0,0,0,0,1,0,1,0,1,0,1,1,0,1,0,1,0
0,1.24445770332694,0.7266507388831399,1.3335436915477026,0,1,0,0,1,0,0,0,0,0,1,0,1,0,1,0,1,0,1,0,1,0,1,1,0,0,0
0,-1.2827281667186554,-1.4784348958657971,-0.9998550352506761,0,0,0,0,1,0,0,0,1,1,0,1,0,1,0,1,0,1,0,1,0,0,0,0,0,0,1
0,-0.3859847934766699,-1.5033793034987035,-0.8096440615388686,0,0,1,1,1,0,0,0,1,1,0,1,0,1,0,1,0,1,0,1,0,0,1,1,0,0,1
0,-1.2827281667186554,-0.4756697090229548,-0.9865537228132157,1,0,0,0,1,0,0,0,0,0,0,0,1,0,0,0,0,0,0,0,0,0,0,0,0,1,0
0,-1.2419671042985652,-0.3492847103495616,-0.9572158363425323,0,0,0,0,1,0,1,0,0,0,0,0,0,0,0,0,1,0,0,0,0,0,0,1,0,0,1
1,0.7960860167059473,1.4383978366754058,1.5672762066179002,0,0,0,0,1,0,1,1,0,0,1,0,1,0,1,0,0,0,1,0,1,0,0,0,1,0,0
0,0.14390901798450328,-0.34595878933184065,-0.17349721347267166,0,0,0,0,1,0,1,0,0,0,1,0,0,0,0,0,0,0,0,0,0,1,0,0,0,0,1
0,-1.2827281667186554,-0.6486176019444398,-0.9888478131838558,0,0,0,0,1,0,0,0,0,0,0,0,0,0,0,0,0,0,0,0,0,0,0,0,0,0,1
0,-0.1821794813762187,-0.1946293830255412,-0.27895919483833925,0,0,0,0,1,0,1,0,0,0,1,0,0,0,1,0,0,0,0,0,0,1,0,0,0,0,1
0,-1.0381617921981139,0.1529293633262898,-0.7983941952982306,0,0,1,1,1,0,0,0,0,0,1,0,1,0,1,0,0,0,1,0,0,1,0,0,0,1,0
0,-0.7528343552574821,1.1872907998374802,-0.3843550005202384,1,1,0,0,1,0,1,1,0,0,0,0,1,0,0,0,0,0,1,0,1,0,0,1,0,1,0
1,1.6113072651077522,0.003262917528850668,0.996709461166246,0,1,1,0,0,1,0,0,0,0,1,0,1,0,1,0,1,0,1,0,1,0,1,1,1,0,0
0,-1.2827281667186554,-1.4751089748480761,-0.9998109181281638,1,0,1,1,1,0,0,0,1,1,0,1,0,1,0,1,0,1,0,1,0,0,0,1,0,0,1
0,-0.9158786049378431,-1.5299866716404704,-0.9368557843031031,0,0,0,0,1,0,0,0,1,1,0,1,0,1,0,1,0,1,0,1,0,0,0,0,0,0,1
0,0.38847539250504476,-1.4983904219721222,-0.6339035040110974,0,1,0,0,1,0,0,0,1,1,0,1,0,1,0,1,0,1,0,1,0,1,0,0,0,0,0
0,-1.0381617921981139,-1.3237795685417766,-0.9250544540310613,0,0,0,0,0,1,0,0,0,0,0,0,0,0,0,0,0,0,0,0,0,0,0,0,0,0,0
0,-1.1604449794583847,0.3308661377743562,-0.8668419108760733,1,1,0,0,1,0,0,1,0,0,0,0,0,0,1,0,0,0,0,0,0,0,0,1,0,0,0
0,1.6113072651077522,1.6446049397740998,2.5463454479722523,0,1,1,1,1,0,1,1,0,0,1,0,1,0,1,0,1,0,1,0,1,0,1,1,1,0,0
0,-0.5082679807369407,-1.3437350946481017,-0.795857460753773,1,0,1,0,0,1,0,0,0,0,0,0,0,0,0,0,0,0,0,0,0,0,0,1,0,1,0
0,1.24445770332694,1.4749829678703357,2.1012919160681083,0,1,0,0,1,0,0,1,0,0,1,0,1,0,1,0,1,0,1,0,1,0,1,0,1,0,0
0,0.9591302663863083,-0.6585953649976026,0.12058752519436036,0,0,0,0,0,1,0,0,0,0,1,0,1,0,1,0,1,0,0,0,0,0,1,0,0,0,0
0,-1.1196839170382944,-0.4607030644432108,-0.8823270208778928,0,0,0,1,1,0,0,0,0,0,0,0,0,0,0,0,1,0,0,0,0,0,0,1,0,0,1
0,1.6113072651077522,1.5165569805918464,2.5127943763016427,0,0,1,0,1,0,1,1,0,0,0,0,1,0,1,0,1,0,1,0,1,0,1,1,0,0,0
1,1.4482630154273912,0.6584693580198622,1.4985858468662396,0,1,1,1,1,0,1,1,0,0,0,0,1,0,1,0,0,0,0,0,0,0,0,1,0,1,0
0,1.407501953007301,-0.15970721233947216,0.753205003459573,0,1,1,1,1,0,0,0,0,0,1,0,1,0,0,0,1,0,0,0,0,1,0,0,0,0,1
0,-0.9974007297780236,-0.6718990490684861,-0.8459965704890088,0,1,1,1,1,0,0,0,0,0,0,0,0,0,0,0,0,0,0,0,0,0,0,0,0,0,0
0,0.7960860167059473,0.9444985655438568,1.0345178351592923,0,1,1,1,1,0,1,1,0,0,0,0,1,0,0,0,1,0,0,0,1,0,0,1,0,0,0
0,-0.5897901055771212,-1.4834237773923784,-0.8315261543049723,0,0,1,1,1,0,0,0,1,1,0,1,0,1,0,1,0,1,0,1,0,0,0,1,0,0,1
0,1.081413453646579,-1.310475884470893,-0.33207621034315576,0,0,1,1,1,0,1,0,1,1,0,1,0,1,0,1,0,1,0,1,0,0,1,0,0,0,1
0,1.1221745160666692,-1.4717830538303551,-0.5266547791836815,0,0,0,0,1,0,0,0,1,1,0,1,0,1,0,1,0,1,0,1,0,0,1,0,0,0,1
0,-1.0381617921981139,0.972768894194484,-0.6994615480643843,0,1,0,0,1,0,1,1,0,0,0,0,0,0,0,0,0,0,1,0,1,0,0,1,0,1,0
0,1.081413453646579,-0.9995022693139918,-0.13520355113199004,0,1,1,1,0,1,0,0,0,0,1,0,0,0,1,0,0,0,0,0,0,1,0,0,0,0,1
0,0.5515196421854057,-0.13642576521542596,0.26762989452787644,0,1,0,0,0,1,0,0,0,0,1,0,0,0,1,0,1,0,1,0,1,0,1,1,0,0,0
0,-1.1196839170382944,-0.4490623408811877,-0.8931357158934078,0,1,0,0,1,0,0,0,0,0,0,0,1,0,0,0,0,0,0,0,0,0,0,1,0,1,0
1,1.081413453646579,-0.02667037163063735,0.7059114481263807,0,1,1,0,0,1,0,0,0,0,1,0,0,0,1,0,1,0,1,0,1,0,1,1,1,0,0
0,1.5297851402675717,0.6634582395464431,1.6017978549837797,0,0,1,0,1,0,1,0,0,0,0,0,1,0,1,0,1,0,1,0,1,0,1,1,0,0,0
0,-0.7528343552574821,0.20448113910096322,-0.6056244284807093,1,0,0,0,1,0,0,1,0,0,0,0,0,0,0,0,0,0,0,0,0,0,0,1,1,0,0
0,0.46999751734522527,-0.48897339309383825,-0.06514556058244807,0,0,0,0,1,0,1,0,0,0,0,0,0,0,0,0,0,0,0,0,0,0,0,1,0,0,1
0,1.2852187657470302,0.9893984992830883,1.6155403386463627,0,0,1,0,1,0,1,1,0,0,1,0,0,0,1,0,0,0,1,0,0,0,1,1,1,0,0
0,1.0406523912264887,-0.16968497539263466,0.5901040015315774,0,0,1,1,0,1,0,0,0,0,1,0,0,0,1,0,1,0,1,0,1,0,1,0,0,0,1
1,0.5515196421854057,1.1773130367843176,1.0884069003080743,0,0,1,0,1,0,1,1,0,0,0,0,0,0,0,0,1,0,1,0,1,1,0,0,0,1,0
1,1.0406523912264887,1.1324131030450861,1.5414235728256886,0,1,1,0,1,0,1,1,0,0,0,0,1,0,0,0,0,0,1,0,1,0,0,1,0,1,0
0,1.6113072651077522,1.0925020508324357,2.0218590369847016,0,0,1,0,1,0,1,1,0,0,0,0,1,0,0,0,0,0,1,0,1,0,1,1,1,0,0
1,-0.1006573565360382,-0.816576613339344,-0.49138313973509284,1,0,0,0,0,1,0,0,0,0,0,0,0,0,1,0,0,0,1,0,0,0,0,1,0,1,0
1,-0.8751175425177529,-0.15305537030403032,-0.7163804645478536,0,1,0,0,1,0,1,0,0,0,1,0,1,0,0,0,0,0,0,0,0,0,0,0,0,0,0
1,0.06238689314432279,-0.28609221101286514,-0.229768603237118,0,0,0,0,0,1,0,0,0,0,0,0,1,0,1,0,0,0,1,0,1,0,0,1,0,1,0
0,0.8776081415461278,-0.6203472732938125,0.06405143269484012,0,1,0,0,0,1,0,0,0,0,1,0,1,0,0,0,0,0,0,0,1,0,1,0,0,0,0
0,-1.201206041878475,-0.47400674851409424,-0.9403189784203192,1,0,0,0,0,1,0,0,0,0,0,0,1,0,0,0,0,0,1,0,1,0,0,1,0,1,0
0,1.6113072651077522,-1.3287684500683579,-0.18862938649439262,0,0,1,1,1,0,1,0,1,1,0,1,0,1,0,1,0,1,0,1,0,0,1,0,0,0,1
0,0.30695326766486425,0.6651212000553035,0.4483556868995382,1,0,1,1,1,0,1,1,0,0,0,0,0,0,1,0,1,0,0,0,0,0,0,1,0,1,0
0,-1.2419671042985652,0.028207325161757193,-0.9495835741479034,1,0,1,1,1,0,0,0,0,0,0,0,0,0,0,0,0,0,1,0,1,0,0,0,0,0,1
0,0.8776081415461278,-0.0499518187546833,0.4951418953238386,0,1,1,1,1,0,1,0,0,0,0,0,0,0,1,0,0,0,0,0,1,0,1,0,1,0,0
0,-0.7528343552574821,-0.4906363536026986,-0.6958439440183751,0,0,0,0,1,0,0,0,0,0,1,0,0,0,0,0,0,0,0,0,0,0,0,0,0,0,0
0,-1.2827281667186554,0.18785153401235885,-0.9777523568720108,1,0,0,0,1,0,0,1,0,0,0,0,0,0,0,0,0,0,0,0,0,0,0,0,0,1,0
0,-0.9158786049378431,0.9977133018273905,-0.5882202236496046,1,0,0,0,1,0,1,1,0,0,0,0,1,0,1,0,0,0,0,0,1,0,0,1,0,1,0
0,-1.2827281667186554,-0.48897339309383825,-0.986730191303265,0,0,0,0,1,0,0,0,0,0,1,0,0,0,0,0,0,0,0,0,0,0,0,0,0,1,0
0,-1.2827281667186554,-1.5000533824809827,-1.000141796547006,1,1,0,0,1,0,0,0,1,1,0,1,0,1,0,1,0,1,0,1,0,0,0,0,0,0,1
0,0.9591302663863083,-0.006714845524311847,0.6082802560066476,0,1,0,0,1,0,1,0,0,0,1,0,1,0,0,0,1,0,0,0,0,1,0,1,0,0,0
0,1.4482630154273912,0.49051034662495785,1.4245573152905902,0,0,1,0,1,0,0,0,0,0,1,0,1,0,0,0,1,0,1,0,1,0,1,1,0,0,0
0,-0.7528343552574821,-1.5083681850252848,-0.888856355009714,0,0,1,1,1,0,0,0,1,1,0,1,0,1,0,1,0,1,0,1,0,1,0,1,0,0,1
0,1.4482630154273912,1.1540315896602715,1.93287480087738,0,1,1,1,1,0,0,1,0,0,1,0,0,0,0,0,1,0,1,0,1,0,1,1,0,1,0
1,0.918369203966218,0.3042587696325893,0.7789473444455035,0,1,1,0,1,0,1,1,0,0,0,0,0,0,0,0,0,0,0,0,0,0,0,1,0,1,0
0,-0.6713122304173017,-0.8631395075874361,-0.7157407662714251,0,0,0,0,0,1,0,0,0,0,1,0,0,0,0,0,0,0,1,0,0,0,0,1,0,1,0
1,-0.9566396673579334,0.4888473861160975,-0.6918513444310115,0,1,0,0,1,0,0,1,0,0,0,0,0,0,0,0,0,0,0,0,1,0,0,1,0,1,0
0,-0.7528343552574821,0.019892522617455017,-0.5952127875678052,1,1,1,1,1,0,0,0,0,0,1,0,1,0,0,0,0,0,1,0,0,0,0,1,0,1,0
1,1.0406523912264887,1.1257612610096444,1.5554969349071146,1,1,1,0,1,0,1,1,0,0,0,0,0,0,1,0,0,0,1,0,1,0,0,1,0,1,0
0,0.8368470791260375,-0.6170213522760918,0.1147420064614798,0,1,0,0,0,1,0,0,0,0,1,0,1,0,0,0,0,0,0,0,1,0,0,1,0,0,0
0,1.5297851402675717,1.1473797476248297,2.054858644623906,0,1,1,0,1,0,1,1,0,0,1,0,1,0,1,0,0,0,1,0,0,0,1,1,1,0,0
1,-0.7528343552574821,1.0293095514957389,-0.4149061078600103,0,0,1,1,1,0,1,1,0,0,0,0,0,0,0,0,0,0,1,0,1,0,0,1,0,1,0
0,-0.4267458558967602,0.08807390348073275,-0.32766449809192516,1,1,1,1,1,0,0,0,0,0,1,0,0,0,1,0,1,0,1,0,0,1,0,1,0,0,0
0,-0.9158786049378431,0.4422844918680056,-0.6712927653402768,0,0,1,0,1,0,1,1,0,0,1,0,0,0,0,0,0,0,0,0,0,0,0,1,1,0,0
0,-0.14141841895612844,-1.2888573978557074,-0.7033217962842111,0,0,1,1,1,0,1,0,1,1,0,1,0,1,0,1,0,1,0,1,0,0,1,0,0,0,1
0,-1.2827281667186554,0.15791824485287084,-0.9781494109746216,1,0,0,0,1,0,0,1,0,0,0,0,0,0,0,0,0,0,0,0,0,0,0,1,0,1,0
0,0.6738028294456765,0.6484915949666992,0.7820134844601087,1,1,1,0,1,0,1,0,0,0,1,0,0,0,1,0,1,0,1,0,1,1,0,0,0,1,0
1,1.4482630154273912,1.1756500762754574,2.01389589637123,1,0,1,0,1,0,1,1,0,0,0,0,1,0,0,0,0,0,1,0,1,0,0,1,0,1,0
0,-1.2827281667186554,0.43895857085028445,-0.9744215141223316,1,0,0,0,1,0,0,1,0,0,0,0,0,0,0,0,0,0,1,0,0,0,0,0,0,1,0
0,-0.1006573565360382,-0.8149136528304834,-0.4851626254608577,0,0,0,0,0,1,0,0,0,0,0,0,0,0,0,0,1,0,0,0,1,1,0,1,1,0,0
0,1.6113072651077522,0.4772066625540746,1.3743079127490734,0,0,1,0,1,0,1,0,0,0,1,0,1,0,1,0,1,0,1,0,0,0,1,0,1,0,0
0,-0.9158786049378431,-1.4618052907771928,-0.8998856356377906,0,0,0,0,1,0,0,0,1,1,0,1,0,1,0,1,0,1,0,1,0,0,0,1,0,0,1
0,-1.0381617921981139,0.29095508556170563,-0.7794458911791952,1,1,0,0,1,0,1,1,0,0,0,0,0,0,0,0,0,0,0,0,0,0,0,0,0,1,0
0,-0.9566396673579334,0.3292031772654958,-0.697123340571232,1,0,0,0,1,0,1,1,0,0,0,0,0,0,0,0,0,0,0,0,0,0,0,1,0,1,0
0,-1.2827281667186554,-0.4972881956381404,-0.9868404841095458,0,0,0,1,1,0,0,0,0,0,1,0,0,0,0,0,0,0,0,0,0,0,0,0,0,0,1
0,-0.5082679807369407,0.1346367977288251,-0.40429593989580076,0,0,0,0,1,0,1,0,0,0,0,0,1,0,0,0,1,0,0,0,1,0,0,1,1,0,0
0,-1.2827281667186554,-1.4834237773923784,-0.9999212109344445,0,0,0,0,1,0,0,0,1,1,0,1,0,1,0,1,0,1,0,1,0,0,0,1,0,0,1
0,-0.14141841895612844,0.3707771899870067,-0.03155037178932698,0,0,0,0,1,0,1,1,0,0,0,0,0,0,0,0,0,0,0,0,0,0,0,1,1,0,0
0,-1.2827281667186554,0.3042587696325893,-0.97620825758408,0,1,0,0,1,0,0,1,0,0,0,0,0,0,0,0,1,0,0,0,0,0,0,0,0,1,0
0,-1.201206041878475,0.5803102141034214,-0.9142678175768023,0,1,0,0,1,0,0,1,0,0,1,0,0,0,0,0,1,0,0,0,0,0,0,1,0,0,1
0,-0.5082679807369407,0.8164506063616035,-0.18335739035417203,0,0,0,0,1,0,0,1,0,0,1,0,0,0,1,0,0,0,1,0,0,0,0,1,0,0,0
0,1.2852187657470302,1.1407279055893882,1.7137009362362436,0,1,0,1,1,0,0,1,0,0,0,0,1,0,0,0,1,0,1,0,1,0,0,1,1,0,0
0,-1.0789228546182041,-1.177439043762058,-0.9376278339470685,0,0,0,0,0,1,0,0,0,0,1,0,0,0,0,0,0,0,0,0,0,0,0,0,0,0,0
0,0.7145638918657667,-1.4983904219721222,-0.5618602429485017,0,1,1,0,1,0,0,0,1,1,0,1,0,1,0,1,0,1,0,1,0,0,1,0,0,1,0
0,-1.0789228546182041,-0.18964050149895995,-0.8603125767442521,0,1,0,0,1,0,0,0,0,0,1,0,0,0,0,0,0,0,0,0,1,0,0,1,0,0,0
0,-1.0381617921981139,-0.6685731280507652,-0.8616581489808773,0,1,1,1,1,0,0,0,0,0,0,0,0,0,0,0,0,0,0,0,0,0,0,0,0,1,0
0,1.6113072651077522,0.8630135006096954,1.8639638555131584,0,1,1,1,1,0,1,1,0,0,0,0,0,0,1,0,0,0,0,0,1,0,1,1,1,0,0
0,-0.9974007297780236,-0.5089289192001635,-0.8352761097185184,0,1,1,0,1,0,0,0,0,0,0,0,1,0,0,0,0,0,0,0,0,0,0,1,0,0,0
0,1.407501953007301,1.391834942427314,2.083534774256905,0,0,1,1,1,0,1,1,0,0,1,0,0,0,0,0,1,0,1,0,1,0,1,0,1,0,0
1,-0.34522373105657966,0.9544763285970193,-0.010021216003321554,1,0,1,0,1,0,1,1,0,0,0,0,0,0,0,0,0,0,1,0,1,0,0,1,0,1,0
0,1.6113072651077522,0.9844096177565073,2.044799940691101,0,0,1,0,1,0,1,1,0,0,1,0,1,0,0,0,0,0,0,0,1,0,1,1,1,0,0
0,0.021625830724232544,-1.510031145534145,-0.7440419003630695,0,1,1,1,1,0,0,0,1,1,0,1,0,1,0,1,0,1,0,1,0,1,0,1,0,0,0
0,-1.2419671042985652,-1.3237795685417766,-0.9839949297075021,1,1,0,0,0,1,0,0,0,0,0,0,0,0,0,0,0,0,0,0,0,0,0,1,0,1,0
0,1.5297851402675717,0.10304054806047677,1.0488338414145355,0,1,1,0,1,0,0,0,0,0,1,0,1,0,0,0,1,0,0,0,1,0,1,0,0,0,1
0,-0.4267458558967602,0.013240680582013184,-0.3727742558607581,0,0,0,0,1,0,0,0,0,0,0,0,1,0,1,0,0,0,1,0,0,1,0,0,0,0,0
0,1.081413453646579,1.1507056686425507,1.472159690481368,0,0,0,0,1,0,1,1,0,0,1,0,1,0,1,0,0,0,0,0,1,0,0,1,0,0,0
0,0.14390901798450328,-1.4800978563746574,-0.701865931241305,0,1,0,0,1,0,0,0,1,1,0,1,0,1,0,1,0,1,0,1,0,1,0,1,1,0,0
0,0.755324954285857,-1.4934015404455407,-0.5550000303978382,0,0,1,1,1,0,0,0,1,1,0,1,0,1,0,1,0,1,0,1,0,0,1,0,0,0,1
0,0.8368470791260375,0.41734008423509905,0.8246306248069962,0,1,1,0,1,0,1,0,0,0,1,0,0,0,1,0,1,0,1,0,0,1,0,0,0,0,0
0,-0.5082679807369407,-1.501716342989843,-0.8343275915845039,0,0,1,1,1,0,0,0,1,1,0,1,0,1,0,1,0,1,0,1,0,1,0,0,0,0,0
0,1.24445770332694,1.159020471186853,1.7839353952758348,0,1,1,0,1,0,0,1,0,0,1,0,0,0,1,0,0,0,1,0,1,0,1,0,1,0,0
0,0.30695326766486425,0.3308661377743562,0.302173601455012,0,0,0,0,1,0,0,1,0,0,0,0,1,0,0,0,0,0,0,0,0,0,0,0,1,0,0
0,0.10314795556441304,-1.5200089085873079,-0.727387686614674,0,1,0,0,1,0,0,0,1,1,0,1,0,1,0,1,0,1,0,1,0,1,0,1,0,0,1
0,-0.2637016062163992,0.46889186000977245,-0.11140236353660092,0,1,1,1,1,0,0,1,0,0,0,0,0,0,0,0,0,0,0,0,1,1,0,0,0,0,0
1,-0.22294054379630893,1.0209947489514366,0.0985730810607196,1,1,1,0,1,0,1,1,0,0,0,0,1,0,1,0,0,0,0,0,1,0,0,1,0,1,0
0,0.8368470791260375,-0.06658142384328765,0.4997300760651185,0,1,0,1,1,0,0,0,0,0,1,0,1,0,0,0,1,0,0,0,0,1,0,0,1,0,0
1,0.06238689314432279,0.2227737046984279,0.06202204505927409,0,1,1,0,1,0,0,1,0,0,0,0,0,0,0,0,0,0,0,0,0,0,0,0,1,0,0
1,-0.5490290431570309,1.0010392228451117,-0.23228327922031947,0,0,1,0,1,0,1,1,0,0,0,0,0,0,0,0,0,0,1,0,1,0,0,1,0,1,0
0,0.429236454925135,0.7066952127768144,0.5580308534651309,0,1,1,0,1,0,0,1,0,0,1,0,1,0,1,0,0,0,0,0,0,0,0,1,1,0,0
0,-1.0789228546182041,-1.5067052245164245,-0.9546349846755624,0,1,1,1,1,0,0,0,1,1,0,1,0,1,0,1,0,1,0,1,0,0,0,0,0,0,1
0,0.9591302663863083,-1.3320943710860789,-0.38053886942292386,0,1,0,1,1,0,1,0,1,1,0,1,0,1,0,1,0,1,0,1,0,0,1,1,0,0,1
0,0.9998913288063985,-0.8498358235165526,-0.07734394495710073,1,1,0,0,0,1,0,0,0,0,0,0,1,0,0,0,0,0,1,0,0,0,0,1,0,1,0
0,0.06238689314432279,0.6385138319135366,0.274931278303663,0,1,1,1,1,0,0,1,0,0,0,0,0,0,1,0,0,0,1,0,0,0,0,1,0,0,1
0,-0.9158786049378431,-0.9512764145570392,-0.8438568900471619,0,0,0,0,0,1,0,0,0,0,0,0,1,0,0,0,1,0,0,0,0,0,0,0,0,1,0
0,-1.2827281667186554,-1.4834237773923784,-0.9999212109344445,1,0,0,0,1,0,0,0,1,1,0,1,0,1,0,1,0,1,0,1,0,0,0,1,0,0,1
0,-0.7935954176775724,-1.3620276602455665,-0.87615062372617,1,0,0,0,0,1,0,0,0,0,0,0,0,0,0,0,0,0,0,0,0,0,0,1,0,1,0
0,0.9591302663863083,1.1224353399919231,1.4533437377298697,0,1,0,0,1,0,1,1,0,0,0,0,1,0,0,0,0,0,1,0,1,0,0,0,0,1,0
0,0.918369203966218,1.2903943513868275,1.4955197068516342,0,0,1,0,1,0,1,1,0,0,0,0,1,0,1,0,0,0,1,0,1,0,0,1,1,0,0
0,0.14390901798450328,0.932857841981834,0.4819729342539153,0,0,1,1,1,0,1,0,0,0,1,0,1,0,1,0,1,0,1,0,1,0,1,1,1,0,0
0,0.592280704605496,-1.4950645009544015,-0.5928525215133967,0,1,1,0,1,0,0,0,1,1,0,1,0,1,0,1,0,1,0,1,0,1,0,0,0,0,0
0,-0.8343564800976626,-1.4884126589189595,-0.9063267355245872,0,0,1,1,1,0,0,0,1,1,0,1,0,1,0,1,0,1,0,1,0,0,0,1,1,0,0
0,-1.2827281667186554,0.6850767261616291,-0.9711568470564211,1,0,0,0,1,0,0,1,0,0,0,0,0,0,1,0,0,0,1,0,0,0,0,1,0,1,0
1,-0.34522373105657966,0.5204436357844459,-0.08749088313493113,0,1,0,0,1,0,1,1,0,0,0,0,1,0,0,0,0,0,0,0,0,0,0,1,0,1,0
0,1.24445770332694,1.1656723132222948,1.698612880337035,1,0,0,0,1,0,1,1,0,0,0,0,1,0,0,0,0,0,1,0,1,1,0,0,0,0,0
1,0.10314795556441304,-0.8315432579190878,-0.3759506886816441,0,0,0,0,0,1,0,0,0,0,0,0,0,0,1,0,0,0,1,0,0,0,0,1,0,1,0
0,1.407501953007301,-0.14474056775972813,0.6984777129830572,0,0,0,0,1,0,0,0,0,0,1,0,1,0,0,0,1,0,0,0,0,1,0,0,1,0,0
0,-0.3044626686364894,0.6634582395464431,-0.10734358826546873,1,1,0,0,1,0,1,1,0,0,0,0,0,0,0,0,0,0,0,0,1,0,0,1,0,1,0
0,-0.46750691831685043,1.2970461934222688,-0.03166066459560775,0,1,0,0,1,0,1,1,0,0,1,0,0,0,1,0,0,0,1,0,1,0,0,0,0,0,1
0,-0.7935954176775724,0.09805166653389527,-0.6372784638832889,0,0,0,0,1,0,0,0,0,0,1,0,1,0,0,0,1,0,0,0,1,0,0,0,0,0,0
0,0.10314795556441304,0.34416982184523986,0.12769038191884158,1,1,1,0,1,0,1,1,0,0,0,0,0,0,0,0,0,0,0,0,0,0,0,1,0,1,0
1,1.570546202687662,-1.3304314105772181,-0.1701884292842487,0,1,1,0,1,0,1,0,1,1,0,1,0,1,0,1,0,1,0,1,0,0,1,0,0,0,0
0,-0.14141841895612844,-1.513357066551866,-0.7434463192091534,0,0,0,0,1,0,0,0,1,1,0,1,0,1,0,1,0,1,0,1,0,0,0,0,1,0,0
0,1.570546202687662,-0.5155807612356051,0.5419722208706516,1,1,1,0,0,1,0,0,0,0,0,0,1,0,0,0,0,0,1,0,1,0,1,0,0,1,0
1,-1.0381617921981139,0.8031469222907198,-0.7417478099924296,0,1,1,0,1,0,0,1,0,0,0,0,0,0,0,0,0,0,1,0,1,0,0,1,0,1,0
1,0.9998913288063985,-0.327666223734376,0.35615090084881856,0,0,0,0,0,1,0,0,0,0,0,0,1,0,1,0,0,0,1,0,1,0,0,1,0,1,0
0,1.3259798281671205,0.3757660715135882,1.1659206845621959,0,1,1,0,1,0,1,0,0,0,1,0,0,0,1,0,1,0,0,0,1,0,1,0,0,0,0
0,-0.22294054379630893,-1.481760816883518,-0.7463359907337095,0,1,0,0,1,0,0,0,1,1,0,1,0,1,0,1,0,1,0,1,0,1,0,0,0,0,1
0,-1.0789228546182041,0.3341920587920773,-0.8015926866803728,1,1,0,0,1,0,1,1,0,0,0,0,0,0,0,0,0,0,0,0,0,0,0,1,0,1,0
1,1.6113072651077522,1.7460455308145864,2.7129758197012315,0,0,0,0,1,0,1,1,0,0,1,0,1,0,1,0,1,0,1,0,1,0,1,1,1,0,0
0,-1.2827281667186554,-1.5000533824809827,-1.000141796547006,0,1,0,0,1,0,0,0,1,1,0,1,0,1,0,1,0,1,0,1,0,0,0,1,0,0,1
0,-0.8751175425177529,-0.6536064834710211,-0.7917986854826408,0,1,0,0,1,0,0,0,0,0,0,0,0,0,0,0,0,0,0,0,0,0,0,0,1,0,0
0,0.26619220524477405,-1.318790687015195,-0.572999816382859,0,1,1,1,1,0,1,0,1,1,0,1,0,1,0,1,0,1,0,1,0,0,1,0,0,0,1
1,1.081413453646579,0.8280913299236263,1.4162191791357641,0,0,0,0,1,0,1,1,0,0,1,0,1,0,1,0,0,0,0,0,0,0,0,1,0,1,0
0,-0.2637016062163992,0.33751797980979803,-0.16694582077959425,0,1,0,0,1,0,0,0,0,0,1,0,0,0,0,0,1,0,1,0,1,1,0,0,0,0,0
1,-1.2419671042985652,-0.4956252351292798,-0.9616054900325068,0,1,0,0,1,0,0,0,0,0,0,0,0,0,1,0,0,0,0,0,0,0,0,0,0,0,1
0,1.6113072651077522,0.028207325161757193,1.009657836623608,0,0,1,1,0,1,0,0,0,0,1,0,1,0,1,0,1,0,1,0,1,0,1,0,0,0,0
0,1.3259798281671205,0.07310725890098875,0.8923945249858984,0,1,1,0,1,0,1,0,0,0,1,0,1,0,1,0,0,0,0,0,0,1,0,0,1,0,0
0,1.6113072651077522,1.5315236251715905,2.48643439560054,0,1,1,1,1,0,1,1,0,0,0,0,1,0,1,0,1,0,1,0,1,0,1,0,1,0,0
0,-1.0789228546182041,0.7682247516046508,-0.7784091388001559,0,1,0,0,1,0,1,1,0,0,0,0,0,0,0,0,1,0,0,0,1,0,0,1,0,0,0
1,-0.019135231695857704,-1.4983904219721222,-0.7495785992383639,0,1,0,0,1,0,0,0,1,1,0,1,0,1,0,1,0,1,0,1,0,1,0,0,1,0,0
0,0.7145638918657667,0.3607994269338442,0.7012129745788201,0,0,1,0,1,0,1,0,0,0,0,0,0,0,1,0,0,0,1,0,1,1,0,0,0,0,0
0,1.1629355784867594,-0.08986287096733384,0.6582649558130902,0,1,1,0,0,1,0,0,0,0,1,0,0,0,1,0,1,0,1,0,1,0,1,1,0,0,1
0,-0.712073292837392,1.2105722469615263,-0.36595816043260676,1,0,0,0,1,0,0,1,0,0,0,0,1,0,1,0,0,0,1,0,1,0,0,1,0,1,0
0,1.6113072651077522,1.6728752684247274,2.67468215736055,0,1,1,0,1,0,1,1,0,0,1,0,1,0,1,0,1,0,1,0,1,0,1,0,0,0,0
0,-0.9566396673579334,-1.5266607506227494,-0.9269735488603466,1,1,0,0,1,0,0,0,1,1,0,1,0,1,0,1,0,1,0,1,0,0,0,1,0,0,1
0,-1.2827281667186554,-1.5083681850252848,-1.000252089353287,0,0,0,0,1,0,0,0,1,1,0,1,0,1,0,1,0,1,0,1,0,0,0,0,0,0,1
0,-0.8343564800976626,0.7216618573565584,-0.5381693481593933,0,0,0,0,1,0,1,1,0,0,0,0,0,0,0,0,0,0,0,0,1,0,0,1,0,1,0
0,0.18467008040459354,-1.2057093724126857,-0.5793526820246311,1,0,0,0,0,1,0,0,0,0,0,0,0,0,0,0,1,0,0,0,0,0,0,0,1,0,0
0,1.1629355784867594,-1.4784348958657971,-0.46778047919100907,0,1,1,1,1,0,0,0,1,1,0,1,0,1,0,1,0,1,0,1,0,1,0,0,0,0,1
0,-0.5897901055771212,-1.4983904219721222,-0.857842017883563,0,1,1,1,1,0,0,0,1,1,0,1,0,1,0,1,0,1,0,1,0,1,0,0,0,0,0
0,-0.46750691831685043,-0.6386398388912774,-0.5742792129357159,0,1,0,1,1,0,0,0,0,0,0,0,0,0,0,0,0,0,0,0,0,0,0,0,0,0,1
0,1.4482630154273912,-0.28110332948628386,0.7330875955939612,0,1,1,1,0,1,0,0,0,0,1,0,1,0,1,0,1,0,0,0,1,0,1,1,0,0,1
1,-0.8343564800976626,0.2809773225085431,-0.6435430952800364,0,1,0,0,1,0,1,1,0,0,0,0,0,0,0,0,0,0,0,0,0,0,0,1,1,0,0
1,-1.2419671042985652,-1.3470610156658227,-0.9903919124717865,1,0,0,0,0,1,0,0,0,0,0,0,0,0,0,0,0,0,0,0,0,0,0,0,0,1,0
0,1.2036966409068497,1.213898167979247,1.7108333232729438,0,0,1,0,1,0,1,1,0,0,0,0,0,0,1,0,0,0,1,0,1,0,0,1,0,1,0
1,-0.14141841895612844,1.1240983005007839,0.25410799647785465,1,0,0,0,1,0,1,1,0,0,0,0,0,0,0,0,1,0,1,0,1,0,0,0,0,1,0
0,-1.2827281667186554,-1.0394133215266421,-0.9940315750790517,0,1,0,1,0,1,0,0,0,0,0,0,1,0,0,0,1,0,0,0,0,0,0,0,0,0,1
1,-1.1196839170382944,0.5004881096781209,-0.8571140853621099,1,1,1,0,1,0,1,1,0,0,0,0,0,0,1,0,0,0,0,0,0,0,0,1,0,0,0
0,-1.2827281667186554,-1.4684571328126343,-0.9997226838831392,0,0,0,0,1,0,0,0,1,1,0,1,0,1,0,1,0,1,0,1,0,0,0,0,0,1,0
0,1.2036966409068497,1.3036980354577106,1.8986840309303428,0,1,0,1,1,0,1,1,0,0,0,0,0,0,1,0,1,0,1,0,1,0,1,1,0,1,0
0,0.14390901798450328,-1.4834237773923784,-0.6921160471660853,0,0,1,1,1,0,0,0,1,1,0,1,0,1,0,1,0,1,0,1,0,0,1,0,0,0,0
1,-0.1821794813762187,1.2787536278248042,0.2664166736587881,1,0,0,0,1,0,1,1,0,0,0,0,0,0,1,0,1,0,1,0,1,0,0,1,0,1,0
0,1.4890240778474815,0.2942810065794268,1.1466415020243184,0,0,1,1,1,0,1,0,0,0,1,0,1,0,0,0,1,0,1,0,0,1,0,0,1,0,0
0,-0.8751175425177529,1.0426132355666224,-0.4697216325815506,1,0,1,0,1,0,1,1,0,0,1,0,0,0,0,0,1,0,1,0,0,0,0,1,1,0,0
0,1.24445770332694,1.4600163232905916,2.022741379434948,0,0,1,0,1,0,1,1,0,0,0,0,1,0,1,0,1,0,1,0,1,0,0,1,0,1,0
0,-0.3859847934766699,-1.4867496984100992,-0.8299158793332733,0,1,0,0,1,0,0,0,1,1,0,1,0,1,0,1,0,1,0,1,0,1,0,0,0,0,0
0,-0.9158786049378431,-1.5000533824809827,-0.9169810206113093,0,1,0,0,1,0,0,0,1,1,0,1,0,1,0,1,0,1,0,1,0,0,0,0,1,0,0
0,1.570546202687662,-1.2938462793822887,-0.21390849769394396,0,0,1,0,1,0,1,0,1,1,0,1,0,1,0,1,0,1,0,1,0,0,1,1,1,0,0
1,0.5107585797653155,0.17288488943261485,0.3422098901349297,0,0,0,0,1,0,1,0,0,0,1,0,0,0,0,0,1,0,0,0,1,0,0,1,0,1,0
0,1.5297851402675717,-1.3570387787189853,-0.2302980087072657,0,0,1,1,1,0,1,0,1,1,0,1,0,1,0,1,0,1,0,1,0,0,1,0,0,0,1
0,-0.4267458558967602,0.6617952790375828,-0.20735710500086654,0,0,0,1,1,0,1,1,0,0,0,0,0,0,0,0,0,0,0,0,1,0,0,1,0,1,0
0,0.7960860167059473,-1.390297988896194,-0.4551409235912335,0,0,1,1,1,0,1,0,1,1,0,1,0,1,0,1,0,1,0,1,0,0,1,0,0,0,1
0,0.918369203966218,1.3070239564754318,1.5248134761998056,1,1,1,0,1,0,1,1,0,0,0,0,0,0,1,0,1,0,1,0,1,1,0,1,0,1,0
0,1.3259798281671205,-0.16303313335719283,0.7210215625868456,0,0,0,0,0,1,0,0,0,0,1,0,0,0,1,0,1,0,1,0,1,0,1,0,1,0,0
0,1.6113072651077522,-1.5067052245164245,-0.3632228988368438,0,0,1,1,1,0,0,0,1,1,0,1,0,1,0,1,0,1,0,1,0,0,1,0,0,0,0
0,-0.9158786049378431,-1.505042264007564,-0.9252750396436228,0,1,1,0,1,0,0,0,1,1,0,1,0,1,0,1,0,1,0,1,0,1,0,0,0,0,0
0,-1.0381617921981139,-1.4900756194278202,-0.9661495536512742,0,0,0,1,1,0,0,0,1,1,0,1,0,1,0,1,0,1,0,1,0,1,0,0,0,0,1
1,-1.1196839170382944,0.6884026471793497,-0.8286364827804164,0,1,0,0,1,0,0,1,0,0,0,0,1,0,0,0,0,0,0,0,1,0,0,1,0,1,0
0,-0.34522373105657966,0.4572511364477491,-0.194166085369687,0,0,1,1,1,0,1,0,0,0,1,0,0,0,1,0,0,0,1,0,1,0,1,0,1,0,0
0,1.6113072651077522,1.7277529652171215,2.7220198298162543,0,0,1,1,1,0,1,1,0,0,1,0,1,0,1,0,1,0,1,0,1,0,1,1,1,0,0
0,-0.46750691831685043,-0.7084841802634158,-0.5626102340312109,0,1,0,0,0,1,0,0,0,0,1,0,0,0,0,0,1,0,1,0,0,0,0,1,0,0,1
0,1.4890240778474815,-0.13476280470656563,0.872034472946469,0,1,1,0,0,1,0,0,0,0,0,0,1,0,1,0,1,0,1,0,1,1,0,1,1,0,0
0,0.46999751734522527,-0.33099214475209693,0.1157346417180067,0,1,1,1,1,0,0,0,0,0,0,0,1,0,0,0,1,0,0,0,0,0,0,1,0,0,0
1,1.1629355784867594,0.011577720073152843,0.7404110379310042,0,0,1,1,1,0,1,0,0,0,0,0,0,0,1,0,0,0,1,0,0,1,0,1,0,1,0
1,-0.34522373105657966,1.2671129042627813,0.09261726952155828,1,1,0,0,1,0,1,1,0,0,0,0,1,0,1,0,0,0,1,0,1,0,0,1,1,0,0
0,-1.2827281667186554,0.8563616585742535,-0.9688848152470373,1,0,0,0,1,0,0,1,0,0,0,0,0,0,0,0,0,0,1,0,1,0,0,0,0,1,0
0,-1.0789228546182041,-0.46735490647865263,-0.881775556846489,1,0,0,0,1,0,0,0,0,0,0,0,0,0,0,0,1,0,0,0,0,0,0,1,0,0,0
0,-1.1604449794583847,0.8380690929767889,-0.846459800275388,1,1,0,0,1,0,1,1,0,0,0,0,1,0,0,0,0,0,0,0,1,0,0,1,0,1,0
0,1.6113072651077522,1.441723757693127,2.450192179456681,0,1,1,0,1,0,1,1,0,0,0,0,1,0,1,0,1,0,1,0,1,0,1,1,0,1,0
0,1.6113072651077522,0.9029245528223458,1.9173235151917922,0,1,0,0,1,0,1,0,0,0,1,0,1,0,1,0,1,0,1,0,1,0,1,0,0,0,0
1,-0.7528343552574821,0.3408439008275187,-0.5617940672647334,0,1,1,0,1,0,1,1,0,0,0,0,0,0,0,0,0,0,0,0,0,0,0,1,0,1,0
0,-1.0381617921981139,-1.3237795685417766,-0.9413777893606146,0,1,0,0,1,0,1,0,1,1,0,1,0,1,0,1,0,1,0,1,0,0,0,1,0,0,0
0,0.6330417670255862,0.3425068613363795,0.6555296942173273,0,0,0,0,1,0,0,1,0,0,0,0,1,0,0,0,0,0,0,0,0,1,0,0,0,1,0
0,0.918369203966218,-1.5083681850252848,-0.5560588413381335,0,1,1,1,1,0,0,0,1,1,0,1,0,1,0,1,0,1,0,1,0,1,0,0,0,0,1
0,-1.2827281667186554,-1.5150200270607266,-1.0003403235983115,0,1,0,0,1,0,0,0,1,1,0,1,0,1,0,1,0,1,0,1,0,0,0,0,1,0,0
0,0.5107585797653155,1.5747605984019617,1.211052500892285,0,1,0,0,1,0,0,1,0,0,1,0,1,0,1,0,1,0,1,0,1,1,0,0,1,0,0
0,-1.201206041878475,0.18119969197691702,-0.911620790226064,0,1,0,0,1,0,0,1,0,0,0,0,0,0,0,0,0,0,0,0,0,0,0,1,0,0,1
0,1.570546202687662,-1.505042264007564,-0.38393588785637145,0,0,1,0,1,0,0,0,1,1,0,1,0,1,0,1,0,1,0,1,0,0,1,0,0,0,1
0,-0.9974007297780236,-1.4834237773923784,-0.93899546474495,0,1,1,0,1,0,0,0,1,1,0,1,0,1,0,1,0,1,0,1,0,0,0,0,0,0,1
0,-1.201206041878475,0.3657883084604252,-0.8956503918766093,1,0,1,0,1,0,1,1,0,0,0,0,0,0,0,0,0,0,0,0,0,0,0,1,0,1,0
0,1.4890240778474815,0.5254325173110274,1.436358645562632,0,1,1,1,1,0,0,0,0,0,1,0,1,0,0,0,1,0,1,0,1,0,1,0,0,0,0
0,-1.2827281667186554,0.12133311365794146,-0.9786346993222569,1,1,1,1,1,0,0,1,0,0,0,0,0,0,0,0,0,0,0,0,0,0,0,1,0,1,0
1,1.6113072651077522,1.6928307945310526,2.716262545328399,0,0,1,0,1,0,1,1,0,0,1,0,1,0,1,0,1,0,1,0,1,0,1,1,1,0,0
0,-0.8751175425177529,0.28762916454398496,-0.6595576107520035,1,1,0,0,1,0,0,1,0,0,1,0,0,0,0,0,0,0,0,0,0,0,0,1,0,1,0
0,1.570546202687662,0.5237695568021665,1.5094386590042668,0,1,0,0,1,0,1,0,0,0,1,0,1,0,1,0,1,0,0,0,1,0,1,0,0,0,0
0,-1.2827281667186554,0.16955896841489418,-0.9779950010458286,1,0,0,0,1,0,0,1,0,0,0,0,0,0,0,0,0,0,0,0,0,0,0,1,0,0,1
0,0.021625830724232544,-0.1763368174280765,-0.11932138702755987,0,0,1,0,0,1,0,0,0,0,1,0,0,0,1,0,1,0,1,0,1,0,1,0,0,0,0
0,-0.6713122304173017,-1.5233348296050289,-0.8647463475567388,0,0,0,0,1,0,0,0,1,1,0,1,0,1,0,1,0,1,0,1,0,1,0,0,0,0,1
1,0.9591302663863083,1.0243206699691578,1.4051237228239193,0,0,1,0,1,0,1,1,0,0,1,0,1,0,1,0,1,0,0,0,0,1,0,0,0,1,0
0,-1.2827281667186554,-1.4934015404455407,-1.0000535623019815,0,0,0,0,1,0,0,0,1,1,0,1,0,1,0,1,0,1,0,1,0,0,0,0,1,0,0
0,-1.1196839170382944,0.17288488943261485,-0.8560332158605584,1,1,0,0,1,0,0,0,0,0,0,0,0,0,1,0,0,0,1,0,1,0,0,1,0,1,0
0,0.9998913288063985,-1.5116941060430058,-0.5405075556525456,0,1,1,1,1,0,0,0,1,1,0,1,0,1,0,1,0,1,0,1,0,1,0,0,0,0,1
0,0.9591302663863083,-0.9562652960836203,-0.13908585791307296,0,1,1,1,0,1,0,0,0,0,0,0,1,0,1,0,0,0,0,0,0,1,0,1,1,0,0
0,-0.9974007297780236,0.9694429731767633,-0.6675428099267308,1,1,0,0,1,0,1,1,0,0,0,0,1,0,1,0,0,0,1,0,0,0,0,1,0,1,0
0,-0.4267458558967602,-0.12312208114454254,-0.3814873875569385,1,0,1,1,1,0,0,0,0,0,1,0,1,0,1,0,0,0,0,0,0,0,0,0,0,0,1
0,-1.2827281667186554,-1.5000533824809827,-1.000141796547006,0,0,0,0,1,0,0,0,1,1,0,1,0,1,0,1,0,1,0,1,0,0,0,0,0,0,1
0,0.30695326766486425,-0.02500741112177701,0.07658069548833508,0,0,0,1,1,0,0,0,0,0,1,0,0,0,0,0,1,0,1,0,0,0,0,1,1,0,0
0,0.5515196421854057,-1.5000533824809827,-0.6309917739252853,0,1,1,1,1,0,0,0,1,1,0,1,0,1,0,1,0,1,0,1,0,0,1,0,1,0,0
0,1.24445770332694,-1.501716342989843,-0.44598662066992995,0,1,1,1,1,0,0,0,1,1,0,1,0,1,0,1,0,1,0,1,0,0,1,0,0,0,1
0,1.4482630154273912,1.5082421780475443,2.2855911953632666,0,1,1,1,1,0,1,1,0,0,1,0,1,0,1,0,0,0,1,0,1,0,1,1,0,1,0
0,1.4890240778474815,1.3801942188652905,2.194820215794197,0,1,1,1,1,0,0,1,0,0,1,0,1,0,0,0,1,0,1,0,1,0,1,1,1,0,0
0,0.9591302663863083,0.8546986980653932,1.2484417622214645,0,0,1,0,1,0,1,1,0,0,0,0,1,0,1,0,1,0,0,0,0,0,0,0,0,1,0
0,-0.9158786049378431,0.034859167197199024,-0.7176598611007106,0,0,1,1,1,0,0,0,0,0,0,0,1,0,1,0,0,0,0,0,1,1,0,1,0,0,1
0,1.24445770332694,1.3186646800374546,1.8988163822978803,0,1,0,0,1,0,1,1,0,0,1,0,1,0,1,0,1,0,1,0,0,1,0,0,1,0,0
0,-0.34522373105657966,-0.41081424917739773,-0.4758539126107611,0,0,1,1,0,1,0,0,0,0,1,0,1,0,1,0,1,0,0,0,1,0,1,1,0,0,1
0,-0.5490290431570309,-0.29108109253944636,-0.5527279985884543,0,0,0,0,1,0,1,0,0,0,0,0,0,0,1,0,0,0,0,0,0,0,0,1,0,0,1
0,-0.4267458558967602,0.7948321197464177,-0.17718099320244918,0,1,1,1,1,0,1,1,0,0,0,0,0,0,1,0,0,0,1,0,0,0,0,1,0,1,0
0,-0.14141841895612844,0.6518175159844203,0.07955860125791574,1,1,1,0,1,0,1,1,0,0,1,0,1,0,0,0,0,0,0,0,0,0,0,1,0,1,0
0,-0.7935954176775724,0.34749574286296053,-0.5723380595451744,1,1,1,0,1,0,1,0,0,0,0,0,0,0,1,0,0,0,1,0,1,1,0,1,0,0,1
0,1.5297851402675717,-1.2921833188734282,-0.12344633798246045,0,0,1,0,1,0,1,0,1,1,0,1,0,1,0,1,0,1,0,1,0,0,1,1,0,0,0
0,0.6738028294456765,1.1490427081336905,1.208030478000192,0,0,1,0,1,0,0,1,0,0,0,0,1,0,1,0,0,0,1,0,1,0,0,0,0,1,0
1,0.429236454925135,1.4866236914323585,1.1221123819074759,1,0,1,0,1,0,1,1,0,0,1,0,0,0,1,0,1,0,1,0,1,1,0,1,0,0,1
0,-1.201206041878475,-1.505042264007564,-0.9824949475420837,1,0,0,0,1,0,0,0,1,1,0,1,0,1,0,1,0,1,0,1,0,0,0,1,0,0,1
0,0.38847539250504476,0.2759884409819621,0.35359210774310473,0,1,1,1,1,0,0,0,0,0,0,0,0,0,1,0,1,0,1,0,1,1,0,0,0,1,0
0,0.9998913288063985,-0.3393069472963991,0.3740845111500708,0,1,0,0,1,0,0,0,0,0,0,0,1,0,0,0,1,0,0,0,0,1,0,1,0,0,1
1,-1.2419671042985652,0.051488772285803376,-0.9671421889078011,1,1,0,0,1,0,0,0,0,0,1,0,0,0,1,0,0,0,1,0,0,0,0,0,0,0,0
0,1.6113072651077522,1.6861789524956108,2.6583367634697406,0,0,1,0,1,0,1,1,0,0,1,0,1,0,1,0,1,0,1,0,1,0,1,1,1,0,0
1,0.5515196421854057,1.3170017195285944,1.136935735071611,0,0,0,0,1,0,1,1,0,0,0,0,1,0,1,0,0,0,1,0,1,0,0,1,0,1,0
1,1.3667408905872107,1.1706611947488759,2.022829613679972,1,1,1,0,1,0,1,1,0,0,0,0,0,0,0,0,1,0,1,0,1,0,0,1,1,0,0
0,1.2036966409068497,1.235516654594433,1.8716622933915554,1,1,0,0,1,0,1,1,0,0,1,0,1,0,0,0,1,0,0,0,1,1,0,0,0,1,0
0,1.6113072651077522,0.8746542241717187,1.9195955470011756,0,0,1,0,1,0,1,0,0,0,1,0,1,0,1,0,1,0,1,0,1,0,1,1,0,0,0
0,0.10314795556441304,0.8264283694147659,0.3877167020063734,0,1,1,1,1,0,0,1,0,0,0,0,1,0,0,0,1,0,1,0,0,1,0,1,0,1,0
0,-0.6305511679972114,0.8430579745033704,-0.3673257912304882,1,1,1,0,1,0,1,1,0,0,1,0,1,0,1,0,0,0,0,0,0,0,0,0,1,0,0
0,1.6113072651077522,0.9162282368932295,1.9849771225644135,0,0,1,0,1,0,1,0,0,0,1,0,1,0,1,0,1,0,1,0,1,0,1,1,0,1,0
0,-0.1821794813762187,-1.4950645009544015,-0.7692989530013647,0,0,1,1,1,0,0,0,1,1,0,1,0,1,0,1,0,1,0,1,0,1,0,0,0,0,1
0,0.9591302663863083,-1.3204536475240558,-0.4233545368211169,1,1,1,0,1,0,1,0,1,1,0,1,0,1,0,1,0,1,0,1,0,0,1,1,1,0,0
0,-0.05989629411594795,0.49882514916926,0.051786872636419165,1,0,0,0,1,0,1,1,0,0,0,0,0,0,0,0,1,0,0,0,0,0,0,1,1,0,0
0,0.5107585797653155,-1.5299866716404704,-0.6262271246939562,0,1,0,0,1,0,0,0,1,1,0,1,0,1,0,1,0,1,0,1,0,1,0,0,0,0,0
0,-1.2827281667186554,-1.3004981214177305,-0.9974947691962678,0,0,0,0,1,0,1,0,1,1,0,1,0,1,0,1,0,1,0,1,0,0,0,1,0,0,1
0,-1.2419671042985652,-0.507265958691303,-0.9582525887215716,1,0,0,0,1,0,0,0,0,0,0,0,1,0,0,0,0,0,0,0,0,0,0,1,0,0,1
0,-1.0789228546182041,-1.460142330268332,-0.9605466790922115,0,0,0,0,1,0,0,0,1,1,0,1,0,1,0,1,0,1,0,1,0,0,0,1,0,0,1
0,0.6330417670255862,1.0708835642172498,1.0615395726980796,0,0,1,0,1,0,0,1,0,0,0,0,1,0,1,0,0,0,1,0,1,1,0,1,0,1,0
0,-0.3044626686364894,-1.3121388449797535,-0.767600443784641,0,1,1,1,1,0,1,0,1,1,0,1,0,1,0,1,0,1,0,1,0,0,0,1,0,0,0
0,1.2852187657470302,-1.501716342989843,-0.44678072887515147,0,1,1,1,1,0,0,0,1,1,0,1,0,1,0,1,0,1,0,1,0,0,1,1,0,0,0
0,0.7145638918657667,-0.99285042727855,-0.22251133658384364,0,1,0,0,0,1,0,0,0,0,1,0,1,0,0,0,0,0,0,0,0,0,0,1,0,0,1
0,0.7960860167059473,1.2105722469615263,1.329837853256669,0,0,1,1,1,0,1,1,0,0,0,0,0,0,1,0,0,0,1,0,1,1,0,0,0,0,0
1,-1.1604449794583847,0.17787377095919635,-0.8851725752799365,0,1,1,0,1,0,0,1,0,0,0,0,0,0,0,0,0,0,0,0,0,0,0,1,0,1,0
1,-0.019135231695857704,0.8680023821362769,0.2696372236021863,0,0,0,0,1,0,0,1,0,0,0,0,0,0,0,0,0,0,1,0,1,0,0,0,0,1,0
0,0.5107585797653155,0.2992698881060078,0.47833327164665007,0,1,1,1,1,0,1,0,0,0,1,0,1,0,0,0,1,0,1,0,0,0,1,0,1,0,0
0,-0.9566396673579334,0.7715506726223714,-0.6553444255520783,0,1,1,0,1,0,1,1,0,0,1,0,0,0,0,0,0,0,0,0,1,0,0,1,0,1,0
1,1.3667408905872107,1.3668905347944074,2.0684246597964404,1,0,1,0,1,0,1,1,0,0,0,0,0,0,1,0,1,0,1,0,1,1,0,1,1,0,0
0,-1.201206041878475,0.8979356712957645,-0.8954518648253039,1,1,0,1,1,0,1,1,0,0,0,0,0,0,1,0,0,0,0,0,1,0,0,0,0,1,0
0,0.8776081415461278,-1.4884126589189595,-0.5326326492840989,0,0,0,0,1,0,0,0,1,1,0,1,0,1,0,1,0,1,0,1,0,0,1,0,0,0,1
0,-1.2827281667186554,-0.8232284553747856,-0.9911639621157519,1,0,1,1,0,1,0,0,0,0,0,0,0,0,0,0,1,0,1,0,0,0,0,0,0,1,0
0,1.2852187657470302,1.5115680990652651,2.078152485310404,0,0,1,1,1,0,1,1,0,0,1,0,1,0,0,0,1,0,1,0,1,0,1,0,0,0,0
1,-0.05989629411594795,0.30093284861486863,-0.030712146461593127,1,0,0,0,1,0,1,1,0,0,0,0,0,0,0,0,0,0,0,0,0,0,0,1,0,1,0
0,-0.7528343552574821,0.8297542904324867,-0.510728497956739,1,0,0,0,1,0,0,1,0,0,0,0,0,0,0,0,0,0,1,0,1,0,0,1,0,0,1
0,-0.8343564800976626,0.6750989631084665,-0.5769262402864542,0,0,0,0,1,0,0,1,0,0,1,0,0,0,0,0,0,0,1,0,0,1,0,1,1,0,0
1,1.407501953007301,-0.12977392317998412,0.8085058165287483,0,1,1,0,1,0,0,0,0,0,1,0,1,0,0,0,1,0,0,0,0,1,0,1,0,0,0
0,0.10314795556441304,0.2460551518224741,0.12431542204665033,1,0,1,1,1,0,1,0,0,0,1,0,0,0,1,0,1,0,1,0,0,0,0,0,0,1,0
0,0.5107585797653155,0.2892921250528453,0.468671621816455,0,0,0,0,1,0,1,0,0,0,1,0,0,0,0,0,1,0,0,0,1,0,1,0,0,0,1
0,-0.9158786049378431,-0.6269991153292543,-0.7917545683601286,0,1,0,0,1,0,0,0,0,0,0,0,0,0,0,0,0,0,0,0,0,0,0,0,0,0,1
1,-0.14141841895612844,-0.2095960276052852,-0.2505036508179018,0,0,0,0,1,0,1,0,0,0,1,0,1,0,0,0,0,0,0,0,0,0,0,1,0,0,0
0,-0.34522373105657966,-1.3387462131215204,-0.7418360442374542,0,0,0,0,1,0,1,0,1,1,0,1,0,1,0,1,0,1,0,1,0,1,0,0,0,0,0
0,1.3667408905872107,-1.5000533824809827,-0.41570021606523183,0,1,1,1,1,0,0,0,1,1,0,1,0,1,0,1,0,1,0,1,0,0,1,1,0,0,1
0,0.755324954285857,0.7150100153211165,0.8736888650406804,0,1,0,0,1,0,0,1,0,0,1,0,0,0,0,0,0,0,1,0,0,1,0,0,0,0,1
0,0.5107585797653155,-1.3088129239620325,-0.5142799263189797,0,0,1,0,1,0,1,0,1,1,0,1,0,1,0,1,0,1,0,1,0,0,1,0,0,0,1
0,0.6738028294456765,-1.5249977901138891,-0.603550923722631,0,0,1,0,1,0,0,0,1,1,0,1,0,1,0,1,0,1,0,1,0,1,0,0,1,0,0
0,-0.14141841895612844,-1.5067052245164245,-0.7786517829739736,0,0,1,0,1,0,0,0,1,1,0,1,0,1,0,1,0,1,0,1,0,0,1,1,0,0,1
0,0.30695326766486425,1.5049162570298231,0.9627833939542829,0,1,1,1,1,0,1,1,0,0,1,0,1,0,0,0,1,0,1,0,1,0,0,1,1,0,0
1,0.18467008040459354,1.0542539591286455,0.5706704090649067,1,0,0,0,1,0,1,1,0,0,0,0,0,0,0,0,0,0,1,0,1,0,0,1,0,1,0
0,-0.3044626686364894,0.16290712637945234,-0.24591547007662207,0,1,0,0,1,0,0,1,0,0,0,0,0,0,0,0,0,0,0,0,0,0,0,0,0,1,0
0,-0.4267458558967602,-0.47400674851409424,-0.5353458523186059,0,0,0,0,0,1,0,0,0,0,0,0,0,0,1,0,0,0,1,0,1,0,0,1,0,1,0
0,1.6113072651077522,0.02488140414403604,1.0057534712812688,0,1,0,0,0,1,0,0,0,0,1,0,1,0,1,0,1,0,1,0,1,0,1,1,0,0,0
0,-1.0381617921981139,-0.8232284553747856,-0.879459407914593,1,0,0,0,0,1,0,0,0,0,0,0,1,0,0,0,0,0,0,0,1,0,0,1,1,0,0
0,0.021625830724232544,0.5736583720679795,0.13955788787465195,0,1,1,1,1,0,0,0,0,0,0,0,1,0,1,0,1,0,1,0,1,0,1,0,1,0,0
0,-0.3859847934766699,0.4738807415363535,-0.22191575542992756,0,0,0,0,1,0,0,1,0,0,0,0,1,0,0,0,1,0,0,0,0,0,0,1,0,0,1
1,-0.34522373105657966,1.2105722469615263,0.06766903674084934,1,1,0,0,1,0,1,1,0,0,0,0,1,0,0,0,0,0,1,0,1,0,0,1,0,1,0
0,-1.2827281667186554,0.4888473861160975,-0.973759757284647,1,0,0,0,1,0,0,1,0,0,0,0,0,0,0,0,0,0,1,0,0,0,0,0,0,1,0
0,1.4890240778474815,0.8580246190831143,1.7802736741073137,0,1,0,0,1,0,1,0,0,0,1,0,1,0,1,0,1,0,1,0,1,0,1,0,0,0,1
0,-1.201206041878475,-1.4734460143392158,-0.9835316999211229,0,0,0,1,1,0,0,0,1,1,0,1,0,1,0,1,0,1,0,1,0,1,0,1,1,0,0
0,0.9591302663863083,0.36246238744270454,0.881409361480334,0,1,0,0,1,0,0,0,0,0,0,0,1,0,0,0,1,0,1,0,1,1,0,1,0,0,0
0,1.3259798281671205,1.5015903360121026,2.1405120379815483,0,1,0,0,1,0,1,1,0,0,1,0,0,0,1,0,1,0,1,0,1,1,0,1,1,0,0
0,1.570546202687662,-1.463468251286053,-0.3295615343599543,0,1,1,0,1,0,0,0,1,1,0,1,0,1,0,1,0,1,0,1,0,1,0,0,0,1,0
1,-0.7528343552574821,0.5154547542578644,-0.5420516549404764,0,0,0,0,1,0,1,1,0,0,0,0,0,0,1,0,0,0,0,0,0,0,0,1,0,0,0
0,-1.2419671042985652,0.17621081045033601,-0.9542379305729516,0,0,0,0,1,0,0,1,0,0,0,0,0,0,0,0,0,0,0,0,0,0,0,1,0,1,0
0,-0.019135231695857704,0.6385138319135366,0.218417244365399,1,0,0,0,1,0,1,1,0,0,0,0,0,0,0,0,0,0,1,0,0,1,0,0,0,1,0
0,0.30695326766486425,0.08641094297187242,0.19598368756789142,0,1,0,0,1,0,0,0,0,0,1,0,0,0,1,0,0,0,0,0,1,0,0,0,0,1,0
0,-1.2827281667186554,-1.466794172303774,-0.9997006253218831,0,1,0,0,1,0,0,0,1,1,0,1,0,1,0,1,0,1,0,1,0,0,0,0,1,0,0
0,-1.2827281667186554,0.8064728433084405,-0.969546572084722,1,1,0,0,1,0,0,1,0,0,0,0,0,0,0,0,0,0,1,0,1,0,0,1,0,1,0
0,-1.0381617921981139,0.16789600790603382,-0.7894604779894886,0,0,0,0,1,0,0,1,0,0,0,0,0,0,0,0,0,0,0,0,0,0,0,1,0,0,1
0,-0.712073292837392,-0.45737714342548985,-0.695116011496922,0,0,1,0,1,0,1,0,0,0,0,0,0,0,0,0,0,0,0,0,0,0,0,1,0,1,0
0,-0.6305511679972114,0.982746657247647,-0.29980453522540385,1,0,1,1,1,0,1,1,0,0,1,0,0,0,1,0,0,0,1,0,0,0,0,0,0,1,0
0,-0.5490290431570309,0.4456104128857263,-0.3510906901459596,1,1,0,0,1,0,0,1,0,0,0,0,1,0,1,0,0,0,0,0,0,0,0,1,0,1,0
0,1.570546202687662,-1.3071499634531722,-0.17146782583710563,0,1,0,0,1,0,1,0,1,1,0,1,0,1,0,1,0,1,0,1,0,0,1,0,0,0,0
0,0.8776081415461278,-0.1613701728483325,0.435517604248457,0,0,1,1,1,0,1,0,0,0,1,0,0,0,0,0,1,0,0,0,0,0,1,0,0,0,0
0,-0.05989629411594795,0.8546986980653932,0.28366646856109967,0,1,1,0,1,0,1,1,0,0,1,0,1,0,0,0,1,0,0,0,0,0,0,1,1,0,0
0,-0.8751175425177529,0.3840808740578904,-0.6388446217324758,0,0,0,0,1,0,0,1,0,0,1,0,0,0,0,0,0,0,0,0,0,0,0,0,0,1,0
1,-0.5897901055771212,0.6684471210730246,-0.37195808909428035,0,0,0,0,1,0,0,1,0,0,0,0,0,0,1,0,0,0,0,0,1,0,0,1,0,1,0
1,1.6113072651077522,1.5049162570298231,2.4087662014176257,0,0,0,0,1,0,1,1,0,0,1,0,1,0,0,0,1,0,1,0,1,0,1,1,0,0,0
1,1.570546202687662,1.1573575106779928,2.0577924332709743,0,0,0,0,1,0,1,1,0,0,0,0,1,0,0,0,0,0,1,0,1,0,0,1,1,0,0
1,-1.1196839170382944,-0.6469546414355796,-0.9141134076480093,0,1,0,0,0,1,0,0,0,0,0,0,0,0,1,0,1,0,1,0,0,0,0,0,1,0,0
0,0.22543114282468377,0.1379627187465458,0.16882959866156697,0,1,1,0,1,0,1,0,0,0,0,0,0,0,1,0,1,0,0,0,1,1,0,0,1,0,0
0,-1.1196839170382944,-0.5388622083596513,-0.9050914560942428,0,1,0,1,1,0,0,0,0,0,0,0,0,0,0,0,1,0,0,0,0,0,0,1,0,0,0
1,-1.2419671042985652,-0.6885286541570904,-0.9679804142355349,1,1,0,0,1,0,0,0,0,0,0,0,0,0,0,0,0,0,0,0,0,0,0,1,0,1,0
1,0.7960860167059473,-0.16635905437491375,0.36020967611995064,0,0,0,0,1,0,1,0,0,0,1,0,0,0,1,0,0,0,0,0,0,0,1,0,0,0,0
1,-0.9974007297780236,0.36246238744270454,-0.7413948730123312,1,0,0,0,1,0,1,1,0,0,0,0,0,0,0,0,0,0,0,0,0,0,0,1,0,1,0
0,1.4482630154273912,0.5254325173110274,1.34267593590775,0,0,0,0,1,0,1,0,0,0,0,0,1,0,1,0,0,0,1,0,1,0,1,1,0,1,0
0,1.4890240778474815,-1.4734460143392158,-0.3898475822730205,0,1,1,1,1,0,0,0,1,1,0,1,0,1,0,1,0,1,0,1,0,1,0,1,1,0,0
0,0.38847539250504476,0.051488772285803376,0.1945719396474977,0,0,1,0,1,0,1,0,0,0,1,0,1,0,0,0,1,0,0,0,0,0,0,1,1,0,0
0,0.7145638918657667,1.1756500762754574,1.2139642309780971,0,0,0,0,1,0,0,1,0,0,0,0,1,0,0,0,1,0,1,0,1,0,1,1,0,0,1
0,-1.2827281667186554,-1.5216718690961684,-1.000428557843336,1,0,0,0,1,0,0,0,1,1,0,1,0,1,0,1,0,1,0,1,0,0,0,1,0,0,1
1,-1.2827281667186554,0.513791793749004,-0.9734288788658048,1,1,1,0,1,0,1,1,0,0,1,0,0,0,0,0,0,0,0,0,0,0,0,1,0,1,0
0,0.021625830724232544,-0.675224970086207,-0.36359789437819845,0,1,1,0,1,0,0,0,0,0,0,0,0,0,0,0,0,0,0,0,0,0,0,1,1,0,0
0,-1.0381617921981139,-1.4800978563746574,-0.9424145417396537,0,0,0,0,1,0,0,0,1,1,0,1,0,1,0,1,0,1,0,1,0,0,0,0,0,0,1
0,1.2852187657470302,0.8962727107869041,1.620746159102815,0,1,1,1,1,0,1,1,0,0,1,0,1,0,1,0,0,0,0,0,0,0,0,1,0,1,0
0,-1.2827281667186554,0.3341920587920773,-0.9758112034814693,1,0,0,0,1,0,0,1,0,0,0,0,0,0,1,0,0,0,0,0,0,0,0,1,0,1,0
0,1.081413453646579,-1.4850867379012387,-0.4828464765289616,0,1,0,0,1,0,0,0,1,1,0,1,0,1,0,1,0,1,0,1,0,0,1,1,0,0,0
0,-1.0789228546182041,-0.4823215510583964,-0.870084519380728,0,0,1,0,1,0,1,0,0,0,0,0,0,0,0,0,0,0,0,0,0,0,0,0,0,1,0
0,-1.201206041878475,-1.531649632149331,-0.9841493396362951,0,0,0,0,1,0,0,0,1,1,0,1,0,1,0,1,0,1,0,1,0,0,0,0,0,0,1
0,-0.712073292837392,-1.4767719353569364,-0.8629154869724782,0,0,1,0,1,0,0,0,1,1,0,1,0,1,0,1,0,1,0,1,0,0,0,0,1,0,0
0,-0.7935954176775724,-0.0033889245065911663,-0.6217933538814695,0,1,1,1,1,0,0,0,0,0,0,0,0,0,0,0,0,0,1,0,1,1,0,1,0,1,0
0,-0.3859847934766699,1.1257612610096444,-0.016616725818911427,0,0,0,0,1,0,1,1,0,0,0,0,1,0,0,0,0,0,1,0,1,0,0,1,1,0,0
1,-0.05989629411594795,0.8181135668704638,0.22979946197357404,0,1,1,0,1,0,1,1,0,0,1,0,0,0,0,0,0,0,1,0,0,0,0,0,0,1,0
0,-0.14141841895612844,-0.20294418556984337,-0.26054029618945146,0,1,0,0,1,0,0,0,0,0,1,0,1,0,0,0,1,0,0,0,0,1,0,1,0,1,0
0,0.6738028294456765,-1.4684571328126343,-0.5535441653549321,0,0,1,0,1,0,0,0,1,1,0,1,0,1,0,1,0,1,0,1,0,1,0,0,1,0,0
0,0.9591302663863083,0.69006560768821,1.154119354290154,0,0,1,0,1,0,1,1,0,0,0,0,0,0,0,0,0,0,1,0,0,0,0,1,0,0,0
0,1.24445770332694,0.513791793749004,1.1949497511752933,0,0,0,0,1,0,1,0,0,0,1,0,1,0,1,0,1,0,0,0,1,0,1,1,1,0,0
0,1.24445770332694,0.4971621886603997,1.2120230775875558,0,1,1,0,1,0,1,0,0,0,0,0,0,0,1,0,1,0,1,0,1,0,1,0,1,0,0
1,-0.34522373105657966,0.49882514916926,-0.18926908477082108,0,1,1,1,1,0,1,1,0,0,1,0,0,0,0,0,0,0,0,0,0,0,0,1,0,1,0
1,0.14390901798450328,-0.35759951289386377,-0.12966685225669566,0,1,1,0,1,0,0,0,0,0,0,0,0,0,1,0,1,0,0,0,0,1,0,0,1,0,0
1,-0.9566396673579334,0.5320843593464687,-0.6772485768794382,1,0,0,0,1,0,0,1,0,0,0,0,0,0,0,0,0,0,1,0,0,0,0,1,0,1,0
0,-1.201206041878475,-1.3337573315949391,-0.9793185147211977,1,1,0,0,0,1,0,0,0,0,0,0,0,0,0,0,0,0,0,0,0,0,0,0,0,1,0
0,-0.46750691831685043,0.5337473198553295,-0.2522683357183941,0,0,1,0,1,0,0,0,0,0,1,0,0,0,1,0,1,0,1,0,1,1,0,0,0,0,1
0,-0.7935954176775724,-1.3420721341392414,-0.857268495290903,0,1,1,1,1,0,1,0,1,1,0,1,0,1,0,1,0,1,0,1,0,1,0,0,0,0,0
0,-1.2827281667186554,-1.4867496984100992,-0.9999653280569568,0,1,1,1,1,0,0,0,1,1,0,1,0,1,0,1,0,1,0,1,0,0,0,1,0,0,0
0,-0.3044626686364894,-1.4900756194278202,-0.7794017740566829,0,0,1,1,1,0,0,0,1,1,0,1,0,1,0,1,0,1,0,1,0,1,0,0,0,0,1
0,1.570546202687662,-1.505042264007564,-0.39675191194619636,0,1,1,1,1,0,0,0,1,1,0,1,0,1,0,1,0,1,0,1,0,0,1,1,0,0,0
0,1.3667408905872107,1.6446049397740998,2.248621046697955,0,1,0,0,1,0,1,1,0,0,1,0,1,0,1,0,1,0,1,0,1,1,0,1,0,0,0
0,0.5107585797653155,1.178975997293178,0.9693347866473601,0,0,0,0,1,0,0,1,0,0,1,0,1,0,0,0,0,0,1,0,1,1,0,1,0,1,0
0,-0.4267458558967602,0.5038140306958415,-0.2560182911319401,0,0,1,0,1,0,0,1,0,0,0,0,0,0,0,0,0,0,1,0,0,0,0,1,1,0,0
0,1.407501953007301,-1.463468251286053,-0.4232442440148361,0,0,1,0,1,0,0,0,1,1,0,1,0,1,0,1,0,1,0,1,0,1,0,1,0,0,0
0,1.4482630154273912,0.8347431719590681,1.6268343220095134,0,0,1,0,1,0,1,1,0,0,0,0,0,0,1,0,0,0,1,0,0,0,1,1,0,0,0
0,-1.3234892291387457,-1.4917385799366805,-1.0088549282431865,0,0,1,1,1,0,0,0,1,1,0,1,0,1,0,1,0,1,0,1,0,0,1,0,0,0,1
1,0.6738028294456765,0.8646764611185557,0.9834081487287859,1,0,0,0,1,0,1,1,0,0,0,0,0,0,1,0,0,0,0,0,1,0,0,1,1,0,0
1,-1.1604449794583847,-0.5355362873419304,-0.9295102834048041,0,0,0,0,1,0,1,0,0,0,0,0,0,0,0,0,0,0,0,0,0,0,0,0,0,0,1
0,1.24445770332694,0.5038140306958415,1.2147362806220625,0,1,1,0,1,0,1,0,0,0,1,0,1,0,1,0,1,0,0,0,1,1,0,0,1,0,0
0,-1.2419671042985652,0.493836267642679,-0.9360616760978816,1,0,1,0,1,0,0,1,0,0,0,0,1,0,1,0,0,0,0,0,0,0,0,0,0,0,0
0,-0.46750691831685043,-1.4800978563746574,-0.8223718513836689,0,1,0,0,1,0,0,0,1,1,0,1,0,1,0,1,0,1,0,1,0,1,0,1,0,0,1
0,0.918369203966218,-0.2428552377824939,0.3351290919717047,1,1,1,1,1,0,0,0,0,0,1,0,1,0,0,0,1,0,0,0,0,0,1,0,0,0,0
0,-1.2827281667186554,-1.4834237773923784,-0.9999212109344445,0,1,0,1,1,0,0,0,1,1,0,1,0,1,0,1,0,1,0,1,0,0,0,1,0,0,1
0,-0.6305511679972114,-1.5116941060430058,-0.8508935710878748,0,0,0,0,1,0,0,0,1,1,0,1,0,1,0,1,0,1,0,1,0,0,1,0,0,0,1
0,-0.1006573565360382,1.1823019183108991,0.2865340815243996,0,1,0,0,1,0,1,1,0,0,1,0,0,0,0,0,0,0,1,0,1,0,0,1,0,0,0
0,-0.4267458558967602,-0.22955155371161023,-0.44777336413167834,0,1,1,1,1,0,0,0,0,0,1,0,1,0,0,0,1,0,0,0,0,0,0,1,0,0,1
0,-0.9566396673579334,-0.17799977793693683,-0.7750121203667084,0,0,0,0,1,0,0,0,0,0,0,0,0,0,0,0,1,0,1,0,0,0,0,1,0,0,0
0,-1.2827281667186554,-1.5183459480784474,-1.0003844407208238,0,1,1,1,1,0,0,0,1,1,0,1,0,1,0,1,0,1,0,1,0,0,0,0,0,0,1
0,-0.46750691831685043,0.719998896847698,-0.21090853336310716,1,0,1,0,1,0,1,1,0,0,0,0,0,0,0,0,0,0,0,0,1,0,0,1,0,1,0
0,-0.5490290431570309,-0.1763368174280765,-0.5038903439673317,0,1,0,0,1,0,1,0,0,0,0,0,0,0,1,0,1,0,0,0,0,0,0,0,0,1,0
0,1.4890240778474815,1.30037211443999,2.2765030681257317,1,0,1,1,1,0,1,1,0,0,0,0,1,0,1,0,0,0,1,0,1,0,0,1,0,1,0
1,-1.2827281667186554,-1.322116608032916,-0.9977815304925978,1,1,0,0,0,1,0,0,0,0,0,0,0,0,0,0,0,0,0,0,0,0,0,1,0,1,0
0,1.6113072651077522,1.30037211443999,2.3250319028892683,0,0,1,0,1,0,1,1,0,0,1,0,1,0,1,0,1,0,1,0,0,0,1,1,0,0,0
0,1.5297851402675717,0.13629975823768548,1.1346637032622269,0,1,1,1,1,0,1,0,0,0,1,0,0,0,1,0,0,0,1,0,0,0,1,0,1,0,0
0,1.3667408905872107,1.2721017857893624,1.9006693014433966,0,0,0,0,1,0,1,1,0,0,1,0,1,0,1,0,1,0,0,0,1,0,0,1,0,0,0
0,-1.0381617921981139,-1.3354202921037994,-0.9430983571385944,0,0,1,1,0,1,0,0,0,0,0,0,0,0,0,0,0,0,0,0,0,0,0,1,0,1,0
1,0.5515196421854057,1.5082421780475443,1.1846925201911822,0,0,1,1,1,0,1,1,0,0,1,0,1,0,0,0,1,0,1,0,1,0,0,1,0,1,0
0,0.26619220524477405,-0.5288844453064885,-0.17907802947047843,1,1,0,0,0,1,0,0,0,0,1,0,1,0,0,0,1,0,1,0,0,0,0,1,1,0,0
0,-0.019135231695857704,-0.07988510791417108,-0.10641712869271035,0,0,1,1,1,0,1,0,0,0,0,0,1,0,1,0,0,0,0,0,0,0,0,0,0,0,0
0,-0.34522373105657966,0.8214394878881845,-0.04394728321528494,0,1,0,0,1,0,0,1,0,0,0,0,1,0,1,0,0,0,0,0,1,0,0,1,0,1,0
0,-1.0789228546182041,0.6218842268249323,-0.7981736096856691,1,1,1,1,1,0,0,1,0,0,0,0,1,0,0,0,0,0,0,0,1,0,0,1,1,0,0
0,0.18467008040459354,0.4672288995009121,0.30448975038690806,0,0,0,0,1,0,1,0,0,0,1,0,1,0,1,0,1,0,1,0,0,0,0,1,1,0,0
0,-0.9974007297780236,-1.4800978563746574,-0.9300176303136958,0,1,0,1,1,0,0,0,1,1,0,1,0,1,0,1,0,1,0,1,0,0,0,0,0,0,1
0,1.6113072651077522,0.21944778368070722,1.2084054735415468,0,0,1,1,1,0,1,0,0,0,1,0,0,0,1,0,0,0,1,0,0,0,1,1,0,0,0
1,1.570546202687662,-0.6153583917672312,0.4705686580844842,0,1,1,0,0,1,0,0,0,0,1,0,1,0,1,0,1,0,0,0,0,0,1,0,1,0,0
0,-0.6713122304173017,0.9910614597919492,-0.3642375926546268,0,0,1,0,1,0,0,1,0,0,0,0,1,0,0,0,0,0,1,0,1,0,0,1,0,0,0
0,0.9998913288063985,-0.4972881956381404,0.21865988853921675,0,0,1,0,0,1,0,0,0,0,1,0,0,0,1,0,1,0,0,0,1,0,0,1,0,0,0
0,1.3667408905872107,-1.310475884470893,-0.2592388410753384,0,1,0,0,1,0,1,0,1,1,0,1,0,1,0,1,0,1,0,1,0,1,0,0,0,0,0
1,-0.6305511679972114,0.8081358038173013,-0.34846572135647735,1,0,0,0,1,0,0,1,0,0,0,0,1,0,1,0,0,0,1,0,0,0,0,1,0,1,0
0,-0.46750691831685043,-1.466794172303774,-0.8093573002425386,0,0,0,1,1,0,0,0,1,1,0,1,0,1,0,1,0,1,0,1,0,0,0,0,0,0,1
0,1.3667408905872107,0.04151100923264039,0.9448497836530302,0,1,1,0,1,0,1,0,0,0,1,0,1,0,1,0,0,0,0,0,0,0,1,1,1,0,0
0,-0.6305511679972114,0.3508216638806817,-0.42538392445668305,0,0,1,0,1,0,1,0,0,0,0,0,1,0,0,0,0,0,1,0,1,0,0,1,0,0,0
0,-1.2827281667186554,0.18618857350349852,-0.977774415433267,1,1,0,1,1,0,0,1,0,0,0,0,0,0,0,0,0,0,0,0,0,0,0,1,0,0,1
0,1.0406523912264887,-0.15139240979516996,0.5633910838503762,1,1,1,0,1,0,0,0,0,0,1,0,1,0,1,0,0,0,0,0,0,1,0,0,1,0,0
0,-0.9974007297780236,-1.4568164092506115,-0.9472012495322388,0,0,1,1,1,0,0,0,1,1,0,1,0,1,0,1,0,1,0,1,0,0,0,0,1,0,0
0,-0.22294054379630893,0.14960344230856867,-0.15858562606351223,0,1,0,0,1,0,0,0,0,0,1,0,0,0,1,0,1,0,1,0,0,1,0,0,1,0,0
0,0.06238689314432279,0.7981580407641383,0.31476903993227545,0,1,1,0,1,0,1,1,0,0,0,0,1,0,0,0,0,0,0,0,1,0,0,0,0,0,1
0,-0.1006573565360382,1.0692206037083893,0.3240556942211159,0,1,0,0,1,0,0,1,0,0,0,0,1,0,0,0,0,0,1,0,1,1,0,1,0,0,0
0,0.021625830724232544,0.051488772285803376,-0.01824905935186667,0,1,0,0,1,0,0,0,0,0,0,0,1,0,1,0,0,0,1,0,0,0,0,1,1,0,0
0,-1.2827281667186554,-1.3337573315949391,-0.9979359404213908,1,1,0,1,0,1,0,0,0,0,0,0,0,0,0,0,0,0,0,0,0,0,0,0,0,1,0
0,-0.7528343552574821,0.14461456078198764,-0.5921025304306875,0,1,1,1,1,0,1,0,0,0,1,0,1,0,0,0,0,0,0,0,1,0,0,0,0,0,1
0,-0.6713122304173017,0.4871844256072372,-0.4511262654426136,0,0,0,1,1,0,1,1,0,0,0,0,0,0,0,0,1,0,0,0,0,1,0,1,1,0,0
0,0.6738028294456765,1.1906167208552014,1.1607148641057436,0,0,0,0,1,0,0,1,0,0,0,0,0,0,1,0,1,0,1,0,1,0,1,0,1,0,0
0,-0.5490290431570309,1.2787536278248042,-0.12090960343800285,1,1,1,1,1,0,1,1,0,0,0,0,0,0,1,0,1,0,1,0,1,0,0,0,0,1,0
0,1.5297851402675717,0.493836267642679,1.5249237690060864,0,0,1,1,1,0,1,0,0,0,1,0,1,0,1,0,1,0,1,0,0,0,1,0,0,0,0
0,-0.019135231695857704,-0.11480727860024036,-0.1862250033174719,0,0,1,1,1,0,0,0,0,0,1,0,1,0,0,0,1,0,0,0,0,0,0,0,0,0,0
0,-0.5897901055771212,0.16457008688831268,-0.46989810107159974,0,0,0,0,1,0,0,1,0,0,0,0,0,0,0,0,0,0,0,0,0,0,0,1,0,1,0
0,0.18467008040459354,-0.8082618107950418,-0.395251929780778,0,1,0,0,0,1,0,0,0,0,1,0,1,0,0,0,1,0,0,0,0,0,1,1,0,0,1
0,-1.1604449794583847,0.35913646642498387,-0.8754668083272292,0,0,0,0,1,0,1,1,0,0,0,0,0,0,0,0,0,0,0,0,0,0,0,1,0,1,0
0,-0.6713122304173017,0.8596875795919747,-0.40228861082149076,0,0,1,0,1,0,1,1,0,0,1,0,1,0,1,0,0,0,0,0,0,0,0,0,0,1,0
0,-0.6305511679972114,0.5204436357844459,-0.419053117376167,0,1,1,0,1,0,1,1,0,0,0,0,1,0,0,0,0,0,0,0,0,0,0,1,0,0,0
0,-0.5490290431570309,-0.1414146467420072,-0.4363029122784788,0,0,0,1,1,0,0,0,0,0,1,0,1,0,1,0,0,0,0,0,0,0,0,1,0,1,0
0,1.1221745160666692,1.2072463259438058,1.66790736306847,0,1,1,0,1,0,1,1,0,0,0,0,0,0,1,0,0,0,1,0,1,0,1,0,1,0,0
0,0.755324954285857,-1.3271054895594974,-0.46963339833652595,0,1,1,1,1,0,1,0,1,1,0,1,0,1,0,1,0,1,0,1,0,0,1,1,0,0,1
0,-0.1821794813762187,-1.481760816883518,-0.7935854289443892,0,1,1,1,1,0,0,0,1,1,0,1,0,1,0,1,0,1,0,1,0,0,1,1,1,0,0
0,0.429236454925135,-0.1613701728483325,0.11549199754418912,0,1,0,0,1,0,0,0,0,0,0,0,1,0,0,0,0,0,0,0,1,0,1,1,0,1,0
0,0.38847539250504476,-1.4834237773923784,-0.6402563696528696,0,1,1,0,1,0,0,0,1,1,0,1,0,1,0,1,0,1,0,1,0,0,1,0,0,1,0
0,-1.201206041878475,0.45392521543002845,-0.9020694332021498,1,1,0,0,1,0,0,1,0,0,0,0,0,0,0,0,0,0,1,0,0,0,0,1,0,1,0
0,-1.2827281667186554,-0.6685731280507652,-0.9891125159189296,0,0,0,0,1,0,0,0,0,0,0,0,0,0,0,0,0,0,0,0,0,0,0,0,0,0,1
0,-1.201206041878475,-1.4967274614632617,-0.9807302626415915,1,0,0,0,1,0,0,0,1,1,0,1,0,1,0,1,0,1,0,1,0,0,0,0,0,0,1
0,1.24445770332694,1.102479813885598,1.7345462766233084,0,0,0,0,1,0,1,1,0,0,1,0,1,0,1,0,0,0,1,0,0,0,1,0,1,0,0
1,-1.201206041878475,0.5004881096781209,-0.89375335560858,1,1,0,0,1,0,0,1,0,0,0,0,0,0,0,0,0,0,1,0,0,0,0,1,0,1,0
0,1.4482630154273912,1.4250941526045227,2.220915493760226,0,1,1,0,1,0,1,1,0,0,1,0,1,0,0,0,1,0,1,0,1,0,0,1,0,1,0
1,-0.1006573565360382,1.159020471186853,0.3002545066257267,1,0,0,0,1,0,1,1,0,0,0,0,1,0,0,0,0,0,1,0,1,0,0,1,0,1,0
0,1.1221745160666692,1.3253165220728964,1.7854353774412535,0,0,0,0,1,0,1,1,0,0,0,0,1,0,1,0,0,0,1,0,1,0,1,0,0,1,0
0,-0.712073292837392,-0.20793306709642462,-0.5942863279950467,1,1,0,0,1,0,1,0,0,0,0,0,1,0,0,0,1,0,0,0,0,0,0,1,1,0,0
1,0.5107585797653155,0.9661170521590426,0.8441745100799479,0,1,0,0,1,0,1,1,0,0,0,0,0,0,0,0,0,0,1,0,1,0,0,1,0,0,0
0,1.5297851402675717,0.7183359363388377,1.6162020954840475,0,0,1,0,1,0,0,0,0,0,1,0,1,0,1,0,1,0,1,0,1,0,1,0,1,0,0
0,-0.9158786049378431,1.1191094189742024,-0.5510294893717306,1,1,1,0,1,0,1,1,0,0,0,0,0,0,1,0,0,0,1,0,1,0,0,1,0,1,0
0,-1.1604449794583847,-1.5116941060430058,-0.9676495358166927,0,1,0,0,1,0,0,0,1,1,0,1,0,1,0,1,0,1,0,1,0,0,0,0,0,0,1
0,-1.2827281667186554,-0.47899563004067547,-0.9865978399357282,1,0,0,0,1,0,0,0,0,0,0,0,0,0,1,0,0,0,0,0,0,0,0,1,0,0,1
0,1.4482630154273912,-1.3271054895594974,-0.29640751679195626,0,0,1,0,1,0,1,0,1,1,0,1,0,1,0,1,0,1,0,1,0,0,1,1,1,0,0
0,-0.4267458558967602,0.33751797980979803,-0.3144734784607456,0,1,1,1,1,0,0,1,0,0,1,0,0,0,0,0,0,0,0,0,0,0,0,0,0,0,0
0,0.22543114282468377,0.9910614597919492,0.5900819429703213,1,1,1,1,1,0,1,1,0,0,0,0,1,0,1,0,0,0,1,0,0,0,0,1,0,1,0
0,-1.2827281667186554,1.1773130367843176,-0.9646275129245997,1,0,0,0,1,0,1,1,0,0,0,0,1,0,0,0,0,0,1,0,1,0,0,1,1,0,0
0,-0.5897901055771212,0.44394745237686595,-0.36088469134369155,0,1,1,0,1,0,0,1,0,0,0,0,0,0,1,0,1,0,0,0,0,0,0,0,0,1,0
0,-0.14141841895612844,0.9760948152122051,0.14154315838770573,0,1,0,0,1,0,0,1,0,0,0,0,0,0,0,0,1,0,1,0,1,0,0,1,0,1,0
0,-0.6713122304173017,0.7848543566932551,-0.38146532899568236,1,0,0,0,1,0,1,1,0,0,0,0,0,0,1,0,0,0,0,0,1,0,0,1,0,1,0
0,-1.2827281667186554,0.166233047397173,-0.9780391181683408,1,1,0,0,1,0,0,1,0,0,0,0,0,0,0,0,0,0,0,0,0,0,0,1,0,1,0
0,-0.8343564800976626,0.5603546879970964,-0.6300653143525269,1,1,0,0,1,0,0,1,0,0,1,0,0,0,1,0,0,0,0,0,0,0,0,0,0,0,0
0,-0.05989629411594795,-0.49229931411155914,-0.3367746838907163,0,1,0,0,0,1,0,0,0,0,0,0,0,0,1,0,0,0,1,0,1,1,0,1,0,1,0
0,-1.1604449794583847,0.5004881096781209,-0.8657830999357781,1,1,0,0,1,0,0,1,0,0,0,0,0,0,0,0,0,0,0,0,1,0,0,1,0,1,0
0,0.6330417670255862,0.1562552843440105,0.5068329327895997,0,0,1,0,1,0,1,0,0,0,0,0,0,0,1,0,1,0,0,0,1,1,0,1,0,0,1
0,-0.712073292837392,-1.3121388449797535,-0.8325629066840117,1,0,0,0,1,0,1,0,1,1,0,1,0,1,0,1,0,1,0,1,0,0,0,1,1,0,0
0,0.7145638918657667,0.8397320534856492,0.9982315018929205,0,1,0,0,1,0,0,1,0,0,1,0,1,0,1,0,1,0,0,0,0,1,0,1,1,0,0
0,-1.0381617921981139,-0.6718990490684861,-0.8665772081409996,0,1,0,0,1,0,0,0,0,0,0,0,0,0,0,0,0,0,0,0,0,0,0,1,0,0,0
1,0.3477143300849545,0.6285360688603742,0.43534113575840794,1,1,1,0,1,0,1,1,0,0,1,0,0,0,1,0,0,0,0,0,0,0,0,1,0,0,0
0,1.4482630154273912,0.5154547542578644,1.3625065824770315,0,1,1,1,1,0,0,1,0,0,1,0,0,0,1,0,0,0,0,0,0,0,1,0,1,0,0
1,-0.2637016062163992,1.1058057349033188,0.09879366667328113,0,0,1,0,1,0,1,1,0,0,0,0,0,0,1,0,0,0,1,0,1,0,0,1,0,0,0
0,0.9998913288063985,-0.3825439205267703,0.3543862159483263,0,1,0,0,0,1,0,0,0,0,0,0,0,0,1,0,1,0,1,0,1,0,1,0,1,0,0
0,-1.201206041878475,-1.5067052245164245,-0.9819214249494236,0,0,0,0,1,0,0,0,1,1,0,1,0,1,0,1,0,1,0,1,0,0,0,0,0,1,0
0,-0.5490290431570309,-0.5288844453064885,-0.58727170551559,0,1,1,1,1,0,0,0,0,0,1,0,0,0,0,0,0,0,0,0,0,1,0,1,0,0,0
0,-1.201206041878475,-0.3542735918761429,-0.9469144882359088,0,0,0,0,1,0,0,0,0,0,0,0,0,0,0,0,0,0,1,0,0,0,0,1,0,1,0
0,1.081413453646579,-1.3437350946481017,-0.3501421720119451,0,0,0,0,1,0,1,0,1,1,0,1,0,1,0,1,0,1,0,1,0,0,1,0,0,1,0
0,-1.2827281667186554,0.15126640281742948,-0.9782376452196461,1,0,1,0,1,0,0,1,0,0,0,0,0,0,0,0,0,0,0,0,0,0,0,1,0,0,1
0,0.38847539250504476,-0.8215654948659252,-0.2914884576318342,0,1,1,0,0,1,0,0,0,0,1,0,0,0,0,0,0,0,1,0,0,0,0,1,0,0,0
0,-1.0381617921981139,0.3341920587920773,-0.7701151197678423,1,0,0,0,1,0,1,1,0,0,0,0,0,0,0,0,0,0,0,0,0,0,0,1,0,1,0
0,1.407501953007301,-1.3054870029443117,-0.221408408521036,0,1,1,0,1,0,1,0,1,1,0,1,0,1,0,1,0,1,0,1,0,0,1,0,1,0,0
0,-1.2827281667186554,0.18286265248577738,-0.9778185325557793,0,1,0,0,1,0,0,1,0,0,0,0,0,0,0,0,0,0,0,0,0,0,0,1,0,1,0
0,1.3667408905872107,0.8929467897691834,1.671657318482016,0,1,1,0,1,0,1,0,0,0,1,0,1,0,1,0,1,0,1,0,1,0,1,0,0,0,0
0,1.1629355784867594,0.8097987643261616,1.4178515126687197,0,0,0,0,1,0,1,1,0,0,0,0,0,0,1,0,0,0,0,0,1,0,0,0,0,0,1
0,-1.1604449794583847,-1.3553758182101248,-0.9766053116866908,0,1,1,1,1,0,1,0,1,1,0,1,0,1,0,1,0,1,0,1,0,1,0,0,1,0,0
1,0.38847539250504476,0.3092476511591708,0.4158634261692248,1,0,1,0,1,0,0,1,0,0,1,0,0,0,0,0,0,0,0,0,0,0,0,1,1,0,0
0,1.2852187657470302,-0.36591431543816594,0.49106106149145035,0,0,1,1,1,0,1,0,0,0,0,0,1,0,0,0,0,0,0,0,0,1,0,1,0,0,0
1,0.8776081415461278,1.687841913004471,1.8283392790844712,0,0,1,0,1,0,1,1,0,0,1,0,1,0,1,0,1,0,1,0,1,1,0,1,0,0,0
0,-1.2827281667186554,-1.5000533824809827,-1.000141796547006,0,1,0,0,1,0,0,0,1,1,0,1,0,1,0,1,0,1,0,1,0,0,0,1,1,0,0
0,0.8776081415461278,-1.3570387787189853,-0.46581726723921146,0,1,1,1,1,0,1,0,1,1,0,1,0,1,0,1,0,1,0,1,0,0,1,1,0,0,0
0,-0.5897901055771212,-1.3154647659974745,-0.8082764307409871,0,0,0,1,1,0,1,0,1,1,0,1,0,1,0,1,0,1,0,1,0,0,1,0,1,0,0
0,-1.201206041878475,0.6468286344578388,-0.9051576317780111,0,1,0,0,1,0,0,1,0,0,0,0,1,0,0,0,0,0,0,0,1,0,0,0,0,1,0
0,-1.2827281667186554,0.17454784994147518,-0.97792882536206,1,0,0,0,1,0,0,1,0,0,0,0,0,0,0,0,0,0,0,0,0,0,0,1,0,1,0
0,1.6113072651077522,0.8280913299236263,1.9010663555460072,0,0,1,1,1,0,1,0,0,0,1,0,1,0,1,0,1,0,1,0,1,0,1,0,1,0,0
1,1.1221745160666692,1.1008168533767377,1.5794966495538088,0,1,1,0,1,0,0,1,0,0,0,0,1,0,1,0,0,0,1,0,1,1,0,1,0,1,0
0,-0.8751175425177529,-1.4917385799366805,-0.9222309581902737,0,0,1,1,1,0,0,0,1,1,0,1,0,1,0,1,0,1,0,1,0,1,0,1,0,0,1
0,-0.8343564800976626,0.4472733733945866,-0.6077199918000439,1,0,0,1,1,0,1,1,0,0,1,0,0,0,0,0,0,0,0,0,0,0,0,1,0,1,0
0,1.1629355784867594,1.2987091539311295,1.836324478259198,0,1,1,1,1,0,0,1,0,0,0,0,1,0,1,0,1,0,1,0,1,1,0,0,1,0,0
0,0.26619220524477405,-1.4684571328126343,-0.6724839276481092,0,0,0,0,1,0,0,0,1,1,0,1,0,1,0,1,0,1,0,1,0,0,1,0,1,0,0
0,0.918369203966218,1.0625687616729476,1.3222717667458084,1,1,0,0,1,0,1,1,0,0,0,0,0,0,0,0,0,0,1,0,1,0,0,1,0,1,0
0,-0.6305511679972114,0.982746657247647,-0.2952604716066363,1,0,0,0,1,0,1,1,0,0,1,0,1,0,0,0,0,0,1,0,0,0,0,1,0,1,0
0,0.18467008040459354,-1.4867496984100992,-0.6622046381027418,0,1,0,0,1,0,0,0,1,1,0,1,0,1,0,1,0,1,0,1,0,1,0,0,1,0,0
0,1.6113072651077522,-1.2921833188734282,-0.22533483242463126,0,0,1,0,1,0,1,0,1,1,0,1,0,1,0,1,0,1,0,1,0,0,1,1,0,0,1
1,1.6113072651077522,0.4156771237262383,1.371815295327128,0,1,1,0,1,0,1,0,0,0,0,0,1,0,1,0,1,0,1,0,0,0,1,0,1,0,0
0,-0.9974007297780236,0.03984804872378005,-0.7554020594099883,0,0,0,0,1,0,0,0,0,0,1,0,0,0,0,0,1,0,0,0,1,0,0,0,0,0,0
0,-0.4267458558967602,-1.4950645009544015,-0.8322540868264254,0,0,1,1,1,0,0,0,1,1,0,1,0,1,0,1,0,1,0,1,0,0,0,0,0,0,1
0,-1.2827281667186554,0.6468286344578388,-0.9716641939653125,1,0,0,0,1,0,0,1,0,0,0,0,1,0,0,0,0,0,1,0,0,0,0,0,0,1,0
0,0.22543114282468377,0.10969239009591861,0.1630281970511989,0,0,0,0,1,0,1,0,0,0,0,0,1,0,0,0,1,0,0,0,1,0,0,0,1,0,0
0,-0.6305511679972114,0.5320843593464687,-0.37094339527649733,0,1,0,1,1,0,0,0,0,0,0,0,1,0,1,0,1,0,1,0,1,1,0,0,0,1,0
1,1.5297851402675717,0.35414758489840237,1.2908162583945342,0,0,0,0,1,0,1,0,0,0,0,0,1,0,1,0,1,0,1,0,0,0,1,1,0,0,0
1,1.6113072651077522,0.9178911974020899,1.832398054355603,1,0,1,1,1,0,1,0,0,0,1,0,1,0,1,0,1,0,1,0,1,0,1,0,1,0,0
0,-0.1821794813762187,0.5237695568021665,-0.018447586403172168,0,0,0,0,1,0,0,1,0,0,0,0,0,0,0,0,0,0,0,0,1,0,0,1,0,1,0
0,-0.712073292837392,0.6102435032629094,-0.5103314438541283,0,0,0,0,1,0,0,1,0,0,0,0,1,0,0,0,0,0,1,0,0,0,0,1,0,0,0
0,1.6113072651077522,0.7549210675337671,1.842500875410921,0,1,1,1,1,0,1,0,0,0,1,0,1,0,1,0,1,0,1,0,1,0,1,1,0,0,0
1,-0.8751175425177529,1.1540315896602715,-0.5098020383839806,1,0,1,0,1,0,1,1,0,0,0,0,0,0,1,0,0,0,1,0,1,0,0,1,0,1,0
1,-0.9974007297780236,0.5453880434173524,-0.7503506488823293,1,1,0,0,1,0,1,1,0,0,0,0,0,0,1,0,0,0,0,0,0,0,0,1,0,1,0
0,0.9998913288063985,1.4816348099057775,1.7496563910837732,0,0,1,0,1,0,1,1,0,0,0,0,1,0,1,0,1,0,1,0,1,1,0,1,0,0,0
0,-1.2827281667186554,-1.4934015404455407,-1.0000535623019815,1,1,1,1,1,0,0,0,1,1,0,1,0,1,0,1,0,1,0,1,0,0,0,0,0,0,0
0,0.5515196421854057,-0.6419657599089983,-0.0990936863556675,0,0,1,0,0,1,0,0,0,0,1,0,1,0,0,0,0,0,1,0,0,0,0,0,0,1,0
0,-0.1006573565360382,-1.4684571328126343,-0.7498433019734378,0,1,1,0,1,0,0,0,1,1,0,1,0,1,0,1,0,1,0,1,0,1,0,0,1,0,0
1,-0.9158786049378431,0.34749574286296053,-0.6910131191032777,0,1,1,0,1,0,0,1,0,0,1,0,0,0,0,0,0,0,0,0,0,0,0,0,0,1,0
0,-0.3859847934766699,1.144053826607109,-0.04427816163412723,1,1,1,0,1,0,1,1,0,0,1,0,1,0,1,0,0,0,1,0,0,0,0,1,0,1,0
0,-0.019135231695857704,0.9494874470704383,0.3055265027659474,0,1,0,0,1,0,0,1,0,0,1,0,1,0,1,0,0,0,0,0,1,0,0,1,1,0,0
0,-0.7935954176775724,0.29594396708828713,-0.5868084757292108,0,1,0,0,1,0,0,1,0,0,1,0,0,0,0,0,0,0,0,0,0,0,0,1,1,0,0
0,0.26619220524477405,0.5187806752755855,0.40357680754954756,1,0,0,0,1,0,0,1,0,0,0,0,0,0,1,0,1,0,0,0,0,0,1,1,0,1,0
0,0.46999751734522527,0.7748765936400926,0.744006583415757,0,0,0,0,1,0,0,1,0,0,0,0,1,0,1,0,0,0,1,0,0,0,0,1,1,0,0
1,-0.9566396673579334,-0.5205696427621863,-0.8112543365105678,0,1,0,0,1,0,0,0,0,0,0,0,0,0,0,0,1,0,0,0,0,0,0,0,0,0,1
0,1.407501953007301,-1.5033793034987035,-0.41980310845887625,0,0,1,0,1,0,0,0,1,1,0,1,0,1,0,1,0,1,0,1,0,0,1,0,0,0,1
0,-0.9566396673579334,0.4821955440806557,-0.7171304556305629,1,1,1,1,1,0,1,1,0,0,0,0,0,0,1,0,0,0,0,0,0,0,0,1,0,0,0
0,-0.712073292837392,0.49549922815153935,-0.5183387015901119,1,0,0,0,1,0,1,1,0,0,0,0,1,0,0,0,0,0,0,0,0,0,0,1,0,1,0
0,1.570546202687662,1.3402831666526405,2.3241936775615346,0,0,1,0,1,0,1,1,0,0,0,0,1,0,1,0,0,0,1,0,1,0,1,1,0,0,0
0,-1.2827281667186554,-0.5272214847976282,-0.9872375382121565,0,1,0,0,1,0,0,0,0,0,0,0,0,0,0,0,1,0,0,0,0,0,0,0,1,0,0
0,-0.1006573565360382,1.1706611947488759,0.33501879916542393,1,0,1,1,1,0,1,1,0,0,0,0,0,0,1,0,0,0,1,0,1,0,0,1,0,1,0
0,-1.2827281667186554,0.14960344230856867,-0.9782597037809023,1,1,0,0,1,0,0,1,0,0,0,0,0,0,0,0,0,0,0,0,0,0,0,1,0,1,0
0,-0.6305511679972114,-0.5006141166558613,-0.639881374111515,0,1,1,0,0,1,0,0,0,0,0,0,1,0,0,0,0,0,1,0,1,0,0,1,0,0,1
0,-1.201206041878475,0.6967174497236519,-0.8887681207646895,1,0,0,0,1,0,0,1,0,0,0,0,0,0,0,0,1,0,0,0,1,0,0,0,0,1,0
0,1.407501953007301,0.493836267642679,1.3264408348232213,1,1,1,1,1,0,1,0,0,0,1,0,0,0,1,0,0,0,1,0,1,0,1,1,0,1,0
0,-1.2827281667186554,-1.460142330268332,-0.9996123910768585,0,1,0,0,1,0,0,0,1,1,0,1,0,1,0,1,0,1,0,1,0,0,0,0,0,0,0
1,-1.2827281667186554,-0.4756697090229548,-0.9865537228132157,1,0,0,0,1,0,1,0,0,0,0,0,0,0,0,0,0,0,0,0,0,0,0,0,0,0,1
1,-0.019135231695857704,0.48053258357179535,0.12495512032307869,0,0,1,0,1,0,1,1,0,0,0,0,0,0,1,0,0,0,0,0,0,0,0,0,0,0,1
0,0.3477143300849545,-1.5083681850252848,-0.6567120563499597,0,1,1,1,1,0,0,0,1,1,0,1,0,1,0,1,0,1,0,1,0,1,0,0,0,0,0
0,-1.2827281667186554,0.5221065962933062,-0.9733185860595239,1,1,1,0,1,0,0,1,0,0,0,0,0,0,0,0,0,0,1,0,0,0,0,1,0,1,0
0,-1.2827281667186554,-0.6885286541570904,-0.9893772186540034,0,0,0,0,1,0,0,0,0,0,0,0,0,0,0,0,0,0,0,0,0,0,0,0,0,0,0
0,-0.8343564800976626,0.6534804764932807,-0.6043450319278524,1,0,1,1,1,0,1,1,0,0,0,0,1,0,1,0,0,0,0,0,0,0,0,1,0,1,0
0,1.2036966409068497,1.3519238902146633,1.853111043375131,0,1,1,1,1,0,1,1,0,0,1,0,1,0,0,0,0,0,1,0,1,0,0,1,0,1,0
0,-0.4267458558967602,0.6468286344578388,-0.19019554434357946,1,0,0,0,1,0,0,1,0,0,0,0,1,0,0,0,0,0,0,0,1,0,0,1,0,0,1
0,-0.6305511679972114,0.9262059999463921,-0.32201750641035,0,0,0,1,1,0,1,1,0,0,0,0,1,0,1,0,1,0,0,0,0,0,0,1,1,0,0
0,1.6113072651077522,-1.2838685163291261,-0.13178447413728633,0,0,1,1,1,0,1,0,1,1,0,1,0,1,0,1,0,1,0,1,0,0,1,1,0,0,0
0,0.9591302663863083,1.067557643199529,1.387675400870302,0,1,1,1,1,0,1,1,0,0,0,0,1,0,0,0,1,0,1,0,0,0,0,1,1,0,0
0,-0.9566396673579334,-1.4767719353569364,-0.9437601139762789,0,0,0,0,1,0,0,0,1,1,0,1,0,1,0,1,0,1,0,1,0,0,0,1,1,0,0
0,1.6113072651077522,1.6944937550399128,2.7079685262960846,0,1,1,0,1,0,1,1,0,0,1,0,1,0,1,0,1,0,1,0,1,0,1,1,0,0,0
0,-0.5082679807369407,1.441723757693127,-0.03664589943949841,0,1,0,0,1,0,0,1,0,0,1,0,1,0,1,0,1,0,1,0,1,0,0,1,0,0,0
0,-0.5490290431570309,-1.4850867379012387,-0.8379451956305128,0,1,1,1,1,0,0,0,1,1,0,1,0,1,0,1,0,1,0,1,0,0,1,0,0,0,1
0,-1.2419671042985652,0.09638870602503494,-0.9573923048325815,1,1,0,0,1,0,0,1,0,0,0,0,0,0,0,0,0,0,0,0,0,0,0,1,0,1,0
0,0.8368470791260375,-0.33099214475209693,0.33484233067537467,0,1,0,0,0,1,0,0,0,0,0,0,0,0,1,0,1,0,1,0,1,1,0,0,1,0,0
1,-0.22294054379630893,0.6784248841261872,0.00021395641953336699,1,0,0,0,1,0,1,1,0,0,0,0,0,0,0,0,0,0,0,0,1,0,0,1,0,1,0
0,-1.0789228546182041,-1.4867496984100992,-0.9512820833646272,0,1,0,0,1,0,0,0,1,1,0,1,0,1,0,1,0,1,0,1,0,0,0,0,0,0,0
0,-0.9566396673579334,0.8480468560299513,-0.6700795444711884,0,1,1,1,1,0,1,1,0,0,0,0,0,0,1,0,0,0,1,0,0,1,0,1,0,1,0
0,-0.9974007297780236,-0.3027218161014695,-0.8117396248582032,0,0,1,1,1,0,1,0,0,0,0,0,1,0,0,0,0,0,0,0,0,0,0,0,0,1,0
0,1.570546202687662,1.6545827028272624,2.5647422880598834,0,0,1,1,1,0,1,1,0,0,1,0,1,0,1,0,1,0,1,0,1,0,1,0,0,0,0
0,-0.9158786049378431,0.5054769912047018,-0.6423739915334602,1,0,0,0,1,0,1,1,0,0,0,0,1,0,0,0,0,0,0,0,0,0,0,1,0,0,0
0,-1.2827281667186554,-1.4917385799366805,-1.0000315037407252,1,1,0,0,1,0,0,0,1,1,0,1,0,1,0,1,0,1,0,1,0,0,0,0,0,0,1
0,1.570546202687662,0.06479245635668657,1.059863122042612,0,0,1,0,0,1,0,0,0,0,1,0,1,0,1,0,1,0,1,0,1,1,0,0,0,0,0
0,1.4482630154273912,1.178975997293178,1.9709699361667565,0,1,1,0,1,0,0,1,0,0,0,0,1,0,0,0,1,0,1,0,1,1,0,1,0,1,0
0,0.06238689314432279,1.3469350086880818,0.5531779699887773,0,1,0,0,1,0,1,1,0,0,0,0,1,0,0,0,1,0,1,0,1,0,0,1,0,1,0
0,-0.2637016062163992,0.6767619236173268,-0.045072269839348825,0,1,0,0,1,0,0,1,0,0,0,0,1,0,1,0,1,0,0,0,0,1,0,1,0,1,0
0,-0.4267458558967602,-0.53387332683307,-0.5435957542284071,1,0,0,0,1,0,0,0,0,0,1,0,0,0,0,0,0,0,0,0,0,0,0,1,1,0,0
0,-1.0381617921981139,-1.5266607506227494,-0.9512600248033709,0,1,0,0,1,0,0,0,1,1,0,1,0,1,0,1,0,1,0,1,0,0,0,1,0,0,1
0,-0.5082679807369407,0.16457008688831268,-0.3292968316248805,0,0,1,0,1,0,0,1,0,0,0,0,0,0,0,0,0,0,0,0,0,0,0,1,0,0,0
0,1.1221745160666692,1.3735423768298491,1.8196040888270342,0,0,1,0,1,0,1,1,0,0,0,0,1,0,1,0,0,0,1,0,1,0,0,1,0,1,0
0,1.6113072651077522,-1.4734460143392158,-0.37685508969314635,0,1,1,1,1,0,0,0,1,1,0,1,0,1,0,1,0,1,0,1,0,0,1,0,0,1,0
1,1.6113072651077522,1.3602386927589656,2.357215343761996,0,0,1,0,1,0,1,1,0,0,0,0,1,0,1,0,0,0,1,0,1,1,0,1,1,0,0
0,-1.1604449794583847,-1.3171277265063348,-0.9638995804031466,0,1,0,0,1,0,1,0,1,1,0,1,0,1,0,1,0,1,0,1,0,0,0,0,0,0,1
0,-0.6713122304173017,-1.5000533824809827,-0.8705918662896194,0,1,1,1,1,0,0,0,1,1,0,1,0,1,0,1,0,1,0,1,0,0,0,0,0,1,0
1,1.2036966409068497,1.3303054035994775,1.7762148988361812,0,0,1,0,1,0,1,1,0,0,1,0,0,0,1,0,0,0,1,0,1,1,0,1,0,1,0
0,-0.9158786049378431,-0.12977392317998412,-0.7311155834669639,0,0,0,0,1,0,0,0,0,0,0,0,0,0,0,0,1,0,0,0,1,0,0,1,0,0,1
0,-0.05989629411594795,0.5420621223996317,0.15607975025551069,0,1,0,0,1,0,1,1,0,0,0,0,1,0,0,0,0,0,0,0,0,0,0,1,0,1,0
0,1.570546202687662,-1.5216718690961684,-0.40336948032304226,0,0,1,0,1,0,0,0,1,1,0,1,0,1,0,1,0,1,0,1,0,0,1,0,1,0,0
0,1.0406523912264887,-1.4651312117949136,-0.47404511058775656,0,1,0,0,1,0,0,0,1,1,0,1,0,1,0,1,0,1,0,1,0,0,1,0,0,0,1
0,1.5297851402675717,0.84139501399451,1.7427520614105974,0,1,1,1,1,0,1,0,0,0,1,0,1,0,1,0,1,0,1,0,1,0,1,1,1,0,0
0,1.570546202687662,0.8397320534856492,1.7753325563859352,0,0,1,0,1,0,1,0,0,0,1,0,1,0,1,0,1,0,1,0,1,0,1,0,0,1,0
1,1.4890240778474815,0.30758469065030997,1.2106775053509304,0,1,0,0,1,0,1,0,0,0,1,0,0,0,1,0,1,0,0,0,1,0,1,0,1,0,0
1,-1.2827281667186554,0.6717730420907454,-0.9713333155464702,1,0,0,0,1,0,1,1,0,0,0,0,0,0,0,0,0,0,0,0,1,0,0,1,0,1,0
0,1.6113072651077522,1.7926084250626786,2.8171804630752986,0,0,1,1,1,0,1,1,0,0,1,0,1,0,1,0,1,0,1,0,1,0,1,1,0,0,0
0,-0.2637016062163992,0.700043370741373,-0.039844390821640596,0,0,1,0,1,0,0,1,0,0,0,0,0,0,0,0,1,0,0,0,1,0,0,0,1,0,0
0,0.021625830724232544,1.002702183353972,0.31825429261074767,0,0,1,0,1,0,1,1,0,0,0,0,0,0,1,0,1,0,0,0,1,0,0,1,1,0,0
0,-0.9158786049378431,-1.4867496984100992,-0.9114443217360148,0,0,1,1,1,0,0,0,1,1,0,1,0,1,0,1,0,1,0,1,0,0,1,0,0,0,1
1,0.9998913288063985,1.2122352074703868,1.5409382844780535,0,0,0,0,1,0,1,1,0,0,1,0,0,0,1,0,1,0,0,0,1,0,1,0,1,0,0
0,-0.9158786049378431,-1.45182752772403,-0.9106281549695371,0,0,0,0,1,0,0,0,1,1,0,1,0,1,0,1,0,1,0,1,0,0,0,1,0,1,0
0,0.26619220524477405,-1.3520498971924038,-0.6053597257456356,0,0,1,1,1,0,1,0,1,1,0,1,0,1,0,1,0,1,0,1,0,1,0,1,0,0,1
0,-0.8751175425177529,-1.481760816883518,-0.9001944554953768,0,0,0,0,1,0,0,0,1,1,0,1,0,1,0,1,0,1,0,1,0,0,0,0,0,0,0
0,-0.46750691831685043,1.2621240227361998,-0.07791746754976059,1,0,1,1,1,0,0,1,0,0,0,0,1,0,1,0,1,0,1,0,1,0,0,1,0,1,0
0,1.4482630154273912,0.6800878446350476,1.4440570834410293,0,0,1,1,1,0,1,0,0,0,0,0,1,0,1,0,1,0,1,0,1,0,1,0,0,0,0
0,-0.5897901055771212,0.8231024483970448,-0.2884223176172289,0,1,0,0,1,0,1,1,0,0,0,0,0,0,1,0,0,0,1,0,0,1,0,1,1,0,0
0,-1.0789228546182041,1.167335273731155,-0.7672475068045425,1,0,0,0,1,0,0,1,0,0,0,0,0,0,1,0,1,0,1,0,1,0,0,1,0,0,1
0,-0.5897901055771212,-0.28609221101286514,-0.5809850155575864,0,1,0,0,1,0,1,0,0,0,1,0,0,0,0,0,0,0,0,0,0,0,0,0,0,0,1
0,0.7960860167059473,-0.46236602495207113,0.14288873062433113,0,0,1,1,1,0,0,0,0,0,0,0,0,0,1,0,0,0,0,0,0,1,0,1,0,0,0
0,0.9591302663863083,1.6961567155487731,1.8887135612425614,0,1,1,1,1,0,1,1,0,0,1,0,1,0,1,0,1,0,1,0,1,0,1,0,0,0,1
0,0.5107585797653155,1.2903943513868275,1.085759872957336,0,1,0,0,1,0,1,1,0,0,0,0,0,0,1,0,1,0,1,0,1,0,0,1,0,0,0
0,1.407501953007301,-1.2888573978557074,-0.23259209907790562,0,0,0,0,1,0,1,0,1,1,0,1,0,1,0,1,0,1,0,1,0,0,1,1,0,0,1
0,-1.201206041878475,-0.9895245062608291,-0.9642525173832451,0,1,1,0,0,1,0,0,0,0,1,0,0,0,0,0,1,0,0,0,0,0,0,0,0,0,1
1,1.3259798281671205,1.1390649450805275,1.857059525839982,0,1,0,0,1,0,0,1,0,0,0,0,1,0,1,0,0,0,1,0,1,0,0,1,0,0,0
0,1.24445770332694,0.07975910093643059,0.8591302146116195,0,1,1,0,1,0,1,0,0,0,0,0,1,0,0,0,1,0,0,0,1,0,1,0,0,0,1
0,-0.8751175425177529,-1.325442529050637,-0.8761947408486822,0,0,1,1,1,0,1,0,1,1,0,1,0,1,0,1,0,1,0,1,0,0,1,0,0,0,1
0,-1.2827281667186554,-0.1763368174280765,-0.9825831817871082,0,1,0,1,1,0,0,0,0,0,0,0,0,0,0,0,1,0,0,0,1,0,0,1,0,0,1
0,0.918369203966218,0.4306437683059823,0.8984826878925968,0,1,0,0,1,0,1,0,0,0,0,0,0,0,1,0,0,0,1,0,1,0,1,1,0,0,0
0,-0.3044626686364894,-0.3243403027166551,-0.3620537950902677,0,1,1,1,1,0,1,0,0,0,0,0,0,0,0,0,1,0,0,0,0,1,0,1,0,0,1
0,1.6113072651077522,1.7610121753943302,2.822628927705568,1,1,1,0,1,0,1,1,0,0,1,0,1,0,1,0,1,0,1,0,1,1,0,1,0,0,0
0,1.6113072651077522,-1.3537128577012645,-0.22513630537332588,0,0,1,0,1,0,1,0,1,1,0,1,0,1,0,1,0,1,0,1,0,0,1,1,1,0,0
0,1.3259798281671205,-0.6519435229621608,0.28551938770661645,0,0,0,1,0,1,0,0,0,0,0,0,1,0,0,0,1,0,1,0,0,0,1,0,0,0,1
1,0.8776081415461278,0.4871844256072372,0.9191736183508682,1,0,0,0,1,0,1,1,0,0,0,0,1,0,0,0,0,0,0,0,0,0,0,1,0,1,0
0,-1.0381617921981139,-1.4834237773923784,-0.9451718618966728,0,1,1,1,1,0,0,0,1,1,0,1,0,1,0,1,0,1,0,1,0,0,0,0,0,0,1
0,1.6113072651077522,-0.0033889245065911663,1.110862515666838,0,0,1,0,1,0,1,0,0,0,1,0,1,0,0,0,1,0,0,0,0,0,1,0,0,0,0
0,-0.46750691831685043,-0.34096990780525943,-0.5124490657347189,0,1,1,0,1,0,0,0,0,0,0,0,0,0,0,0,0,0,1,0,0,0,0,0,0,0,0
0,-1.2419671042985652,-1.4684571328126343,-0.9912742549220326,0,0,0,0,1,0,0,0,1,1,0,1,0,1,0,1,0,1,0,1,0,0,0,1,0,0,0
1,-1.1604449794583847,0.9943873808096698,-0.8225042027512057,0,1,0,0,1,0,0,1,0,0,0,0,0,0,1,0,0,0,1,0,1,0,0,1,0,1,0
0,-1.201206041878475,0.4921733071338186,-0.8977900723184561,1,1,1,0,1,0,1,1,0,0,0,0,0,0,0,0,1,0,0,0,0,0,0,1,0,0,0
0,1.6113072651077522,1.6944937550399128,2.667049895165921,0,1,1,0,1,0,1,1,0,0,1,0,1,0,1,0,1,0,1,0,1,0,1,0,1,0,0
0,-1.0789228546182041,-0.5122548402178841,-0.8700624608194718,0,0,0,0,1,0,0,0,0,0,1,0,0,0,0,0,0,0,0,0,0,0,0,1,0,1,0
0,0.7960860167059473,0.6301990293692344,0.9020341162548371,0,1,0,0,1,0,0,1,0,0,0,0,0,0,1,0,0,0,0,0,1,0,0,1,1,0,0
1,1.4890240778474815,1.0143429069159948,1.8066998304921849,0,1,1,0,1,0,1,1,0,0,0,0,1,0,1,0,0,0,0,0,1,0,0,1,0,0,0
0,-0.9974007297780236,0.9927244203008095,-0.6822558702845849,1,1,0,0,1,0,0,1,0,0,0,0,0,0,1,0,0,0,1,0,1,0,0,1,0,1,0
1,-0.9974007297780236,0.30592173014144963,-0.7440860174855818,0,0,0,0,1,0,0,1,0,0,0,0,0,0,1,0,0,0,0,0,0,0,0,1,0,0,0
1,1.24445770332694,0.8231024483970448,1.4347042534684205,0,0,0,0,1,0,1,1,0,0,0,0,0,0,1,0,0,0,0,0,1,0,0,1,0,0,0
0,1.1221745160666692,1.7211011231816797,2.1011816232618274,0,1,0,0,1,0,1,1,0,0,1,0,1,0,1,0,1,0,1,0,1,1,0,1,1,0,0
0,-0.8343564800976626,-0.3542735918761429,-0.7042261972957133,0,0,1,0,1,0,0,0,0,0,1,0,0,0,0,0,1,0,0,0,0,0,0,0,0,0,0
0,-0.7935954176775724,-1.5150200270607266,-0.8856358050663158,0,0,0,0,1,0,0,0,1,1,0,1,0,1,0,1,0,1,0,1,0,0,0,1,0,0,1
0,-0.4267458558967602,0.006588838546571349,-0.37906094581876165,0,1,0,0,1,0,1,0,0,0,1,0,1,0,1,0,0,0,0,0,0,0,0,0,0,0,1
0,-1.1196839170382944,0.9195541579109503,-0.809136714629977,1,1,0,0,1,0,1,1,0,0,0,0,0,0,1,0,0,0,1,0,0,0,0,1,0,1,0
0,-1.2827281667186554,-1.510031145534145,-1.0002741479145432,1,0,1,1,1,0,0,0,1,1,0,1,0,1,0,1,0,1,0,1,0,0,0,0,0,0,1
0,1.6113072651077522,-1.3570387787189853,-0.2548271288241078,0,0,1,1,1,0,1,0,1,1,0,1,0,1,0,1,0,1,0,1,0,0,1,1,0,0,0
0,-1.2419671042985652,-1.5333125926581914,-0.9854066776278958,0,0,0,0,1,0,0,0,1,1,0,1,0,1,0,1,0,1,0,1,0,0,0,0,0,0,0
0,0.30695326766486425,-1.4867496984100992,-0.6659104763937755,0,0,1,1,1,0,0,0,1,1,0,1,0,1,0,1,0,1,0,1,0,0,1,0,0,0,0
0,0.46999751734522527,-1.4917385799366805,-0.6290726790960001,0,1,1,1,1,0,0,0,1,1,0,1,0,1,0,1,0,1,0,1,0,1,0,0,0,0,0
1,1.570546202687662,0.20448113910096322,1.2023393691961046,0,1,1,0,1,0,0,0,0,0,1,0,1,0,0,0,1,0,1,0,0,1,0,1,0,0,0
0,-1.2419671042985652,0.3558105454072627,-0.9354881535052215,1,0,0,0,1,0,1,1,0,0,0,0,0,0,0,0,0,0,0,0,0,0,0,1,0,1,0
1,-0.2637016062163992,0.9561392891058796,0.05176481407516294,0,1,0,0,1,0,1,1,0,0,0,0,0,0,0,0,0,0,1,0,1,0,0,1,0,1,0
0,-1.2827281667186554,0.1712219289237545,-0.9779729424845723,1,1,1,1,1,0,0,1,0,0,0,0,0,0,0,0,0,0,0,0,0,0,0,1,0,1,0
0,-1.2827281667186554,-1.3453980551569622,-0.9980903503501838,0,0,0,0,0,1,0,0,0,0,0,0,0,0,0,0,0,0,0,0,0,0,0,0,0,0,1
0,1.3259798281671205,0.3308661377743562,1.117656552533733,1,1,1,1,1,0,0,0,0,0,1,0,0,0,0,0,1,0,1,0,1,0,1,1,0,0,0
0,-1.201206041878475,0.013240680582013184,-0.9162530880898561,0,1,0,0,1,0,1,0,0,0,0,0,0,0,0,0,1,0,1,0,0,0,0,1,0,0,1
0,-0.7935954176775724,-0.4756697090229548,-0.7394096024992773,0,1,0,0,1,0,0,0,0,0,0,0,0,0,0,0,1,0,0,0,0,0,0,1,0,0,1
0,0.021625830724232544,1.315338759019734,0.4953624809364002,1,0,1,0,1,0,1,1,0,0,0,0,1,0,1,0,0,0,1,0,1,0,0,1,0,1,0
0,-1.2827281667186554,0.19450337604780069,-0.9776641226269862,0,0,0,0,1,0,0,1,0,0,0,0,0,0,0,0,0,0,0,0,0,0,0,1,0,0,1
0,-1.1604449794583847,-0.6519435229621608,-0.9403189784203192,0,1,1,1,1,0,0,0,0,0,0,0,0,0,0,0,0,0,0,0,0,0,0,0,0,0,1
0,-1.2419671042985652,0.18119969197691702,-0.9453262718254658,0,1,0,0,1,0,0,1,0,0,0,0,0,0,0,0,0,0,0,0,0,0,0,1,0,1,0
0,1.6113072651077522,1.4666681653260334,2.465368469600914,0,1,1,0,1,0,1,1,0,0,1,0,1,0,0,0,1,0,1,0,1,0,1,1,1,0,0
0,0.18467008040459354,-1.2772166742936844,-0.6066832394210047,0,0,1,1,1,0,1,0,1,1,0,1,0,1,0,1,0,1,0,1,0,0,0,0,0,0,1
0,-0.712073292837392,0.7100211337945356,-0.4484792380918752,1,0,0,0,1,0,0,1,0,0,1,0,0,0,0,0,0,0,1,0,0,0,0,0,0,1,0
0,-0.3859847934766699,-1.5033793034987035,-0.7979309655118514,0,0,0,0,1,0,0,0,1,1,0,1,0,1,0,1,0,1,0,1,0,1,0,1,1,0,0
0,-0.1006573565360382,-0.45405122240776896,-0.3199660602135277,1,0,1,1,0,1,0,0,0,0,0,0,0,0,0,0,1,0,1,0,1,0,0,0,1,0,0
0,0.38847539250504476,-1.5233348296050289,-0.672748630383183,0,0,1,1,1,0,0,0,1,1,0,1,0,1,0,1,0,1,0,1,0,1,0,1,0,1,0
0,-0.019135231695857704,0.3292031772654958,-0.001683079848495873,0,0,0,0,1,0,1,0,0,0,1,0,0,0,0,0,0,0,1,0,1,1,0,0,0,0,1
0,-0.4267458558967602,0.36412534795156487,-0.29631928254693174,0,0,1,1,1,0,1,1,0,0,0,0,0,0,0,0,0,0,0,0,0,0,0,1,0,0,0
0,0.38847539250504476,-1.322116608032916,-0.5248239185994208,0,1,1,0,0,1,0,0,0,0,0,0,0,0,0,0,0,0,0,0,0,0,0,1,1,0,0
0,-0.9974007297780236,-0.6785508911039276,-0.8459303948052403,0,0,0,0,1,0,0,0,0,0,0,0,0,0,0,0,0,0,0,0,0,0,0,0,0,0,1
0,1.3259798281671205,1.3120128380020128,1.9581539120769318,0,0,1,1,1,0,1,1,0,0,1,0,0,0,1,0,0,0,1,0,1,0,1,1,1,0,0
0,-1.2419671042985652,-1.5083681850252848,-0.994935976090554,1,0,0,0,1,0,0,0,1,1,0,1,0,1,0,1,0,1,0,1,0,0,0,0,0,0,1
0,1.5297851402675717,0.8031469222907198,1.767523825701257,0,0,1,1,1,0,1,0,0,0,1,0,1,0,1,0,1,0,1,0,1,0,1,1,0,0,0
0,-0.4267458558967602,-1.4867496984100992,-0.818048373377463,0,1,0,1,1,0,0,0,1,1,0,1,0,1,0,1,0,1,0,1,0,0,0,0,1,0,0
1,-1.1604449794583847,0.3341920587920773,-0.8669080865598419,1,0,0,0,1,0,1,1,0,0,0,0,0,0,0,0,0,0,0,0,0,0,0,1,0,1,0
0,-1.2419671042985652,0.3341920587920773,-0.9439365824663282,1,0,0,0,1,0,1,1,0,0,0,0,0,0,0,0,0,0,0,0,0,0,0,0,1,0,0
0,1.407501953007301,-0.95460233557476,0.06515436075764777,0,0,1,1,0,1,0,0,0,0,1,0,1,0,0,0,0,0,0,0,0,0,1,0,0,0,0
0,-0.3044626686364894,-1.5183459480784474,-0.7741077193552062,0,0,0,0,1,0,0,0,1,1,0,1,0,1,0,1,0,1,0,1,0,0,0,1,1,0,0
0,-0.5082679807369407,-1.516682987569587,-0.8433054260157581,0,0,1,0,1,0,0,0,1,1,0,1,0,1,0,1,0,1,0,1,0,0,0,0,0,0,0
0,-1.2419671042985652,-0.12145912063568196,-0.9532894124389372,0,0,0,1,1,0,0,0,0,0,1,0,0,0,0,0,0,0,0,0,1,0,0,1,1,0,0
0,0.755324954285857,-1.4767719353569364,-0.5488677503686276,0,1,0,0,1,0,0,0,1,1,0,1,0,1,0,1,0,1,0,1,0,0,1,0,0,0,1
0,0.5515196421854057,-0.9911874667696896,-0.2940472507375479,0,0,1,1,0,1,0,0,0,0,1,0,1,0,0,0,0,0,0,0,0,0,0,0,0,0,0
0,-0.3044626686364894,1.1773130367843176,0.04455166454440094,1,0,0,0,1,0,1,1,0,0,0,0,1,0,0,0,0,0,1,0,1,0,0,1,0,1,0
0,-0.7935954176775724,-0.6935175356836717,-0.7179686809582967,0,1,0,1,1,0,0,0,0,0,0,0,0,0,0,0,0,0,0,0,0,0,0,0,0,0,1
1,-0.3044626686364894,1.2621240227361998,0.16474876482917866,1,0,0,0,1,0,1,1,0,0,1,0,1,0,0,0,0,0,1,0,1,0,0,1,0,0,1
0,-0.2637016062163992,-0.4823215510583964,-0.4415969669799555,0,1,1,1,1,0,0,0,0,0,0,0,0,0,1,0,0,0,0,0,0,1,0,0,0,0,1
0,0.429236454925135,1.1689982342400156,0.8491597449238386,1,1,0,0,1,0,1,1,0,0,0,0,0,0,0,0,1,0,1,0,1,1,0,1,0,1,0
0,-0.5490290431570309,-1.4917385799366805,-0.8422907321979751,0,1,0,1,1,0,0,0,1,1,0,1,0,1,0,1,0,1,0,1,0,0,0,1,0,1,0
0,-0.9158786049378431,1.164009352713434,-0.571698361268746,1,1,1,0,1,0,0,1,0,0,0,0,1,0,0,0,1,0,1,0,1,0,0,1,0,1,0
0,-1.2419671042985652,0.9760948152122051,-0.9233559448143374,1,0,0,1,1,0,1,1,0,0,0,0,0,0,0,0,0,0,1,0,1,0,0,1,0,0,0
0,1.6113072651077522,0.7166729758299774,1.6641794662161802,0,0,1,0,1,0,1,0,0,0,1,0,1,0,0,0,1,0,1,0,1,0,1,1,0,0,0
1,-0.5897901055771212,-0.21458490913186645,-0.5831688131219455,0,1,0,0,1,0,1,0,0,0,1,0,1,0,0,0,0,0,0,0,0,0,0,1,1,0,0
1,-0.9566396673579334,0.6318619898780948,-0.6602634847122003,1,1,0,0,1,0,1,1,0,0,0,0,0,0,0,0,0,0,0,0,1,0,0,1,0,1,0
1,-0.22294054379630893,0.7798654751666736,0.07984536255424576,1,0,0,0,1,0,1,1,0,0,0,0,0,0,1,0,0,0,0,0,1,0,0,0,1,0,0
0,-0.34522373105657966,0.972768894194484,0.015919652033914277,0,1,0,0,1,0,1,1,0,0,0,0,0,0,0,0,0,0,1,0,1,0,0,1,0,1,0
0,1.4890240778474815,1.3036980354577106,2.194930508600478,1,1,0,0,1,0,0,1,0,0,0,0,1,0,1,0,1,0,1,0,1,1,0,1,0,0,0
0,0.5515196421854057,1.4650052048171731,1.1327225498716857,0,0,1,0,1,0,1,1,0,0,0,0,1,0,1,0,1,0,1,0,1,0,1,1,1,0,0
1,1.6113072651077522,1.41511638955136,2.4096706024291277,0,0,0,0,1,0,1,1,0,0,1,0,1,0,1,0,1,0,0,0,1,0,1,1,0,0,0
0,-0.4267458558967602,0.9927244203008095,-0.16405614925503814,1,1,1,0,1,0,0,1,0,0,0,0,0,0,1,0,0,0,1,0,1,0,0,1,1,0,0
1,1.5297851402675717,0.8646764611185557,1.8455670154255266,0,0,1,0,1,0,1,1,0,0,1,0,0,0,0,0,0,0,0,0,1,0,0,1,0,1,0
0,-1.2419671042985652,-1.4950645009544015,-0.9835316999211229,0,0,0,0,1,0,0,0,1,1,0,1,0,1,0,1,0,1,0,1,0,0,0,0,0,1,0
0,-0.05989629411594795,0.051488772285803376,-0.11777728773962916,0,1,1,0,1,0,0,0,0,0,0,0,0,0,1,0,1,0,0,0,1,0,0,1,1,0,0
1,0.9591302663863083,1.1906167208552014,1.5005490588180372,1,0,1,0,1,0,1,1,0,0,0,0,0,0,1,0,0,0,1,0,1,0,0,1,0,0,0
0,-0.6713122304173017,1.1922796813640617,-0.3370835037483024,0,0,1,1,1,0,0,1,0,0,1,0,0,0,1,0,0,0,1,0,1,0,0,0,0,0,0
0,0.7960860167059473,-1.3054870029443117,-0.42011192831646244,0,1,0,1,1,0,1,0,1,1,0,1,0,1,0,1,0,1,0,1,0,0,1,0,1,0,0
0,-0.7935954176775724,-1.4967274614632617,-0.8976797795121753,0,1,1,1,1,0,0,0,1,1,0,1,0,1,0,1,0,1,0,1,0,0,0,1,0,0,1
0,0.10314795556441304,-1.466794172303774,-0.6998365436057389,0,0,0,0,1,0,0,0,1,1,0,1,0,1,0,1,0,1,0,1,0,1,0,0,0,0,1
0,1.081413453646579,1.0293095514957389,1.4861668768790253,0,0,0,0,1,0,0,1,0,0,0,0,0,0,1,0,0,0,1,0,1,0,1,0,0,1,0
0,1.6113072651077522,0.9910614597919492,1.967881737590895,0,1,1,0,1,0,0,1,0,0,0,0,0,0,1,0,0,0,1,0,1,0,0,1,0,1,0
1,1.3667408905872107,0.5221065962933062,1.313955689152239,1,0,1,0,1,0,1,0,0,0,0,0,1,0,1,0,0,0,1,0,1,0,1,1,0,0,0
0,0.6738028294456765,1.3901719819184535,1.273919400472321,0,0,1,0,1,0,1,1,0,0,1,0,1,0,1,0,1,0,0,0,1,0,1,0,1,0,0
0,-1.2419671042985652,-0.6319879968558355,-0.9622672468701914,0,0,0,0,1,0,0,0,0,0,0,0,0,0,0,0,0,0,0,0,0,0,0,1,0,0,1
1,-0.46750691831685043,1.3136757985108731,-0.006580080447361803,0,1,0,0,1,0,1,1,0,0,0,0,1,0,1,0,0,0,1,0,1,0,0,1,0,1,0
1,0.8776081415461278,-0.312699579154632,0.30007803813567746,0,1,0,0,0,1,0,0,0,0,0,0,1,0,1,0,0,0,1,0,1,1,0,1,0,1,0
1,-0.34522373105657966,0.4655659389920513,-0.22698922451884274,1,1,1,0,1,0,1,1,0,0,1,0,0,0,0,0,0,0,0,0,0,0,0,1,0,1,0
0,-1.2827281667186554,-0.12312208114454254,-0.9818773078269114,0,1,0,0,1,0,1,0,0,0,1,0,1,0,0,0,0,0,0,0,0,0,0,0,0,1,0
0,-1.0789228546182041,0.46889186000977245,-0.7904972303685278,0,1,0,0,1,0,0,1,0,0,1,0,1,0,0,0,0,0,0,0,0,0,0,1,0,1,0
0,-1.2827281667186554,-0.6785508911039276,-0.9892448672864665,1,0,0,0,1,0,0,0,0,0,0,0,0,0,0,0,0,0,0,0,0,0,0,1,0,0,1
0,0.6738028294456765,1.4749829678703357,1.3251393797091082,0,1,0,1,1,0,1,1,0,0,1,0,1,0,1,0,0,0,1,0,1,1,0,1,1,0,0
0,0.9591302663863083,-0.11813319961796127,0.4676569279986721,0,0,1,1,1,0,0,0,0,0,1,0,1,0,1,0,0,0,0,0,0,0,1,1,1,0,0
1,0.9591302663863083,1.0642317221818078,1.2939044569703955,0,0,0,0,1,0,1,1,0,0,1,0,1,0,0,0,0,0,0,0,1,0,0,1,0,1,0
0,-1.0789228546182041,-0.8082618107950418,-0.9129001867789209,0,0,1,1,0,1,0,0,0,0,0,0,1,0,1,0,1,0,0,0,0,0,1,0,0,0,1
0,-0.019135231695857704,-1.4983904219721222,-0.7407551747359027,0,1,0,0,1,0,0,0,1,1,0,1,0,1,0,1,0,1,0,1,0,1,0,0,0,0,1
0,0.7145638918657667,1.4433867182019873,1.3873224638902035,0,1,1,1,1,0,1,1,0,0,1,0,1,0,1,0,0,0,1,0,1,1,0,1,0,1,0
0,1.0406523912264887,1.3369572456349192,1.640312102937023,0,1,1,1,1,0,1,1,0,0,0,0,0,0,1,0,1,0,1,0,1,1,0,1,0,0,0
0,1.3259798281671205,0.8513727770476726,1.6195991139174948,0,0,1,1,1,0,1,0,0,0,1,0,1,0,1,0,1,0,1,0,1,0,1,1,0,0,1
0,1.2852187657470302,0.7166729758299774,1.3920209374377643,0,0,0,0,1,0,1,0,0,0,1,0,1,0,1,0,1,0,1,0,1,0,1,1,1,0,0
0,1.3667408905872107,0.06811837737440772,0.9191736183508682,0,0,1,0,1,0,1,0,0,0,1,0,1,0,1,0,0,0,0,0,0,0,1,0,0,0,0
0,0.22543114282468377,1.5248717831361487,0.944915959336799,0,1,1,0,1,0,1,1,0,0,1,0,0,0,1,0,1,0,1,0,1,1,0,1,0,1,0
0,-0.5082679807369407,-1.4917385799366805,-0.825129171540688,0,0,1,0,1,0,0,0,1,1,0,1,0,1,0,1,0,1,0,1,0,1,0,1,0,0,1
0,0.14390901798450328,0.6667841605641643,0.3443054534542642,1,1,0,0,1,0,1,1,0,0,0,0,0,0,0,0,0,0,0,0,1,0,0,1,0,1,0
1,1.2852187657470302,1.2388425756121535,1.9417423425023537,0,1,0,0,1,0,1,1,0,0,0,0,0,0,1,0,1,0,1,0,1,1,0,0,0,1,0
0,-1.2827281667186554,-1.4834237773923784,-0.9999212109344445,1,1,0,0,1,0,0,0,1,1,0,1,0,1,0,1,0,1,0,1,0,0,0,0,0,0,1
0,1.1221745160666692,0.17621081045033601,0.8549611465342066,0,0,0,0,1,0,0,0,0,0,0,0,1,0,1,0,1,0,1,0,0,1,0,1,1,0,0
0,-1.2827281667186554,0.31589949319461214,-0.976053847655287,1,1,0,0,1,0,0,1,0,0,0,0,1,0,0,0,0,0,0,0,0,0,0,1,0,1,0
0,0.7145638918657667,0.5054769912047018,0.7744473979492481,0,0,1,1,1,0,1,0,0,0,1,0,1,0,1,0,1,0,0,0,1,1,0,1,0,0,0
0,-1.2827281667186554,-0.09318879198505475,-0.9814802537243006,1,1,0,0,1,0,1,0,0,0,0,0,0,0,1,0,1,0,0,0,0,0,0,0,0,0,1
0,1.6113072651077522,-0.5205696427621863,0.5709571703612365,0,0,1,0,0,1,0,0,0,0,1,0,1,0,1,0,0,0,0,0,1,0,1,1,0,1,0
0,1.1221745160666692,-1.4751089748480761,-0.4799788635656618,0,1,1,0,1,0,0,0,1,1,0,1,0,1,0,1,0,1,0,1,0,0,1,1,0,0,0
0,0.5515196421854057,-0.8847579942026217,-0.2344450182234225,0,1,0,0,0,1,0,0,0,0,1,0,0,0,1,0,1,0,0,0,0,0,1,0,0,0,1
0,1.4890240778474815,-0.3293291842432363,0.6554635185335588,0,0,1,1,0,1,0,0,0,0,0,0,1,0,1,0,0,0,1,0,1,0,1,1,1,0,0
1,-0.05989629411594795,1.0559169196375058,0.2608137990997251,0,1,0,0,1,0,1,1,0,0,0,0,0,0,1,0,1,0,1,0,0,0,0,1,0,0,0
0,-0.5490290431570309,-1.4950645009544015,-0.8510479810166678,0,1,1,1,1,0,0,0,1,1,0,1,0,1,0,1,0,1,0,1,0,1,0,0,0,0,1
0,1.570546202687662,-1.4950645009544015,-0.39240637537873424,0,0,1,1,1,0,0,0,1,1,0,1,0,1,0,1,0,1,0,1,0,0,1,0,1,0,0
0,-0.8343564800976626,0.6568063975110013,-0.5853746692475608,0,1,1,0,1,0,0,1,0,0,1,0,1,0,1,0,0,0,0,0,0,0,0,1,0,1,0
0,0.26619220524477405,0.5038140306958415,0.3953710227622585,1,1,1,1,1,0,0,0,0,0,1,0,0,0,1,0,1,0,1,0,1,1,0,0,1,0,0
0,0.46999751734522527,0.6784248841261872,0.6253094652963976,0,1,0,0,1,0,1,0,0,0,0,0,1,0,1,0,1,0,1,0,1,1,0,1,0,0,0
0,0.9591302663863083,0.5453880434173524,1.0295326003154015,0,0,1,1,1,0,1,0,0,0,1,0,1,0,1,0,1,0,1,0,0,0,1,0,1,0,0
0,1.6113072651077522,1.6845159919867503,2.6584911733985335,0,0,1,0,1,0,1,1,0,0,1,0,1,0,1,0,1,0,1,0,1,0,1,1,0,0,0
0,-1.1196839170382944,1.305360995966571,-0.769784241349,1,1,0,0,1,0,1,1,0,0,0,0,1,0,1,0,0,0,1,0,1,0,0,0,0,0,1
0,-0.8751175425177529,0.4705548205186328,-0.5988745087363265,0,0,0,0,1,0,1,1,0,0,1,0,0,0,0,0,0,0,0,0,0,0,0,1,0,0,0
1,-0.34522373105657966,-0.8564876655519943,-0.580345317281158,1,1,1,0,0,1,0,0,0,0,1,0,0,0,0,0,0,0,0,0,1,0,0,0,0,0,0
1,-0.712073292837392,0.9910614597919492,-0.4419278453987978,0,0,1,0,1,0,0,1,0,0,0,0,1,0,0,0,0,0,1,0,1,0,0,1,0,1,0
0,1.6113072651077522,-1.4651312117949136,-0.33774526058598703,0,1,0,0,1,0,0,0,1,1,0,1,0,1,0,1,0,1,0,1,0,0,1,1,0,0,1
0,0.9591302663863083,-0.17799977793693683,0.4863846465051459,0,1,1,0,1,0,1,0,0,0,0,0,1,0,1,0,0,0,0,0,0,0,1,0,1,0,0
1,1.2852187657470302,-1.4900756194278202,-0.48030974198450405,0,1,0,0,1,0,0,0,1,1,0,1,0,1,0,1,0,1,0,1,0,0,1,1,0,0,0
0,0.06238689314432279,1.1839648788197594,0.4975903956232717,0,0,1,0,1,0,1,1,0,0,0,0,0,0,1,0,0,0,1,0,1,0,0,1,0,1,0
0,-1.2419671042985652,0.38740679507561104,-0.9371866627219455,1,1,0,0,1,0,1,1,0,0,0,0,0,0,0,0,0,0,0,0,0,0,0,1,0,1,0
0,0.10314795556441304,-1.4717830538303551,-0.676211824500399,0,1,0,0,1,0,0,0,1,1,0,1,0,1,0,1,0,1,0,1,0,1,0,0,0,0,0
0,-0.4267458558967602,-1.481760816883518,-0.8027617904269488,0,1,0,0,1,0,0,0,1,1,0,1,0,1,0,1,0,1,0,1,0,1,0,0,1,0,0
0,-1.1196839170382944,-0.5205696427621863,-0.9131648895139947,1,1,0,0,1,0,0,0,0,0,0,0,0,0,0,0,1,0,0,0,0,0,0,1,0,1,0
0,-0.9566396673579334,-0.8415210209722505,-0.844298061272285,0,1,0,0,0,1,0,0,0,0,1,0,1,0,1,0,0,0,0,0,0,1,0,0,0,0,1
0,-0.8751175425177529,-1.3869720678784732,-0.9006797438430121,1,1,0,0,1,0,1,0,1,1,0,1,0,1,0,1,0,1,0,1,0,0,0,0,1,0,0
0,-0.3859847934766699,-1.4767719353569364,-0.7966074518364822,0,1,0,0,1,0,0,0,1,1,0,1,0,1,0,1,0,1,0,1,0,1,0,0,0,0,1
0,-1.1604449794583847,0.5320843593464687,-0.87529033983718,1,0,1,1,1,0,0,1,0,0,0,0,0,0,0,0,0,0,0,0,1,0,0,0,0,1,0
0,1.4482630154273912,-1.3171277265063348,-0.24642281698551352,0,1,1,0,1,0,1,0,1,1,0,1,0,1,0,1,0,1,0,1,0,0,1,0,0,0,0
0,0.021625830724232544,0.8779801451894393,0.2987986415828207,0,1,1,0,1,0,0,1,0,0,0,0,0,0,0,0,0,0,1,0,1,0,0,0,0,1,0
0,-0.05989629411594795,0.2527069938579159,-0.05757947407158755,0,1,0,0,1,0,0,0,0,0,1,0,1,0,1,0,1,0,1,0,0,0,0,1,0,0,0
0,-1.2827281667186554,-0.15804425183061158,-0.9823405376132907,1,1,0,0,1,0,1,0,0,0,0,0,1,0,0,0,1,0,0,0,0,0,0,0,0,0,1
0,0.9591302663863083,-1.501716342989843,-0.5447869165362392,0,0,0,0,1,0,0,0,1,1,0,1,0,1,0,1,0,1,0,1,0,0,1,0,0,0,0
0,-1.2827281667186554,0.46889186000977245,-0.974024460019721,1,1,0,0,1,0,0,1,0,0,0,0,0,0,0,0,0,0,1,0,0,0,0,1,0,1,0
0,1.3667408905872107,0.3408439008275187,1.2027364232987152,0,1,1,1,1,0,0,0,0,0,1,0,1,0,1,0,1,0,1,0,0,1,0,1,0,1,0
0,1.6113072651077522,-1.325442529050637,-0.24170228487669676,0,1,1,1,1,0,1,0,1,1,0,1,0,1,0,1,0,1,0,1,0,0,1,0,0,0,0
1,0.06238689314432279,0.1429516002731273,-0.005146273965711857,0,1,0,0,1,0,0,1,0,0,0,0,0,0,0,0,0,0,0,0,0,0,0,0,1,0,0
0,1.0406523912264887,0.8879579082426019,1.4227264547063292,0,0,1,1,1,0,0,1,0,0,0,0,1,0,1,0,0,0,1,0,0,0,0,1,0,1,0
0,-1.2419671042985652,-0.6552694439798817,-0.9653995625685651,1,1,0,0,1,0,0,0,0,0,0,0,0,0,0,0,0,0,0,0,0,0,0,1,0,1,0
0,0.18467008040459354,-0.9662430591367831,-0.4278765418786282,0,1,0,0,0,1,0,0,0,0,0,0,0,0,0,0,0,0,1,0,0,0,1,0,1,0,0
0,1.570546202687662,1.60635684807031,2.5175590255329725,0,0,0,0,1,0,1,1,0,0,1,0,1,0,1,0,1,0,1,0,1,0,1,1,1,0,0
0,-1.2827281667186554,-1.4967274614632617,-1.0000976794244938,0,1,1,1,1,0,0,0,1,1,0,1,0,1,0,1,0,1,0,1,0,1,0,0,1,0,0
1,1.570546202687662,-1.4983904219721222,-0.3963107407210733,0,1,1,1,1,0,0,0,1,1,0,1,0,1,0,1,0,1,0,1,0,0,1,0,1,0,0
0,0.10314795556441304,-1.4950645009544015,-0.7150348923112283,0,1,1,1,1,0,0,0,1,1,0,1,0,1,0,1,0,1,0,1,0,1,0,0,0,1,0
0,-1.0789228546182041,-1.501716342989843,-0.9671863060303135,0,0,1,1,1,0,0,0,1,1,0,1,0,1,0,1,0,1,0,1,0,1,0,0,0,0,1
0,-1.201206041878475,0.48385850458951646,-0.9009223880168298,1,0,0,0,1,0,0,1,0,0,0,0,0,0,0,0,0,0,1,0,0,0,0,1,0,1,0
0,1.4890240778474815,-0.19130346200782028,0.8152557362731312,0,0,1,1,1,0,0,0,0,0,0,0,1,0,1,0,1,0,0,0,0,1,0,0,0,0,0
0,0.46999751734522527,-0.36258839442044505,0.03910319991413118,1,1,0,0,0,1,0,0,0,0,0,0,1,0,1,0,0,0,1,0,1,1,0,1,0,0,1
0,0.8368470791260375,0.8746542241717187,1.1363401539176947,0,0,1,0,1,0,1,1,0,0,0,0,0,0,0,0,1,0,0,0,1,1,0,1,0,1,0
0,-0.34522373105657966,1.1457167871159692,0.06378672995976634,1,0,1,0,1,0,0,1,0,0,0,0,1,0,1,0,0,0,1,0,1,0,0,1,1,0,0
0,-1.1196839170382944,0.13629975823768548,-0.8537832426124308,0,0,1,0,1,0,0,1,0,0,0,0,0,0,0,0,0,0,0,0,0,0,0,1,0,1,0
0,-1.2419671042985652,-0.4424104988457461,-0.9620025441351177,0,0,0,1,1,0,0,0,0,0,0,0,1,0,0,0,0,0,0,0,0,0,0,0,0,0,1
0,1.2036966409068497,-1.3453980551569622,-0.3854799871443022,0,1,0,1,1,0,1,0,1,1,0,1,0,1,0,1,0,1,0,1,0,0,1,1,0,0,1
0,-0.5490290431570309,1.0625687616729476,-0.23987142429243613,0,0,1,0,1,0,0,1,0,0,0,0,0,0,1,0,0,0,1,0,1,0,0,1,0,1,0
0,-0.9566396673579334,0.17288488943261485,-0.7187848477247744,0,1,0,0,1,0,0,1,0,0,0,0,0,0,0,0,0,0,0,0,0,0,0,0,0,0,1
0,0.8368470791260375,-1.5083681850252848,-0.5454045562514116,0,1,0,0,1,0,0,0,1,1,0,1,0,1,0,1,0,1,0,1,0,0,1,0,1,0,0
0,-1.1196839170382944,0.4622400179743306,-0.8207615764119698,0,1,0,0,1,0,0,1,0,0,0,0,0,0,0,0,0,0,0,0,1,0,0,0,0,0,1
1,1.570546202687662,0.14461456078198764,1.189280700932462,0,0,1,1,1,0,1,0,0,0,1,0,1,0,0,0,0,0,1,0,0,1,0,0,0,1,0
0,-1.2827281667186554,-1.5067052245164245,-1.0002300307920307,0,0,0,0,1,0,0,0,1,1,0,1,0,1,0,1,0,1,0,1,0,0,0,1,0,0,1
0,-0.5897901055771212,0.5254325173110274,-0.36831842648701507,1,1,0,0,1,0,1,1,0,0,0,0,1,0,0,0,0,0,0,0,0,0,0,1,0,1,0
0,1.6113072651077522,1.2903943513868275,2.3593991413263553,0,1,0,0,1,0,1,1,0,0,0,0,1,0,1,0,0,0,1,0,1,0,1,1,0,1,0
0,-1.1604449794583847,-0.3376439867875385,-0.9051576317780111,0,0,1,0,1,0,0,0,0,0,1,0,1,0,0,0,0,0,0,0,0,0,0,0,0,0,1
0,1.081413453646579,-0.35593655238500344,0.36590078492403816,0,1,0,0,1,0,1,0,0,0,0,0,0,0,1,0,0,0,0,0,0,0,1,0,1,0,0
0,-1.2827281667186554,0.20780706011868388,-0.977487654136937,1,0,0,0,1,0,0,1,0,0,0,0,0,0,0,0,0,0,0,0,0,0,0,0,0,0,1
1,-0.05989629411594795,0.6651212000553035,0.15292537599588077,0,0,1,0,1,0,1,1,0,0,0,0,0,0,0,0,0,0,0,0,1,0,0,1,0,1,0
0,-1.201206041878475,-1.4917385799366805,-0.9869507769158266,0,1,1,0,1,0,0,0,1,1,0,1,0,1,0,1,0,1,0,1,0,0,0,0,0,0,0
1,1.3259798281671205,1.37686829784757,2.0704319888707508,1,0,1,0,1,0,1,1,0,0,0,0,1,0,1,0,0,0,1,0,1,1,0,1,0,1,0
0,0.6738028294456765,1.144053826607109,1.1620604363423692,0,1,1,0,1,0,0,1,0,0,0,0,0,0,1,0,1,0,1,0,1,1,0,1,1,0,0
0,-1.2419671042985652,-1.513357066551866,-0.9884066419587327,0,1,0,0,1,0,0,0,1,1,0,1,0,1,0,1,0,1,0,1,0,0,0,0,0,0,1
0,0.8368470791260375,-1.4651312117949136,-0.5580661704124434,1,0,1,0,1,0,0,0,1,1,0,1,0,1,0,1,0,1,0,1,0,1,0,0,0,0,0
0,0.918369203966218,0.9943873808096698,1.3188085726285925,0,0,1,0,1,0,0,1,0,0,1,0,0,0,0,0,0,0,1,0,1,1,0,1,0,1,0
0,1.6113072651077522,1.6362901372297975,2.6481015910468857,0,1,1,1,1,0,1,1,0,0,1,0,1,0,1,0,1,0,1,0,1,0,1,1,1,0,0
1,0.14390901798450328,0.3341920587920773,0.16441788641033636,0,0,0,0,1,0,1,1,0,0,0,0,0,0,0,0,0,0,0,0,0,0,0,1,0,0,0
0,-0.9158786049378431,-1.4983904219721222,-0.9220544897002244,0,0,1,1,1,0,0,0,1,1,0,1,0,1,0,1,0,1,0,1,0,0,0,1,0,0,0
1,-1.2827281667186554,0.9694429731767633,-0.9673848330816188,1,1,0,0,1,0,1,1,0,0,0,0,0,0,0,0,0,0,1,0,1,0,0,1,0,1,0
0,1.6113072651077522,0.5320843593464687,1.5608571652923595,0,0,1,1,1,0,1,0,0,0,1,0,1,0,1,0,1,0,0,0,1,0,1,0,0,0,0
0,-0.1821794813762187,-0.3393069472963991,-0.33937759411894236,0,0,0,0,1,0,0,0,0,0,0,0,1,0,0,0,1,0,0,0,0,0,0,0,0,0,0
0,0.22543114282468377,0.8929467897691834,0.5260018225211969,0,1,1,0,1,0,1,1,0,0,1,0,0,0,0,0,0,0,1,0,0,0,0,0,0,0,0
0,1.1629355784867594,1.787619543536097,2.2406799646457394,0,0,0,0,1,0,1,1,0,0,1,0,1,0,1,0,1,0,1,0,1,1,0,1,0,1,0
0,0.7960860167059473,-1.340409173630381,-0.421633969043137,0,1,1,1,1,0,1,0,1,1,0,1,0,1,0,1,0,1,0,1,0,0,1,0,0,0,1
0,1.407501953007301,-1.510031145534145,-0.48123620155726243,0,1,0,0,1,0,0,0,1,1,0,1,0,1,0,1,0,1,0,1,0,1,0,1,0,0,1
0,0.06238689314432279,1.7061344786019361,0.7324037801950206,0,0,0,1,1,0,1,1,0,0,1,0,1,0,1,0,1,0,1,0,1,0,1,1,1,0,0
0,0.8776081415461278,0.5237695568021665,0.888159281224717,0,0,0,0,1,0,0,0,0,0,1,0,0,0,1,0,1,0,1,0,1,0,1,0,0,1,0
0,-1.2827281667186554,-1.481760816883518,-0.9998991523731884,0,0,1,0,1,0,0,0,1,1,0,1,0,1,0,1,0,1,0,1,0,0,0,1,0,0,0
1,-0.712073292837392,0.831417250941347,-0.3802079910040816,1,0,0,0,1,0,1,1,0,0,0,0,1,0,0,0,0,0,0,0,1,0,0,0,0,1,0
0,-1.1604449794583847,-0.6269991153292543,-0.923444179059362,1,0,0,0,1,0,0,0,0,0,0,0,0,0,0,0,0,0,0,0,0,0,0,1,0,0,1
0,-0.9566396673579334,0.04649989075922188,-0.7350861244930714,1,0,0,0,1,0,0,0,0,0,0,0,1,0,0,0,1,0,1,0,0,0,0,0,0,0,1
0,0.5515196421854057,1.1623463922045736,0.9284382140784524,0,0,0,1,1,0,0,1,0,0,0,0,1,0,1,0,0,0,1,0,1,0,0,1,0,1,0
0,-0.4267458558967602,0.8364061324679285,-0.12924773959282873,1,0,0,0,1,0,1,1,0,0,0,0,0,0,0,0,1,0,1,0,0,0,0,1,0,1,0
0,0.22543114282468377,0.18618857350349852,0.13713144613647513,1,1,0,0,1,0,0,1,0,0,0,0,0,0,0,0,0,0,0,0,0,1,0,1,0,0,0
0,0.918369203966218,0.33751797980979803,0.8501964973028775,0,0,1,1,1,0,1,0,0,0,1,0,1,0,0,0,1,0,1,0,0,1,0,1,1,0,0
0,-1.2827281667186554,-1.4950645009544015,-1.0000756208632375,0,0,0,0,1,0,0,0,1,1,0,1,0,1,0,1,0,1,0,1,0,0,0,0,0,0,1
1,1.2852187657470302,0.513791793749004,1.2048099280567937,0,1,1,0,1,0,0,1,0,0,1,0,0,0,1,0,0,0,0,0,0,1,0,0,1,0,0
0,0.8368470791260375,-1.5000533824809827,-0.5445883894849339,1,1,0,1,1,0,0,0,1,1,0,1,0,1,0,1,0,1,0,1,0,0,1,0,0,0,0
0,1.0406523912264887,0.6468286344578388,1.1601192829518274,0,0,1,0,1,0,1,0,0,0,1,0,0,0,1,0,1,0,1,0,1,0,1,1,0,1,0
0,0.9591302663863083,-0.3592624734027243,0.29692366387604774,0,1,1,0,0,1,0,0,0,0,0,0,0,0,1,0,1,0,1,0,1,1,0,1,0,0,0
0,1.6113072651077522,1.3319683641083384,2.326201006635845,0,1,1,1,1,0,0,1,0,0,1,0,0,0,1,0,1,0,1,0,1,0,1,1,1,0,0
0,-1.2827281667186554,-0.36258839442044505,-0.9850537406477975,1,1,0,0,1,0,0,0,0,0,1,0,0,0,0,0,1,0,0,0,0,0,0,1,0,1,0
1,1.6113072651077522,1.0775354062526916,2.1380635376821155,0,1,1,0,1,0,1,1,0,0,0,0,1,0,0,0,0,0,1,0,1,1,0,1,1,0,0
0,-0.4267458558967602,0.6052546217363279,-0.21505554287926398,0,1,0,0,1,0,1,1,0,0,0,0,0,0,0,0,0,0,0,0,1,0,0,0,0,1,0
1,-0.9974007297780236,1.3519238902146633,-0.6428813384423518,1,0,0,0,1,0,1,1,0,0,0,0,1,0,1,0,0,0,1,0,1,0,0,1,0,1,0
0,-0.6713122304173017,0.5370732408730502,-0.4299721051979628,1,0,0,1,1,0,0,1,0,0,0,0,0,0,0,0,0,0,1,0,0,0,0,1,0,1,0
0,0.26619220524477405,-0.7899692451975768,-0.30428242316040294,0,0,0,0,0,1,0,0,0,0,0,0,1,0,1,0,1,0,0,0,0,0,0,0,0,0,0
0,-0.8343564800976626,-0.660258325506463,-0.7775267963499098,0,0,0,0,1,0,0,0,0,0,0,0,0,0,0,0,0,0,0,0,0,0,0,1,0,0,0
0,0.8776081415461278,0.32255133523005397,0.8402922032988649,0,1,1,0,1,0,0,0,0,0,1,0,1,0,0,0,0,0,1,0,1,0,1,1,0,0,0
0,-0.5897901055771212,-0.8199025343570646,-0.6947630745168236,0,0,0,0,0,1,0,0,0,0,1,0,1,0,0,0,1,0,0,0,0,1,0,1,0,0,1
0,-0.019135231695857704,0.18785153401235885,-0.0375061833284883,0,1,1,0,1,0,0,0,0,0,1,0,1,0,0,0,1,0,0,0,1,1,0,0,0,0,1
0,0.3477143300849545,-1.5000533824809827,-0.6528518081301329,0,0,0,0,1,0,0,0,1,1,0,1,0,1,0,1,0,1,0,1,0,1,0,1,0,0,1
0,1.407501953007301,-1.3370832526126601,-0.29395901649252326,0,1,1,1,1,0,1,0,1,1,0,1,0,1,0,1,0,1,0,1,0,0,1,0,0,0,0
0,1.3259798281671205,1.3103498774931526,1.996822569958968,0,1,1,0,1,0,1,1,0,0,1,0,0,0,1,0,0,0,1,0,1,0,0,1,0,1,0
0,-0.3044626686364894,0.44893633390344695,-0.1980263335895138,0,0,0,0,1,0,1,0,0,0,1,0,1,0,1,0,1,0,1,0,0,0,0,1,0,0,0
0,-1.2827281667186554,0.16457008688831268,-0.9780611767295968,1,0,1,1,1,0,0,1,0,0,0,0,0,0,0,0,0,0,0,0,0,0,0,1,0,1,0
0,1.407501953007301,1.49161257295894,2.2313050761118745,0,0,1,0,1,0,1,1,0,0,0,0,1,0,1,0,1,0,1,0,1,1,0,1,1,0,0
1,-1.0381617921981139,0.29594396708828713,-0.7683504348673501,1,1,0,0,1,0,1,1,0,0,0,0,0,0,0,0,0,0,0,0,0,0,0,0,0,0,1
1,0.429236454925135,-1.0444022030532234,-0.34698779775231514,0,0,0,0,0,1,0,0,0,0,1,0,1,0,0,0,0,0,0,0,0,0,0,1,1,0,0
0,-0.34522373105657966,0.9893984992830883,-0.0015948456034711406,0,0,0,0,1,0,0,1,0,0,1,0,0,0,0,0,0,0,1,0,1,0,0,1,0,1,0
1,-0.9566396673579334,-0.34263286831412,-0.7908942844711385,1,1,0,0,1,0,1,0,0,0,1,0,0,0,0,0,0,0,0,0,0,0,0,0,0,1,0
0,1.4890240778474815,-1.4850867379012387,-0.40158273686129387,0,1,1,1,1,0,0,0,1,1,0,1,0,1,0,1,0,1,0,1,0,0,1,0,0,0,0
0,0.18467008040459354,-1.481760816883518,-0.6755941847852267,0,0,0,1,1,0,0,0,1,1,0,1,0,1,0,1,0,1,0,1,0,1,0,0,0,0,0
0,-0.5082679807369407,-0.8465099024988317,-0.6447121990266125,0,1,1,1,0,1,0,0,0,0,1,0,0,0,1,0,1,0,0,0,0,0,1,1,1,0,0
0,-1.0381617921981139,0.1429516002731273,-0.793276609086803,0,1,0,0,1,0,0,1,0,0,0,0,0,0,0,0,0,0,0,0,0,0,0,0,0,0,0
1,0.18467008040459354,0.3790919925313089,0.2447551665052458,1,0,0,0,1,0,1,1,0,0,0,0,0,0,0,0,0,0,0,0,0,0,0,1,0,1,0
0,-1.1196839170382944,0.9661170521590426,-0.7940707172920246,1,0,0,0,1,0,1,1,0,0,0,0,0,0,0,0,0,0,1,0,1,0,0,1,0,0,1
0,0.3477143300849545,-0.4490623408811877,-0.09338051899032394,0,1,0,0,0,1,0,0,0,0,0,0,0,0,1,0,0,0,1,0,1,1,0,1,0,1,0
0,0.8776081415461278,1.1706611947488759,1.3291981549802403,0,0,0,0,1,0,0,1,0,0,1,0,1,0,0,0,0,0,1,0,1,1,0,1,1,0,0
1,-1.201206041878475,0.18452561299463818,-0.9185471784604962,1,0,0,0,1,0,0,1,0,0,0,0,0,0,0,0,0,0,0,0,0,0,0,1,0,1,0
1,1.4890240778474815,-1.481760816883518,-0.4104943956087797,0,1,0,0,1,0,0,0,1,1,0,1,0,1,0,1,0,1,0,1,0,0,1,0,1,0,0
0,0.8368470791260375,0.9844096177565073,1.2158612672461262,0,0,0,0,1,0,0,1,0,0,0,0,1,0,1,0,1,0,0,0,1,1,0,1,1,0,0
0,-0.5897901055771212,-0.6136954312583709,-0.6504474249532122,0,1,1,1,0,1,0,0,0,0,0,0,1,0,1,0,0,0,1,0,0,1,0,0,1,0,0
0,1.2852187657470302,1.3036980354577106,1.9053236578684454,0,1,1,0,1,0,0,1,0,0,1,0,1,0,0,0,1,0,1,0,1,0,1,1,1,0,0
0,-0.05989629411594795,0.8746542241717187,0.31265141805168467,1,0,1,1,1,0,1,1,0,0,0,0,1,0,0,0,0,0,0,0,1,0,0,1,0,1,0
0,-0.5082679807369407,-1.3287684500683579,-0.7856443468921741,0,0,0,0,0,1,0,0,0,0,0,0,0,0,0,0,0,0,0,0,0,0,0,0,1,0,0
0,0.9998913288063985,-0.17467385691921591,0.5393913692036817,0,1,1,1,1,0,0,0,0,0,1,0,1,0,0,0,1,0,0,0,0,1,0,0,0,0,1
1,1.24445770332694,1.4517015207462896,2.075770160694739,0,1,1,0,1,0,1,1,0,0,1,0,1,0,1,0,0,0,1,0,1,0,1,0,1,0,0
0,-0.7935954176775724,-0.8082618107950418,-0.7484094954917878,0,1,1,1,0,1,0,0,0,0,1,0,1,0,0,0,1,0,0,0,0,0,1,0,0,0,1
1,0.6330417670255862,-0.19629234353440153,0.221880438482615,0,0,1,0,1,0,0,0,0,0,0,0,1,0,0,0,0,0,0,0,1,1,0,1,0,0,0
0,-1.2419671042985652,0.20281817859210285,-0.9479953577374605,1,0,0,0,1,0,0,1,0,0,0,0,0,0,0,0,0,0,0,0,0,0,0,1,0,1,0
0,0.9998913288063985,-1.466794172303774,-0.5133534667462212,0,1,1,1,1,0,0,0,1,1,0,1,0,1,0,1,0,1,0,1,0,0,1,0,0,0,1
0,1.570546202687662,1.60635684807031,2.4998901179667934,0,1,1,0,1,0,1,1,0,0,0,0,1,0,1,0,1,0,1,0,1,1,0,1,0,0,0
0,-1.0381617921981139,-0.53387332683307,-0.85453323369514,0,0,1,1,1,0,1,0,0,0,0,0,0,0,0,0,0,0,0,0,0,0,0,0,0,1,0
0,-0.6713122304173017,-0.05992958180784605,-0.538103172475625,0,0,0,0,1,0,1,0,0,0,0,0,0,0,0,0,0,0,0,0,1,0,0,1,0,0,0
0,0.06238689314432279,1.1972685628906428,0.5472883341333845,0,1,1,0,1,0,1,1,0,0,0,0,0,0,1,0,0,0,1,0,1,0,0,0,0,1,0
0,0.18467008040459354,1.1523686291514113,0.6508312206697667,1,0,1,0,1,0,1,1,0,0,0,0,0,0,1,0,0,0,1,0,1,0,0,1,0,1,0
0,-0.6713122304173017,0.5221065962933062,-0.45787618518699635,0,1,0,0,1,0,1,1,0,0,0,0,1,0,0,0,0,0,0,0,0,0,0,1,0,0,1
0,0.6330417670255862,-0.015029648068614022,0.3302541499340948,0,1,0,1,1,0,1,0,0,0,1,0,1,0,1,0,0,0,0,0,0,1,0,1,0,0,0
0,1.0406523912264887,0.34416982184523986,0.8885342767660717,0,1,1,1,1,0,0,0,0,0,0,0,1,0,0,0,1,0,1,0,1,1,0,1,1,0,0
0,1.6113072651077522,0.6667841605641643,1.6669809034957117,0,0,1,0,1,0,1,0,0,0,1,0,0,0,1,0,1,0,1,0,1,0,1,1,0,0,0
0,-1.0381617921981139,-1.5150200270607266,-0.9449071591615991,0,0,0,0,1,0,0,0,1,1,0,1,0,1,0,1,0,1,0,1,0,0,0,0,0,0,1
0,0.22543114282468377,0.6335249503869557,0.41771634531474156,1,0,0,0,1,0,0,1,0,0,1,0,1,0,1,0,0,0,0,0,0,0,0,1,1,0,0
1,0.6330417670255862,1.7493714518323074,1.3906312480786265,1,0,1,0,1,0,1,1,0,0,1,0,1,0,1,0,1,0,1,0,1,0,0,0,0,1,0
0,-0.9158786049378431,1.315338759019734,-0.5317503068338528,1,1,0,0,1,0,0,1,0,0,1,0,1,0,1,0,0,0,1,0,1,0,0,1,0,1,0
0,-0.1006573565360382,0.32587725624777514,0.009632962075910667,0,0,0,0,1,0,0,0,0,0,1,0,1,0,1,0,1,0,1,0,0,1,0,0,1,0,0
0,-0.05989629411594795,-0.19296642251668086,-0.17821774558148842,0,1,1,0,1,0,1,0,0,0,0,0,0,0,0,0,0,0,1,0,0,0,0,1,1,0,0
1,0.5515196421854057,0.14128863976426648,0.4273118194611681,0,0,0,0,1,0,1,0,0,0,0,0,0,0,1,0,1,0,0,0,1,1,0,1,1,0,0
0,0.7145638918657667,-1.4734460143392158,-0.537838469740551,0,1,1,0,1,0,0,0,1,1,0,1,0,1,0,1,0,1,0,1,0,0,1,0,0,0,1
0,-0.1821794813762187,0.3890697555844714,-0.09765987987401754,0,1,1,0,1,0,0,1,0,0,0,0,0,0,0,0,1,0,0,0,0,0,0,0,0,0,0
0,1.3667408905872107,-0.07822214740531074,0.8160057273558403,0,0,0,0,0,1,0,0,0,0,1,0,1,0,1,0,1,0,1,0,1,0,1,1,0,0,0
1,-0.9974007297780236,-1.1791020042709188,-0.9109590333883794,1,1,0,0,0,1,0,0,0,0,0,0,0,0,1,0,0,0,0,0,0,0,0,1,0,1,0
0,0.3477143300849545,0.9993762623362513,0.6887719460303499,0,0,1,1,1,0,0,1,0,0,0,0,0,0,1,0,0,0,1,0,1,0,0,1,0,0,0
1,1.6113072651077522,1.556468032804497,2.5305956352353585,0,1,1,0,1,0,1,1,0,0,0,0,1,0,1,0,1,0,1,0,1,0,1,1,0,0,0
0,-1.0381617921981139,-1.4950645009544015,-0.9324661306131286,0,0,0,0,1,0,0,0,1,1,0,1,0,1,0,1,0,1,0,1,0,1,0,0,0,0,1
0,0.22543114282468377,-1.4767719353569364,-0.6641899086157956,0,0,1,1,1,0,0,0,1,1,0,1,0,1,0,1,0,1,0,1,0,0,0,0,0,0,1
0,0.46999751734522527,1.3702164558121281,0.9811802340419143,0,1,0,0,1,0,0,1,0,0,1,0,1,0,1,0,0,0,1,0,1,1,0,1,0,1,0
0,0.592280704605496,1.6163346111234727,1.337205412716224,0,1,1,1,1,0,1,1,0,0,1,0,1,0,1,0,1,0,1,0,1,1,0,1,0,0,0
0,0.8368470791260375,0.9212171184198106,1.0997008836712243,0,1,1,1,1,0,0,1,0,0,0,0,1,0,0,0,1,0,1,0,0,0,0,1,0,1,0
0,-1.1604449794583847,0.02488140414403604,-0.8985180048399092,0,1,1,0,1,0,1,0,0,0,0,0,0,0,1,0,0,0,1,0,0,0,0,0,0,1,0
1,-0.5082679807369407,0.6484915949666992,-0.23892290615842152,0,1,0,0,1,0,1,1,0,0,0,0,0,0,0,0,0,0,1,0,0,0,0,1,0,1,0
0,-1.2419671042985652,-0.6718990490684861,-0.9758112034814693,1,1,0,0,1,0,0,0,0,0,0,0,0,0,0,0,0,0,0,0,0,0,0,0,0,0,1
1,0.9998913288063985,0.20780706011868388,0.817638060888796,0,1,1,0,1,0,1,0,0,0,0,0,1,0,1,0,0,0,1,0,0,1,0,1,1,0,0
1,0.46999751734522527,0.6750989631084665,0.6104640535710066,0,0,1,0,1,0,0,1,0,0,1,0,1,0,0,0,1,0,0,0,0,0,0,1,0,1,0
0,-0.34522373105657966,-0.503940037673582,-0.49365517154447663,0,1,0,0,1,0,0,0,0,0,0,0,0,0,1,0,0,0,0,0,0,0,0,1,0,0,1
0,-0.712073292837392,-1.1524946361291517,-0.8016588623641412,0,1,1,1,0,1,0,0,0,0,1,0,0,0,0,0,0,0,0,0,0,0,0,1,0,0,0
0,-1.201206041878475,-1.3171277265063348,-0.9828699430834382,1,0,0,0,0,1,0,0,0,0,0,0,0,0,0,0,0,0,0,0,0,0,0,0,0,1,0
0,-1.1604449794583847,0.6385138319135366,-0.8617022661033897,1,0,0,1,1,0,1,1,0,0,0,0,1,0,1,0,0,0,0,0,0,0,0,0,0,0,0
1,0.18467008040459354,0.6933915287059312,0.3901652023058065,1,1,1,0,1,0,1,1,0,0,0,0,0,0,0,0,0,0,1,0,0,0,0,1,0,1,0
0,-1.2827281667186554,0.32754021675663547,-0.975899437726494,1,0,0,0,1,0,0,1,0,0,0,0,1,0,0,0,0,0,0,0,0,0,0,1,0,1,0
0,-0.34522373105657966,-0.2827662899951442,-0.3995092321032155,0,0,0,0,1,0,0,0,0,0,1,0,0,0,0,0,1,0,0,0,0,0,0,0,1,0,0
0,-1.1196839170382944,0.8630135006096954,-0.8079014351996325,1,0,0,0,1,0,1,1,0,0,0,0,1,0,0,0,0,0,1,0,0,0,0,1,0,1,0
0,0.021625830724232544,1.4201052710779412,0.5994347729429301,0,0,0,0,1,0,1,1,0,0,0,0,1,0,1,0,0,0,1,0,1,0,0,0,0,1,0
0,1.0406523912264887,-1.4967274614632617,-0.49760365400932804,0,0,1,1,1,0,0,0,1,1,0,1,0,1,0,1,0,1,0,1,0,0,1,1,0,0,1
0,1.6113072651077522,1.03263547251346,2.0591159469463434,0,0,1,1,1,0,1,1,0,0,1,0,1,0,0,0,0,0,1,0,0,0,1,1,0,0,0
0,1.570546202687662,-1.363690620754427,-0.27117252271491726,0,0,1,0,1,0,1,0,1,1,0,1,0,1,0,1,0,1,0,1,0,0,1,0,0,0,1
1,-0.1821794813762187,1.3735423768298491,0.3819373589572614,1,0,0,0,1,0,1,1,0,0,0,0,1,0,1,0,0,0,1,0,1,0,0,1,0,1,0
0,0.755324954285857,0.6318619898780948,0.891313655484347,0,1,1,0,1,0,0,0,0,0,1,0,1,0,1,0,1,0,1,0,1,0,1,1,1,0,0
0,-0.1006573565360382,0.6817508051439078,0.10748473980820554,1,0,0,0,1,0,0,0,0,0,1,0,1,0,1,0,1,0,1,0,1,1,0,0,0,0,0
1,1.6113072651077522,0.6634582395464431,1.7006643265338572,0,1,1,0,1,0,0,1,0,0,1,0,1,0,0,0,1,0,0,0,0,0,1,1,1,0,0
1,0.14390901798450328,0.8646764611185557,0.39702541485646997,1,1,0,0,1,0,1,1,0,0,1,0,0,0,0,0,0,0,1,0,0,0,0,1,0,1,0
0,-0.7528343552574821,0.3741031110047274,-0.5435075199833824,0,1,0,1,1,0,0,0,0,0,1,0,1,0,1,0,1,0,0,0,1,0,1,0,0,0,0
0,1.6113072651077522,0.32255133523005397,1.3869915854713613,0,0,1,1,1,0,1,0,0,0,1,0,1,0,0,0,1,0,1,0,0,0,1,0,0,0,1
0,-0.4267458558967602,-0.8531617445342734,-0.6339035040110974,0,0,1,1,0,1,0,0,0,0,0,0,1,0,0,0,0,0,1,0,0,0,0,0,0,1,0
0,-1.2419671042985652,0.4888473861160975,-0.9419071948307621,0,0,0,0,1,0,1,1,0,0,0,0,1,0,0,0,0,0,0,0,0,0,0,0,0,1,0
0,-0.712073292837392,-1.505042264007564,-0.8767682634413422,0,0,0,0,1,0,0,0,1,1,0,1,0,1,0,1,0,1,0,1,0,0,0,0,0,0,1
0,0.755324954285857,-1.5067052245164245,-0.5294120993407007,0,1,1,1,1,0,0,0,1,1,0,1,0,1,0,1,0,1,0,1,0,0,1,0,1,0,0
0,1.5297851402675717,-0.8548247050431339,0.17910888820693435,0,1,1,0,0,1,0,0,0,0,1,0,0,0,1,0,1,0,0,0,0,0,1,1,1,0,0
0,1.570546202687662,-1.4884126589189595,-0.3958033938121818,0,0,1,1,1,0,0,0,1,1,0,1,0,1,0,1,0,1,0,1,0,0,1,0,0,0,0
0,0.26619220524477405,1.167335273731155,0.6532135452854313,0,0,1,1,1,0,1,1,0,0,0,0,0,0,0,0,1,0,1,0,1,0,0,1,1,0,0
0,1.1629355784867594,-0.16802201488377433,0.5976700880424379,0,0,1,1,1,0,1,0,0,0,1,0,1,0,0,0,0,0,0,0,0,0,0,0,0,1,0
0,0.7960860167059473,-0.5022770771647217,0.10975677161758934,0,0,0,0,1,0,0,0,0,0,1,0,0,0,0,0,0,0,0,0,0,0,0,1,0,0,0
0,-1.2827281667186554,-0.9679060196456435,-0.9930830569450372,1,0,0,0,0,1,0,0,0,0,0,0,0,0,0,0,0,0,1,0,0,0,0,1,0,1,0
0,1.2852187657470302,1.4517015207462896,2.0267780961448234,0,1,1,0,1,0,1,1,0,0,1,0,0,0,1,0,1,0,1,0,1,1,0,1,0,0,1
0,1.2036966409068497,-0.15638129132175124,0.6469489138886837,0,1,1,0,1,0,0,0,0,0,0,0,1,0,1,0,1,0,0,0,0,0,1,1,1,0,0
0,-0.1006573565360382,-1.5233348296050289,-0.7275862136659794,0,1,1,0,1,0,0,0,1,1,0,1,0,1,0,1,0,1,0,1,0,0,1,0,0,0,1
1,-1.1604449794583847,-0.6269991153292543,-0.9287382337608389,1,0,1,1,1,0,0,0,0,0,0,0,0,0,0,0,0,0,0,0,0,0,0,0,0,1,0
1,1.24445770332694,0.6368508714046763,1.34238917461142,0,1,1,0,1,0,0,0,0,0,1,0,1,0,1,0,1,0,1,0,1,1,0,1,0,0,0
0,-1.2827281667186554,-0.675224970086207,-0.9892007501639541,0,0,0,0,1,0,0,0,0,0,0,0,0,0,0,0,0,0,0,0,0,0,0,1,1,0,0
0,-0.712073292837392,1.2837425093513857,-0.32953947579869813,0,1,1,0,1,0,1,1,0,0,0,0,0,0,1,0,1,0,1,0,1,0,0,1,0,1,0
0,-0.22294054379630893,0.5254325173110274,-0.03397681352750381,0,1,1,1,1,0,0,1,0,0,1,0,1,0,0,0,0,0,0,0,0,1,0,1,1,0,0
0,-1.1604449794583847,-0.25449596134451674,-0.9101428666219018,0,0,0,1,0,1,0,0,0,0,1,0,1,0,1,0,0,0,1,0,1,0,0,1,0,0,1
0,1.6113072651077522,1.526534743645009,2.410972057543241,0,0,1,0,1,0,1,1,0,0,1,0,1,0,1,0,0,0,1,0,1,0,1,1,0,1,0
1,0.5107585797653155,-1.3354202921037994,-0.4907655000199206,0,1,1,0,1,0,1,0,1,1,0,1,0,1,0,1,0,1,0,1,0,1,0,0,1,0,0
1,0.5107585797653155,1.0708835642172498,0.9257029524826895,0,0,0,0,1,0,1,1,0,0,1,0,1,0,0,0,1,0,1,0,0,0,0,1,0,1,0
0,0.14390901798450328,0.38241791354902954,0.1409916943563019,0,0,0,0,1,0,0,0,0,0,1,0,1,0,1,0,1,0,1,0,0,1,0,1,0,0,1
0,-0.6305511679972114,0.8164506063616035,-0.3296938857274912,1,1,1,1,1,0,0,1,0,0,1,0,0,0,1,0,0,0,1,0,0,0,0,1,0,1,0
0,-1.2827281667186554,-1.5283237111316101,-1.0005167920883606,0,1,0,0,1,0,0,0,1,1,0,1,0,1,0,1,0,1,0,1,0,0,0,0,0,0,1
1,-0.6713122304173017,0.3192254142123333,-0.45238360343421435,0,1,0,0,1,0,1,1,0,0,0,0,0,0,0,0,0,0,0,0,0,0,0,1,0,0,0
0,-1.201206041878475,-1.4983904219721222,-0.9832008215022805,1,1,0,0,1,0,0,0,1,1,0,1,0,1,0,1,0,1,0,1,0,0,0,1,0,0,1
0,-1.1604449794583847,-0.4640289854609317,-0.9093266998554241,1,1,1,1,1,0,1,0,0,0,0,0,0,0,0,0,0,0,0,0,0,0,0,1,0,1,0
0,1.570546202687662,0.65015455547556,1.624628465883898,0,0,1,0,1,0,0,0,0,0,1,0,1,0,1,0,1,0,1,0,1,0,1,1,1,0,0
0,-0.9158786049378431,-1.3453980551569622,-0.8968415541844414,0,1,1,1,1,0,1,0,1,1,0,1,0,1,0,1,0,1,0,1,0,0,0,1,0,0,1
0,-0.5082679807369407,-1.4900756194278202,-0.8323864381939624,0,1,1,1,1,0,0,0,1,1,0,1,0,1,0,1,0,1,0,1,0,0,1,0,0,0,1
0,-1.1604449794583847,0.5370732408730502,-0.8584817161599915,1,1,0,0,1,0,0,1,0,0,0,0,0,0,0,0,0,0,1,0,0,0,0,1,0,1,0
0,-0.2637016062163992,1.1141205374476209,0.10082305430884737,1,1,0,0,1,0,1,1,0,0,0,0,0,0,1,0,0,0,1,0,1,0,0,1,0,1,0
0,-1.1604449794583847,-0.31103661864577165,-0.9085546502114588,0,0,0,0,1,0,0,0,0,0,0,0,0,0,0,0,0,0,1,0,0,0,0,0,1,0,0
0,-1.1196839170382944,-0.4607030644432108,-0.8738785919167862,1,1,0,0,0,1,0,0,0,0,0,0,1,0,0,0,0,0,1,0,1,0,0,1,0,0,1
0,-1.1604449794583847,0.891283829260323,-0.8476509625832203,1,0,1,0,1,0,1,1,0,0,0,0,1,0,0,0,0,0,1,0,0,0,0,1,0,1,0
1,-0.14141841895612844,0.6468286344578388,0.03131652779070913,0,1,1,0,1,0,1,1,0,0,0,0,0,0,0,0,0,0,0,0,1,0,0,1,0,1,0
0,-1.2419671042985652,1.1756500762754574,-0.921282440056259,0,1,0,0,1,0,0,1,0,0,1,0,1,0,0,0,0,0,1,0,1,0,0,0,0,1,0
0,-0.14141841895612844,-1.5116941060430058,-0.7643357767187303,0,0,0,0,1,0,0,0,1,1,0,1,0,1,0,1,0,1,0,1,0,0,1,0,0,0,1
0,-1.2827281667186554,0.8646764611185557,-0.9687745224407566,1,1,0,1,1,0,0,1,0,0,0,0,0,0,0,0,0,0,1,0,1,0,0,1,0,1,0
0,-1.2827281667186554,0.15126640281742948,-0.9782376452196461,1,1,0,0,1,0,0,1,0,0,0,0,0,0,0,0,0,0,0,0,0,0,0,0,0,0,1
1,-0.9974007297780236,0.9844096177565073,-0.6810867665380088,1,0,0,0,1,0,0,1,0,0,0,0,0,0,1,0,0,0,1,0,1,0,0,1,1,0,0
0,-0.7935954176775724,-1.4784348958657971,-0.8978341894409684,0,1,0,0,1,0,0,0,1,1,0,1,0,1,0,1,0,1,0,1,0,0,0,1,0,1,0
0,1.081413453646579,0.9943873808096698,1.4606671800669124,0,0,1,0,1,0,1,1,0,0,1,0,1,0,0,0,0,0,1,0,0,0,0,1,0,1,0
0,-1.2827281667186554,-1.4867496984100992,-0.9999653280569568,1,0,1,1,1,0,0,0,1,1,0,1,0,1,0,1,0,1,0,1,0,0,0,1,1,0,0
1,0.7145638918657667,1.025983630478018,1.1161345118070585,1,1,0,0,1,0,1,1,0,0,0,0,0,0,0,0,0,0,1,0,1,0,0,1,0,1,0
0,-0.5897901055771212,-0.6818768121216486,-0.67001336878742,0,1,1,0,1,0,0,0,0,0,0,0,0,0,0,0,0,0,0,0,0,0,0,1,0,0,0
0,-0.6305511679972114,0.32255133523005397,-0.4724789527385697,0,0,1,1,1,0,0,0,0,0,1,0,1,0,0,0,0,0,1,0,1,0,0,0,0,0,1
0,0.592280704605496,0.29095508556170563,0.5452368879365622,0,1,1,0,1,0,0,0,0,0,0,0,1,0,1,0,0,0,1,0,1,0,1,0,0,1,0
0,-0.2637016062163992,0.33585501930093764,-0.19932778870362683,1,0,0,0,1,0,1,1,0,0,0,0,0,0,0,0,0,0,0,0,0,0,0,1,0,0,0
0,-1.0789228546182041,-0.5621436554836973,-0.8742535874581409,1,0,0,0,0,1,0,0,0,0,0,0,0,0,1,0,0,0,1,0,1,0,0,1,0,1,0
0,-0.5490290431570309,-0.4906363536026986,-0.6071905863298962,0,1,1,1,1,0,1,0,0,0,0,0,0,0,0,0,0,0,0,0,0,0,0,0,1,0,0
0,-1.201206041878475,-0.04163701621038112,-0.9401866270527821,1,0,0,0,1,0,1,0,0,0,0,0,0,0,0,0,1,0,1,0,0,0,0,1,0,1,0
1,1.4482630154273912,-0.3941846440887934,0.604177363613003,0,0,1,1,0,1,0,0,0,0,0,0,1,0,1,0,0,0,1,0,1,0,1,1,0,1,0
0,-1.2419671042985652,-1.4967274614632617,-0.9859140245367874,0,0,1,0,1,0,0,0,1,1,0,1,0,1,0,1,0,1,0,1,0,0,0,0,0,0,0
0,-1.0381617921981139,-1.3470610156658227,-0.942304248933373,0,1,0,0,0,1,0,0,0,0,0,0,0,0,0,0,0,0,0,0,0,1,0,1,1,0,0
0,-0.5897901055771212,-1.5067052245164245,-0.8371290288640353,0,0,0,0,1,0,0,0,1,1,0,1,0,1,0,1,0,1,0,1,0,0,0,1,0,0,1
0,1.570546202687662,-1.3237795685417766,-0.18223240373010824,0,0,1,0,1,0,1,0,1,1,0,1,0,1,0,1,0,1,0,1,0,0,1,0,1,0,0
1,-0.7935954176775724,0.9627911311413214,-0.45253801336300736,0,1,1,0,1,0,1,1,0,0,1,0,1,0,0,0,0,0,0,0,1,0,0,0,1,0,0
0,-1.201206041878475,-0.9313208884507138,-0.96089961607231,1,1,0,0,0,1,0,0,0,0,0,0,1,0,0,0,1,0,0,0,0,0,0,1,0,0,1
0,1.6113072651077522,1.2937202724045482,2.23207712575584,0,1,1,0,1,0,1,1,0,0,0,0,1,0,1,0,0,0,1,0,1,0,1,1,0,0,0
0,1.3667408905872107,-0.26946260592426075,0.6271844430031707,0,1,1,1,0,1,0,0,0,0,0,0,1,0,1,0,0,0,1,0,1,0,1,1,1,0,0
0,-0.34522373105657966,-1.4651312117949136,-0.8016588623641412,0,1,1,1,1,0,0,0,1,1,0,1,0,1,0,1,0,1,0,1,0,1,0,1,1,0,0
0,-1.2827281667186554,-0.6901916146659508,-0.9893992772152597,1,0,0,0,1,0,0,0,0,0,0,0,0,0,0,0,0,0,0,0,0,0,0,1,0,1,0
0,0.9591302663863083,-1.3437350946481017,-0.3974577859063933,0,0,1,1,1,0,1,0,1,1,0,1,0,1,0,1,0,1,0,1,0,0,1,1,0,0,1
1,-0.4267458558967602,-1.3054870029443117,-0.766740159895651,0,0,1,0,1,0,1,0,1,1,0,1,0,1,0,1,0,1,0,1,0,1,0,0,0,0,0
0,-0.7528343552574821,-0.46901786698751297,-0.6944101375367252,1,1,0,0,0,1,0,0,0,0,0,0,0,0,1,0,0,0,1,0,1,0,0,1,0,1,0
1,1.1629355784867594,1.315338759019734,1.8168467686700152,1,0,1,0,1,0,1,1,0,0,0,0,1,0,1,0,0,0,1,0,1,1,0,1,1,0,0
1,0.30695326766486425,-0.8498358235165526,-0.2864811642266874,1,0,1,0,0,1,0,0,0,0,0,0,1,0,0,0,0,0,1,0,0,0,0,1,0,1,0
0,0.38847539250504476,-0.17301089641035558,0.1101979428427124,0,0,0,0,1,0,0,0,0,0,1,0,1,0,1,0,0,0,0,0,0,0,0,0,0,0,0
0,1.6113072651077522,0.6135694242806301,1.6570104338079306,0,0,1,1,1,0,1,0,0,0,1,0,0,0,1,0,1,0,1,0,1,0,1,1,0,0,0
0,-0.8343564800976626,0.4888473861160975,-0.5861026017690139,0,0,0,0,1,0,1,1,0,0,0,0,0,0,0,0,1,0,0,0,0,0,0,1,1,0,0
0,1.570546202687662,-1.3437350946481017,-0.24534194748396201,0,1,1,0,1,0,1,0,1,1,0,1,0,1,0,1,0,1,0,1,0,0,1,0,0,0,0
0,-0.2637016062163992,-1.5183459480784474,-0.806092633176628,0,0,1,0,1,0,0,0,1,1,0,1,0,1,0,1,0,1,0,1,0,1,0,0,0,0,1
0,-1.0381617921981139,-1.1657983202000353,-0.9197603993295845,0,0,0,1,0,1,0,0,0,0,1,0,0,0,0,0,0,0,0,0,0,0,0,0,0,0,1
0,-1.0789228546182041,-0.6436287204178587,-0.8830328948380897,0,0,1,1,1,0,0,0,0,0,0,0,0,0,0,0,0,0,0,0,0,0,0,0,0,0,1
0,1.0406523912264887,1.3835201398830117,1.7025172456793745,1,0,0,0,1,0,0,1,0,0,1,0,1,0,1,0,0,0,1,0,1,1,0,1,0,1,0
0,0.755324954285857,-1.1574835176557332,-0.3341055979787218,0,1,1,0,0,1,0,0,0,0,0,0,1,0,0,0,0,0,0,0,0,0,0,1,1,0,0
0,1.6113072651077522,0.026544364652896852,1.0489882513433286,0,1,1,1,0,1,0,0,0,0,1,0,1,0,1,0,1,0,1,0,1,0,1,1,0,0,0
0,-0.5897901055771212,1.037624354040041,-0.24090817667147527,1,0,0,0,1,0,0,1,0,0,1,0,0,0,0,0,0,0,1,0,1,0,0,1,0,1,0
0,-1.0381617921981139,0.3408439008275187,-0.7649092993113903,1,0,0,0,1,0,1,1,0,0,0,0,0,0,0,0,0,0,0,0,0,0,0,1,0,0,0
0,0.592280704605496,0.30592173014144963,0.5336120261545696,0,0,0,0,1,0,1,0,0,0,1,0,1,0,0,0,1,0,0,0,1,0,1,0,0,0,1
1,-1.2419671042985652,-0.6702360885596255,-0.9675171844491559,1,1,0,0,1,0,0,0,0,0,0,0,0,0,0,0,0,0,0,0,0,0,0,1,0,1,0
1,1.2036966409068497,1.526534743645009,2.1028801324785515,0,1,0,0,1,0,1,1,0,0,0,0,1,0,1,0,1,0,1,0,1,1,0,1,0,0,0
0,-0.6713122304173017,-1.501716342989843,-0.8758197453073276,0,0,1,1,1,0,0,0,1,1,0,1,0,1,0,1,0,1,0,1,0,0,1,0,0,0,1
0,-1.0789228546182041,-0.5105918797090239,-0.8709006861472055,0,1,0,0,1,0,0,0,0,0,0,0,0,0,0,0,1,0,0,0,0,0,0,1,1,0,0
0,-0.5490290431570309,-0.327666223734376,-0.5471692411519038,1,1,0,0,1,0,0,0,0,0,0,0,0,0,1,0,1,0,0,0,0,0,0,1,1,0,0
0,1.4890240778474815,-0.6951804961925321,0.2970560152435845,0,0,1,1,0,1,0,0,0,0,1,0,0,0,1,0,0,0,0,0,1,0,1,1,1,0,0
0,-0.8751175425177529,0.31589949319461214,-0.6408298922455296,1,1,1,1,1,0,1,1,0,0,0,0,0,0,0,0,0,0,0,0,0,0,0,1,0,1,0
0,1.2852187657470302,1.5398384277158927,2.0587850685275013,0,0,1,0,1,0,1,1,0,0,0,0,1,0,1,0,1,0,1,0,1,0,0,1,0,1,0
0,0.26619220524477405,1.3253165220728964,0.8153219119569,1,0,1,0,1,0,0,1,0,0,1,0,0,0,1,0,1,0,1,0,1,1,0,1,1,0,0
0,-0.712073292837392,-0.3043847766103298,-0.6118890598774568,1,0,0,0,1,0,1,0,0,0,1,0,0,0,0,0,0,0,0,0,0,0,0,1,0,0,1
0,-0.3044626686364894,-1.4717830538303551,-0.7699607098390493,0,1,0,0,1,0,0,0,1,1,0,1,0,1,0,1,0,1,0,1,0,0,0,0,0,0,1
0,-1.0789228546182041,-1.5033793034987035,-0.957304070587557,0,0,0,0,1,0,0,0,1,1,0,1,0,1,0,1,0,1,0,1,0,0,1,0,1,0,0
0,1.3667408905872107,1.6944937550399128,2.4949931173679274,0,1,1,0,1,0,1,1,0,0,1,0,1,0,1,0,1,0,1,0,1,1,0,0,0,0,0
0,1.1629355784867594,0.791506198728697,1.3387274534428986,0,0,0,0,1,0,1,0,0,0,0,0,1,0,1,0,1,0,1,0,1,0,1,0,1,0,0
1,0.429236454925135,0.9860725782653676,0.825005620348351,0,0,1,0,1,0,1,1,0,0,1,0,1,0,0,0,0,0,1,0,0,0,0,1,0,1,0
0,-0.8343564800976626,-1.4884126589189595,-0.9102090423056702,0,0,0,0,1,0,0,0,1,1,0,1,0,1,0,1,0,1,0,1,0,0,0,0,0,0,1
1,-0.3859847934766699,-1.0044911508405732,-0.6698369002973708,0,1,0,0,0,1,0,0,0,0,0,0,0,0,0,0,0,0,0,0,1,0,0,1,0,0,0
1,1.570546202687662,-0.41746609121283956,0.6521767929063921,0,1,1,0,0,1,0,0,0,0,0,0,1,0,1,0,0,0,1,0,1,0,0,1,0,0,0
0,0.06238689314432279,0.004925878037711009,-0.05702801004018372,0,0,0,0,1,0,1,0,0,0,0,0,0,0,0,0,1,0,1,0,0,0,0,0,0,0,1
0,-1.1196839170382944,-1.4967274614632617,-0.9611863773686398,1,0,0,0,1,0,0,0,1,1,0,1,0,1,0,1,0,1,0,1,0,0,0,0,1,0,0
0,0.3477143300849545,-0.9778837826988059,-0.39489899280067947,0,0,1,0,0,1,0,0,0,0,0,0,1,0,0,0,1,0,0,0,0,1,0,0,0,0,1
0,1.6113072651077522,-1.501716342989843,-0.4001268718183878,0,0,1,1,1,0,0,0,1,1,0,1,0,1,0,1,0,1,0,1,0,0,1,0,1,0,0
1,-0.7528343552574821,1.022657709460297,-0.44711160729399374,0,1,0,0,1,0,1,1,0,0,0,0,0,0,0,0,0,0,1,0,1,0,0,1,0,1,0
0,0.3477143300849545,-1.4967274614632617,-0.6513077088422022,0,0,0,0,1,0,0,0,1,1,0,1,0,1,0,1,0,1,0,1,0,0,1,1,0,0,1
0,-0.3859847934766699,0.5653435695236774,-0.20996001522909266,0,0,1,1,1,0,1,1,0,0,1,0,0,0,0,0,0,0,0,0,0,1,0,0,1,0,0
0,1.570546202687662,1.4783088888880562,2.424714541205824,0,1,1,1,1,0,0,1,0,0,1,0,1,0,1,0,1,0,1,0,1,0,1,0,1,0,0
0,-1.2827281667186554,0.18119969197691702,-0.9778405911170354,1,0,0,0,1,0,0,1,0,0,0,0,0,0,0,0,0,0,0,0,0,0,0,1,0,1,0
0,1.6113072651077522,-1.3121388449797535,-0.21602611957453474,0,1,1,0,1,0,1,0,1,1,0,1,0,1,0,1,0,1,0,1,0,0,1,0,0,0,1
0,-1.0789228546182041,0.16457008688831268,-0.8421583808304381,0,1,1,1,1,0,0,1,0,0,0,0,0,0,0,0,0,0,0,0,0,0,0,1,0,1,0
0,-0.3859847934766699,-1.4917385799366805,-0.8124013816958877,0,1,1,1,1,0,0,0,1,1,0,1,0,1,0,1,0,1,0,1,0,1,0,1,1,0,0
1,-0.9158786049378431,0.6884026471793497,-0.6330873372446199,1,1,1,0,1,0,1,1,0,0,0,0,0,0,0,0,0,0,0,0,1,0,0,0,0,1,0
0,1.6113072651077522,1.4982644149943818,2.3547227263400505,0,0,0,0,1,0,0,1,0,0,1,0,1,0,1,0,1,0,1,0,1,0,1,1,0,1,0
0,-1.0381617921981139,-0.48398451156725697,-0.8521950262019878,0,0,1,0,1,0,0,0,0,0,1,0,0,0,0,0,0,0,0,0,0,0,0,1,0,0,0
0,-1.0789228546182041,0.9860725782653676,-0.7549829467461214,1,1,0,1,1,0,0,1,0,0,0,0,0,0,1,0,0,0,1,0,1,0,0,0,0,0,1
0,-0.9566396673579334,1.2188870495058286,-0.6087788027403392,0,1,1,1,1,0,0,1,0,0,0,0,1,0,0,0,1,0,1,0,1,0,0,1,0,1,0
0,-0.8343564800976626,0.8081358038173013,-0.542294299114294,0,0,0,0,1,0,1,1,0,0,0,0,1,0,0,0,0,0,0,0,1,0,0,1,0,1,0
0,-1.2827281667186554,-1.5116941060430058,-1.0002962064757992,0,0,0,0,1,0,0,0,1,1,0,1,0,1,0,1,0,1,0,1,0,0,0,1,0,0,1
1,0.6330417670255862,-1.1624723991823145,-0.3961783893535364,0,0,1,1,0,1,0,0,0,0,0,0,1,0,0,0,0,0,0,0,0,1,0,0,0,0,0
0,-0.5082679807369407,0.46390297848319095,-0.2847605964487075,0,1,0,0,1,0,0,1,0,0,0,0,0,0,0,0,0,0,1,0,0,0,0,0,0,1,0
1,-0.6713122304173017,0.6817508051439078,-0.40217831801521,1,0,1,0,1,0,1,1,0,0,0,0,0,0,0,0,0,0,0,0,1,0,0,1,1,0,0
0,-1.2419671042985652,0.4921733071338186,-0.9414880821668953,1,0,0,0,1,0,0,1,0,0,0,0,0,0,0,0,0,0,1,0,0,0,0,1,0,0,1
0,-0.9158786049378431,-1.5150200270607266,-0.9271500173503958,0,0,0,0,1,0,0,0,1,1,0,1,0,1,0,1,0,1,0,1,0,1,0,1,0,0,1
1,-1.2419671042985652,0.49051034662495785,-0.9228044807829335,1,0,0,0,1,0,0,1,0,0,0,0,0,0,0,0,0,0,0,0,1,0,0,1,0,1,0
0,-0.5082679807369407,1.0625687616729476,-0.20296745131089208,0,1,1,1,1,0,1,1,0,0,0,0,1,0,0,0,1,0,1,0,0,0,0,0,0,0,1
0,-0.5082679807369407,-1.4701200933214948,-0.8246659417543089,0,1,1,0,1,0,0,0,1,1,0,1,0,1,0,1,0,1,0,1,0,1,0,0,0,0,1
0,-0.5490290431570309,-1.4983904219721222,-0.8568714411882922,0,1,1,1,1,0,0,0,1,1,0,1,0,1,0,1,0,1,0,1,0,1,0,0,0,0,1
1,-0.5490290431570309,0.8563616585742535,-0.27651069453890625,1,1,0,0,1,0,1,1,0,0,1,0,0,0,0,0,0,0,1,0,0,0,0,1,0,1,0
0,-0.4267458558967602,1.3219906010551754,-0.0468590133010971,0,1,1,0,1,0,0,1,0,0,1,0,1,0,0,0,1,0,1,0,1,0,0,1,0,1,0
0,0.10314795556441304,0.5054769912047018,0.2422625490833005,0,0,0,0,1,0,1,1,0,0,0,0,0,0,0,0,1,0,0,0,0,0,0,0,1,0,0
0,-1.2827281667186554,-0.6552694439798817,-0.9889360474288803,0,0,0,0,1,0,0,0,0,0,0,0,0,0,0,0,0,0,0,0,0,0,0,0,0,0,1
0,0.26619220524477405,0.2759884409819621,0.19591751188412293,0,1,0,0,1,0,1,1,0,0,0,0,0,0,0,0,0,0,0,0,0,0,0,1,1,0,0
1,0.8776081415461278,1.1390649450805275,1.3898371398734053,0,0,1,0,1,0,0,1,0,0,0,0,0,0,1,0,1,0,1,0,1,1,0,1,0,1,0
0,-1.2827281667186554,-1.4850867379012387,-0.9999432694957008,1,0,0,0,1,0,0,0,1,1,0,1,0,1,0,1,0,1,0,1,0,0,0,1,0,0,0
0,1.3667408905872107,1.3702164558121281,2.071115804269691,1,1,1,0,1,0,1,1,0,0,1,0,0,0,1,0,0,0,1,0,1,0,1,1,1,0,0
0,0.9591302663863083,1.3469350086880818,1.5474896771711306,0,1,0,0,1,0,1,1,0,0,1,0,0,0,0,0,1,0,1,0,1,0,0,1,0,0,1
0,-0.5897901055771212,-0.6386398388912774,-0.6792117888312358,0,1,0,1,1,0,0,0,0,0,0,0,0,0,0,0,0,0,0,0,0,0,0,1,1,0,0
0,-0.6713122304173017,0.5021510701869811,-0.4494718733484021,0,0,1,1,1,0,1,1,0,0,0,0,1,0,0,0,0,0,0,0,0,0,0,1,1,0,0
0,1.4482630154273912,-0.34595878933184065,0.6124272655228042,0,0,0,0,1,0,0,0,0,0,1,0,0,0,1,0,0,0,0,0,0,1,0,1,1,0,0
1,0.8368470791260375,-1.322116608032916,-0.4460969134762107,0,0,1,0,1,0,1,0,1,1,0,1,0,1,0,1,0,1,0,1,0,0,1,0,1,0,0
0,1.6113072651077522,0.6601323185287225,1.591364155509619,0,0,1,1,1,0,1,0,0,0,1,0,0,0,1,0,1,0,1,0,1,0,1,0,1,0,0
0,-0.9566396673579334,0.3657883084604252,-0.6891601999577608,0,1,0,0,1,0,1,1,0,0,0,0,0,0,0,0,0,0,0,0,0,0,0,1,0,1,0
0,-0.1006573565360382,-0.53387332683307,-0.3308850480353235,0,0,0,0,1,0,0,0,0,0,1,0,0,0,0,0,0,0,0,0,0,0,0,1,0,0,1
0,0.14390901798450328,1.1407279055893882,0.5862437533117506,1,0,0,0,1,0,1,1,0,0,0,0,1,0,0,0,0,0,1,0,1,0,0,1,0,1,0
0,-0.5897901055771212,-0.9861985852431081,-0.740931643225952,0,0,0,0,0,1,0,0,0,0,0,0,0,0,1,0,1,0,0,0,0,0,0,1,0,1,0
1,0.918369203966218,0.3790919925313089,0.8240129850918241,0,0,1,1,1,0,1,0,0,0,1,0,0,0,1,0,1,0,1,0,0,1,0,0,0,1,0
0,0.26619220524477405,-0.2977329345748882,-0.04518256264562959,1,0,1,0,0,1,0,0,0,0,1,0,0,0,1,0,0,0,1,0,1,0,0,0,0,1,0
0,-0.46750691831685043,0.5819731746122817,-0.19143082377392412,1,1,0,0,1,0,1,1,0,0,0,0,1,0,0,0,0,0,0,0,0,0,0,1,0,1,0
0,-1.2419671042985652,-0.8132506923216231,-0.9748185682249424,1,1,0,0,0,1,0,0,0,0,0,0,1,0,1,0,1,0,0,0,0,0,0,1,1,0,0
1,0.021625830724232544,-1.3287684500683579,-0.6348299635838559,0,1,0,0,1,0,1,0,1,1,0,1,0,1,0,1,0,1,0,1,0,1,0,1,0,0,0
0,0.46999751734522527,-0.35094767085842216,0.04574282685223312,0,1,1,0,0,1,0,0,0,0,0,0,1,0,1,0,0,0,1,0,1,0,1,0,0,0,0
0,-0.1006573565360382,0.04816285126808222,-0.16026207671897985,0,0,1,1,1,0,0,0,0,0,1,0,0,0,0,0,1,0,0,0,1,0,0,0,0,0,0
0,1.570546202687662,-1.4618052907771928,-0.35009805488943274,0,0,1,0,1,0,0,0,1,1,0,1,0,1,0,1,0,1,0,1,0,0,1,1,0,0,0
0,-1.1604449794583847,0.34915870337182087,-0.8596949370290798,1,0,0,0,1,0,1,1,0,0,0,0,0,0,0,0,0,0,0,0,0,0,0,0,0,1,0
0,0.10314795556441304,0.6750989631084665,0.3281585866147603,1,1,0,1,1,0,0,1,0,0,0,0,0,0,1,0,0,0,1,0,0,1,0,1,0,1,0
0,-1.2827281667186554,0.34915870337182087,-0.975612676430164,0,1,1,0,1,0,0,1,0,0,0,0,0,0,1,0,0,0,0,0,0,0,0,0,1,0,0
1,-0.3859847934766699,1.3170017195285944,-0.044961977033068055,0,1,1,0,1,0,1,1,0,0,0,0,1,0,1,0,0,0,1,0,1,0,0,1,0,1,0
0,-0.4267458558967602,-0.5122548402178841,-0.553830926651262,0,0,0,1,0,1,0,0,0,0,0,0,0,0,1,0,0,0,1,0,1,1,0,1,1,0,0
0,0.6738028294456765,-1.510031145534145,-0.602403878537311,0,0,0,1,1,0,0,0,1,1,0,1,0,1,0,1,0,1,0,1,0,1,0,0,1,0,0
0,0.38847539250504476,0.9079134343489274,0.7008600375987217,0,0,1,1,1,0,0,1,0,0,0,0,0,0,1,0,0,0,1,0,1,0,0,1,0,1,0
0,0.021625830724232544,0.9627911311413214,0.3695845646538157,1,0,1,1,1,0,0,1,0,0,0,0,0,0,1,0,0,0,1,0,1,1,0,1,0,1,0
0,-1.0381617921981139,-1.4967274614632617,-0.9452600961416974,0,0,1,1,1,0,0,0,1,1,0,1,0,1,0,1,0,1,0,1,0,0,1,0,0,0,1
0,1.407501953007301,1.1773130367843176,1.9421393966049643,0,0,1,1,1,0,1,1,0,0,1,0,0,0,1,0,1,0,0,0,1,1,0,1,0,0,0
0,-0.712073292837392,1.025983630478018,-0.3686713634671136,0,1,0,0,1,0,1,1,0,0,0,0,1,0,0,0,1,0,0,0,1,0,0,0,0,1,0
0,1.407501953007301,0.9411726445261361,1.8006116675854866,0,1,1,0,1,0,1,1,0,0,0,0,1,0,1,0,0,0,0,0,1,0,1,1,0,1,0
0,0.8368470791260375,0.16124416587059198,0.6365372729757794,0,1,1,1,1,0,0,0,0,0,1,0,1,0,0,0,1,0,1,0,0,0,1,1,0,0,1
0,-0.46750691831685043,-1.4983904219721222,-0.8544008823276031,0,1,1,1,1,0,0,0,1,1,0,1,0,1,0,1,0,1,0,1,0,1,0,0,0,0,1
0,0.30695326766486425,0.21612186266298605,0.24724778392719096,0,0,1,1,1,0,0,0,0,0,1,0,1,0,0,0,1,0,0,0,1,0,0,1,0,0,1
0,-0.4267458558967602,-1.466794172303774,-0.8092911245587702,0,0,1,1,1,0,0,0,1,1,0,1,0,1,0,1,0,1,0,1,0,1,0,0,0,0,0
0,0.26619220524477405,-0.8065988502861812,-0.34952453229677277,0,1,0,0,0,1,0,0,0,0,0,0,0,0,0,0,1,0,0,0,1,0,0,1,0,1,0
0,0.5107585797653155,-1.4784348958657971,-0.598367161827435,1,1,0,0,1,0,0,0,1,1,0,1,0,1,0,1,0,1,0,1,0,1,0,1,0,1,0
0,-1.2419671042985652,-1.4800978563746574,-0.9903919124717865,0,0,1,0,1,0,0,0,1,1,0,1,0,1,0,1,0,1,0,1,0,0,0,0,0,0,1
0,0.9998913288063985,-1.5000533824809827,-0.44766307132539757,0,0,1,1,1,0,0,0,1,1,0,1,0,1,0,1,0,1,0,1,0,0,1,0,0,0,0
0,-0.9974007297780236,-0.34762174984070127,-0.7992544791872206,0,1,1,1,1,0,0,0,0,0,0,0,0,0,0,0,0,0,1,0,0,0,0,1,0,1,0
1,-1.0381617921981139,0.9927244203008095,-0.7119025766128546,1,1,1,0,1,0,1,1,0,0,1,0,1,0,0,0,0,0,0,0,1,0,0,1,1,0,0
0,-1.0789228546182041,-1.1425168730759891,-0.916782493560004,1,1,0,0,0,1,0,0,0,0,0,0,1,0,0,0,0,0,0,0,0,0,0,1,1,0,0
0,-1.0381617921981139,-1.4767719353569364,-0.9423483660558852,0,0,1,1,1,0,0,0,1,1,0,1,0,1,0,1,0,1,0,1,0,0,0,0,0,0,1
0,0.6738028294456765,0.0431739697415012,0.4024518209254837,0,1,0,0,1,0,1,0,0,0,0,0,0,0,0,0,1,0,1,0,0,0,1,1,0,0,0
0,1.3259798281671205,0.831417250941347,1.5696364726723082,0,0,0,0,1,0,1,1,0,0,1,0,1,0,0,0,1,0,0,0,0,1,0,1,0,1,0
0,0.918369203966218,-0.6585953649976026,0.07757333074486197,0,0,0,0,1,0,0,0,0,0,0,0,0,0,0,0,0,0,0,0,0,1,0,0,0,0,0
0,1.570546202687662,0.7316396204097209,1.7545533916826392,0,1,1,1,1,0,1,0,0,0,1,0,1,0,1,0,1,0,1,0,1,0,1,0,0,0,0
0,0.10314795556441304,1.0609058011640873,0.49262721934063725,0,1,0,0,1,0,1,1,0,0,1,0,1,0,1,0,1,0,0,0,0,0,0,1,0,0,1
1,-1.201206041878475,0.4040364001642154,-0.9039664694701789,1,1,0,0,1,0,1,1,0,0,0,0,0,0,0,0,0,0,0,0,0,0,0,1,0,1,0
0,-0.8751175425177529,-1.4884126589189595,-0.9112016775621972,1,0,0,1,1,0,0,0,1,1,0,1,0,1,0,1,0,1,0,1,0,0,0,0,1,0,0
0,-1.2827281667186554,0.34749574286296053,-0.9756347349914201,1,0,0,0,1,0,0,1,0,0,0,0,0,0,1,0,0,0,0,0,0,0,0,0,0,1,0
0,-0.6305511679972114,1.3901719819184535,-0.27117252271491726,0,1,0,0,1,0,1,1,0,0,1,0,1,0,1,0,1,0,1,0,0,0,0,1,0,0,0
0,1.6113072651077522,1.506579217538684,2.468103731196677,0,0,1,0,1,0,1,1,0,0,1,0,0,0,1,0,1,0,1,0,1,0,1,1,1,0,0
0,-0.1821794813762187,0.5986027797008862,0.015015251022412125,0,0,1,1,1,0,0,1,0,0,1,0,0,0,0,0,0,0,0,0,1,1,0,1,0,0,0
0,-0.5897901055771212,-1.4884126589189595,-0.8454009893350927,0,0,1,0,1,0,0,0,1,1,0,1,0,1,0,1,0,1,0,1,0,0,1,0,0,0,1
1,0.30695326766486425,1.1423908660982487,0.7832708224517093,1,0,1,0,1,0,0,1,0,0,0,0,1,0,0,0,1,0,1,0,1,1,0,1,1,0,0
0,0.7960860167059473,-0.1796627384457972,0.3339379296638723,0,0,0,0,1,0,0,0,0,0,0,0,0,0,1,0,0,0,0,0,1,0,0,1,0,1,0
0,0.592280704605496,-0.20793306709642462,0.1926307862569562,0,0,1,0,1,0,0,0,0,0,0,0,1,0,0,0,0,0,1,0,0,0,0,1,0,0,0
0,-0.3859847934766699,-0.503940037673582,-0.5318385410788775,0,0,0,0,1,0,0,0,0,0,0,0,0,0,1,0,0,0,0,0,0,0,0,0,1,0,0
0,1.3667408905872107,0.03319620668833821,0.7986456396472481,0,1,1,1,1,0,0,0,0,0,1,0,1,0,1,0,1,0,0,0,0,0,1,0,0,0,1
0,-0.9974007297780236,0.28762916454398496,-0.7299464797203877,0,0,0,0,1,0,1,1,0,0,0,0,0,0,0,0,0,0,0,0,0,0,0,1,0,1,0
1,0.592280704605496,0.6867396866704893,0.7744915150717606,1,1,0,0,1,0,0,1,0,0,1,0,0,0,0,0,0,0,0,0,1,0,0,0,0,0,1
0,-1.0381617921981139,-1.4900756194278202,-0.93612785178165,1,0,0,0,1,0,0,0,1,1,0,1,0,1,0,1,0,1,0,1,0,0,0,0,0,0,1
0,1.570546202687662,1.6229864531589144,2.5941022330918235,0,0,1,1,1,0,1,1,0,0,1,0,1,0,1,0,1,0,1,0,1,0,1,0,1,0,0
1,0.7145638918657667,0.6168953452983513,0.805991140545547,0,0,0,0,1,0,1,1,0,0,1,0,1,0,0,0,0,0,0,0,0,0,0,1,0,1,0
0,0.5515196421854057,0.026544364652896852,0.335459970390547,0,1,1,0,1,0,0,0,0,0,1,0,1,0,1,0,1,0,0,0,0,0,1,0,0,0,1
0,-1.2827281667186554,0.18452561299463818,-0.9777964739945231,1,1,0,0,1,0,0,1,0,0,0,0,0,0,0,0,0,0,0,0,0,0,0,0,0,1,0
0,1.3667408905872107,-0.1164702391091007,0.8411524871878547,0,0,0,0,0,1,0,0,0,0,1,0,0,0,1,0,1,0,1,0,1,0,1,1,0,0,0
0,0.38847539250504476,0.700043370741373,0.636603448659548,0,0,1,0,1,0,1,1,0,0,0,0,0,0,1,0,1,0,0,0,0,0,0,1,1,0,0
0,-1.1196839170382944,0.35913646642498387,-0.83262908236778,0,0,0,0,1,0,0,1,0,0,0,0,0,0,0,0,1,0,0,0,0,0,0,1,0,0,1
0,-1.0381617921981139,-0.5022770771647217,-0.8626949013599167,1,1,1,1,1,0,0,0,0,0,1,0,0,0,0,0,0,0,0,0,0,1,0,1,0,1,0
0,-0.14141841895612844,0.20115521808324252,-0.1421299393664221,0,1,0,0,1,0,1,0,0,0,0,0,1,0,1,0,0,0,0,0,1,1,0,0,1,0,0
0,-0.22294054379630893,-0.49895115614700075,-0.41938399579500935,0,0,1,1,1,0,0,0,0,0,0,0,1,0,0,0,0,0,0,0,0,0,0,0,0,0,1
1,-0.712073292837392,0.34749574286296053,-0.5026330059757309,1,0,0,0,1,0,0,1,0,0,0,0,1,0,0,0,0,0,0,0,0,0,0,1,1,0,0
0,-0.3044626686364894,-1.4884126589189595,-0.794423654272123,0,0,1,1,1,0,0,0,1,1,0,1,0,1,0,1,0,1,0,1,0,0,1,0,0,0,1
0,-0.8751175425177529,0.9694429731767633,-0.5328752934579166,1,0,1,0,1,0,1,1,0,0,0,0,0,0,0,0,0,0,1,0,1,0,0,1,0,1,0
0,0.9998913288063985,1.270438825280502,1.6054154590297887,0,1,1,0,1,0,1,1,0,0,1,0,1,0,1,0,1,0,1,0,0,0,0,1,0,1,0
0,1.407501953007301,1.779304740991795,2.434111488300945,1,1,0,0,1,0,1,1,0,0,1,0,1,0,1,0,1,0,1,0,1,1,0,1,0,0,0
1,0.592280704605496,1.159020471186853,1.0854731116610057,0,0,1,0,1,0,1,1,0,0,0,0,0,0,1,0,0,0,1,0,1,0,0,0,0,1,0
0,-0.7935954176775724,0.5670065300325382,-0.5549338547140696,0,0,0,0,1,0,0,1,0,0,0,0,0,0,0,0,0,0,1,0,0,0,0,1,0,0,1
0,-0.9974007297780236,-1.1441798335848494,-0.9089517043140696,1,1,0,0,0,1,0,0,0,0,1,0,0,0,0,0,0,0,0,0,0,0,0,1,0,1,0
0,0.46999751734522527,1.0392873145489014,0.9164604153163615,1,0,1,0,1,0,1,1,0,0,0,0,0,0,0,0,0,0,1,0,1,0,0,1,0,1,0
0,1.570546202687662,0.04483693025036154,1.0613631042080307,0,1,1,1,1,0,1,0,0,0,1,0,0,0,0,0,0,0,1,0,0,1,0,1,0,1,0
1,-0.34522373105657966,1.3103498774931526,0.06491171658383021,1,1,1,0,1,0,1,1,0,0,0,0,1,0,1,0,0,0,1,0,1,0,0,1,0,1,0
1,-0.712073292837392,0.5104658727312833,-0.47183925446214126,1,1,0,0,1,0,1,1,0,0,0,0,1,0,0,0,0,0,0,0,0,0,0,1,0,1,0
0,-1.2827281667186554,-1.5000533824809827,-1.000141796547006,0,0,0,0,1,0,0,0,1,1,0,1,0,1,0,1,0,1,0,1,0,0,0,0,0,1,0
1,-1.2419671042985652,0.25769587538449695,-0.9407822082066982,0,1,0,0,1,0,1,1,0,0,0,0,0,0,0,0,0,0,0,0,0,0,0,1,0,0,1
1,0.918369203966218,1.717775202163959,1.8069424746660028,0,1,0,0,1,0,1,1,0,0,1,0,1,0,1,0,1,0,1,0,1,0,0,1,0,1,0
1,1.570546202687662,1.3951608634450345,2.3542815551149276,0,1,0,0,1,0,1,1,0,0,0,0,1,0,0,0,1,0,1,0,1,0,1,1,0,1,0
0,0.7145638918657667,-1.3271054895594974,-0.45233948631170195,0,1,1,1,1,0,1,0,1,1,0,1,0,1,0,1,0,1,0,1,0,0,1,0,0,0,1
0,-1.2827281667186554,0.811461724835022,-0.9694803964009534,0,1,0,0,1,0,0,1,0,0,0,0,0,0,0,0,0,0,1,0,1,0,0,1,0,1,0
0,-1.1196839170382944,-1.516682987569587,-0.9708921443213471,0,1,0,0,1,0,0,0,1,1,0,1,0,1,0,1,0,1,0,1,0,0,0,1,0,0,1
0,1.3667408905872107,1.320327640546315,1.9818668654272964,0,0,0,0,1,0,1,1,0,0,1,0,1,0,1,0,1,0,1,0,0,1,0,1,0,0,0
0,0.6738028294456765,0.7432803439717443,0.9080340449165109,0,0,1,1,1,0,0,0,0,0,1,0,1,0,1,0,1,0,1,0,1,1,0,1,0,0,1
1,-1.201206041878475,-1.1342020705316869,-0.9723038922417411,0,0,1,0,0,1,0,0,0,0,0,0,1,0,0,0,0,0,0,0,0,0,0,1,0,1,0
0,1.3667408905872107,-1.3021610819265907,-0.25244480420844334,0,1,1,1,1,0,1,0,1,1,0,1,0,1,0,1,0,1,0,1,0,1,0,1,1,0,0
0,-0.8751175425177529,0.7100211337945356,-0.6148007899632689,0,1,0,1,1,0,1,1,0,0,0,0,0,0,0,0,0,0,0,0,1,0,0,0,0,1,0
0,-0.1821794813762187,-1.1558205571468725,-0.6511312403521531,0,1,0,0,0,1,0,0,0,0,0,0,0,0,0,0,1,0,0,0,0,0,0,1,1,0,0
0,1.3259798281671205,1.1473797476248297,1.7915014817866957,0,1,1,0,1,0,1,1,0,0,1,0,1,0,1,0,0,0,1,0,0,0,1,1,0,1,0
0,1.2036966409068497,-1.5183459480784474,-0.5131328811336596,0,0,0,0,1,0,0,0,1,1,0,1,0,1,0,1,0,1,0,1,0,0,1,1,1,0,0
0,-1.2419671042985652,-1.4884126589189595,-0.9898183898791264,0,0,1,0,1,0,0,0,1,1,0,1,0,1,0,1,0,1,0,1,0,0,0,0,0,0,0
0,-1.2419671042985652,-1.4800978563746574,-0.9933698182413672,0,0,0,0,1,0,0,0,1,1,0,1,0,1,0,1,0,1,0,1,0,0,0,0,1,0,0
0,0.918369203966218,-1.3038240424354515,-0.3965092677723787,0,0,1,1,1,0,1,0,1,1,0,1,0,1,0,1,0,1,0,1,0,0,1,1,1,0,0
1,0.3477143300849545,0.987735538774228,0.6902939867570244,0,1,1,0,1,0,0,1,0,0,0,0,1,0,0,0,0,0,1,0,1,0,0,1,0,1,0
0,-0.6305511679972114,1.308686916984292,-0.23967289724113072,1,0,1,1,1,0,1,1,0,0,1,0,0,0,1,0,0,0,1,0,1,0,0,1,0,1,0
0,-0.1006573565360382,0.982746657247647,0.15499888075395907,0,0,0,0,1,0,0,1,0,0,0,0,0,0,0,0,1,0,1,0,1,1,0,1,0,0,0
0,-0.6305511679972114,-0.29108109253944636,-0.5910878366129044,0,1,0,0,1,0,0,0,0,0,1,0,1,0,0,0,0,0,0,0,0,1,0,0,0,0,1
0,-0.6713122304173017,0.11301831111363929,-0.5170151879147427,0,0,1,1,1,0,0,0,0,0,1,0,1,0,0,0,1,0,0,0,1,0,1,0,0,0,0
0,1.6113072651077522,-1.3337573315949391,-0.2246289584644344,0,1,0,0,1,0,1,0,1,1,0,1,0,1,0,1,0,1,0,1,0,0,1,0,0,0,0
0,-0.9566396673579334,0.3790919925313089,-0.7067188147176586,0,1,0,0,1,0,1,1,0,0,0,0,0,0,0,0,0,0,0,0,0,0,0,1,0,1,0
0,-1.2827281667186554,0.31589949319461214,-0.976053847655287,0,0,0,0,1,0,0,1,0,0,0,0,1,0,0,0,0,0,0,0,0,0,0,0,0,1,0
0,-0.3859847934766699,-0.35593655238500344,-0.4298397538304259,0,1,0,1,1,0,0,0,0,0,0,0,1,0,0,0,1,0,0,0,0,0,0,0,0,1,0
0,-0.9974007297780236,-1.510031145534145,-0.9386204692035954,0,1,0,1,1,0,0,0,1,1,0,1,0,1,0,1,0,1,0,1,0,0,0,0,0,0,0
0,-0.5490290431570309,-0.9945133877874103,-0.739652246673095,0,1,1,1,0,1,0,0,0,0,1,0,1,0,0,0,0,0,0,0,0,0,0,1,0,0,1
0,-1.0381617921981139,-0.3725661574736078,-0.8304673433646771,0,0,0,0,1,0,1,0,0,0,1,0,0,0,0,0,0,0,0,0,0,0,0,1,0,1,0
1,-1.2827281667186554,0.15958120536173165,-0.9781273524133653,1,1,0,0,1,0,0,1,0,0,0,0,0,0,0,0,0,0,0,0,0,0,0,1,0,1,0
0,1.1629355784867594,1.3020350749488503,1.7985161042661522,0,1,0,0,1,0,1,1,0,0,1,0,0,0,1,0,0,0,1,0,1,1,0,0,0,1,0
0,0.9998913288063985,0.18286265248577738,0.8108219654606443,0,0,1,0,1,0,0,0,0,0,1,0,1,0,0,0,1,0,1,0,0,0,1,1,1,0,0
0,-0.9566396673579334,0.5304213988376084,-0.6942557276079322,1,1,0,0,1,0,0,1,0,0,0,0,0,0,0,0,0,0,0,0,1,0,0,1,0,1,0
0,-0.712073292837392,-6.300348887048559e-05,-0.5894113859574368,0,1,0,1,1,0,0,0,0,0,1,0,0,0,1,0,0,0,0,0,1,1,0,0,0,0,1
0,-1.2827281667186554,-1.5033793034987035,-1.0001859136695184,0,0,0,0,1,0,0,0,1,1,0,1,0,1,0,1,0,1,0,1,0,0,0,0,0,0,1
0,-0.8343564800976626,-0.6303250363469752,-0.7856443468921741,0,0,1,0,1,0,0,0,0,0,0,0,0,0,0,0,0,0,0,0,0,0,0,0,0,0,0
0,0.8776081415461278,-1.4917385799366805,-0.5016624292804601,0,1,0,0,1,0,0,0,1,1,0,1,0,1,0,1,0,1,0,1,0,0,1,0,0,0,1
0,-1.1604449794583847,-0.6669101675419048,-0.9340102299010593,0,1,1,1,1,0,0,0,0,0,0,0,0,0,0,0,0,0,0,0,0,0,0,0,0,1,0
0,-1.0381617921981139,0.513791793749004,-0.7764900439708706,1,0,0,0,1,0,0,1,0,0,0,0,0,0,0,0,0,0,1,0,0,0,0,1,0,0,1
0,-0.5082679807369407,-1.4800978563746574,-0.8354084610860553,0,0,1,0,1,0,0,0,1,1,0,1,0,1,0,1,0,1,0,1,0,1,0,0,0,0,1
0,-0.2637016062163992,-0.6336509573646961,-0.5028315330270362,0,0,0,1,0,1,0,0,0,0,1,0,0,0,0,0,1,0,0,0,1,0,0,0,0,0,1
1,0.14390901798450328,0.640176792422397,0.3241880455886527,1,1,1,0,1,0,1,1,0,0,0,0,0,0,0,0,0,0,0,0,1,0,0,1,0,1,0
0,0.8368470791260375,1.4666681653260334,1.5138503712554974,0,0,1,0,1,0,1,1,0,0,0,0,1,0,1,0,1,0,1,0,1,1,0,1,0,0,0
0,-1.201206041878475,0.14960344230856867,-0.924436814315889,1,1,0,0,1,0,0,0,0,0,0,0,0,0,0,0,1,0,1,0,1,0,0,1,0,1,0
0,1.4482630154273912,-0.016692608577474836,0.9938859653254586,0,0,0,0,0,1,0,0,0,0,1,0,1,0,1,0,1,0,1,0,1,0,1,0,1,0,0
0,1.6113072651077522,0.8630135006096954,1.8135821016041047,0,1,1,1,1,0,1,0,0,0,1,0,1,0,1,0,1,0,1,0,1,0,1,1,1,0,0
0,-0.8343564800976626,-1.3271054895594974,-0.8851505167186804,0,1,0,0,1,0,1,0,1,1,0,1,0,1,0,1,0,1,0,1,0,1,0,0,1,0,0
1,0.06238689314432279,0.49051034662495785,0.19038081300882864,1,0,1,1,1,0,1,1,0,0,0,0,1,0,0,0,0,0,0,0,0,0,0,1,0,0,1
0,1.4482630154273912,0.6601323185287225,1.5106959969958675,0,0,1,0,1,0,1,1,0,0,1,0,1,0,0,0,0,0,0,0,0,0,1,1,0,0,0
0,0.7145638918657667,0.19782929706552138,0.525604768418586,0,0,0,1,1,0,0,0,0,0,1,0,0,0,1,0,1,0,1,0,0,1,0,1,1,0,0
1,-1.2827281667186554,-0.9446245725215973,-0.992774237087451,1,0,0,0,0,1,0,0,0,0,0,0,0,0,0,0,0,0,1,0,0,0,0,1,0,1,0
1,0.3477143300849545,1.315338759019734,0.8149248578542889,0,0,0,0,1,0,1,1,0,0,0,0,1,0,1,0,0,0,1,0,1,0,0,1,0,1,0
1,-0.1006573565360382,1.2188870495058286,0.2783282967371107,0,1,1,0,1,0,1,1,0,0,0,0,0,0,0,0,1,0,1,0,1,0,0,1,0,1,0
0,-1.2827281667186554,-0.35094767085842216,-0.9848993307190043,0,1,0,0,1,0,1,0,0,0,0,0,1,0,0,0,0,0,0,0,0,0,0,0,0,1,0
1,-0.14141841895612844,1.30037211443999,0.29912952000166304,0,1,1,1,1,0,1,1,0,0,0,0,0,0,1,0,0,0,1,0,1,0,0,1,0,1,0
0,-0.3859847934766699,0.8729912636628578,-0.03902822405516278,0,0,1,1,1,0,1,0,0,0,1,0,1,0,1,0,1,0,1,0,1,0,1,1,1,0,0
0,1.1221745160666692,-1.4934015404455407,-0.48390528746925693,0,1,0,1,1,0,0,0,1,1,0,1,0,1,0,1,0,1,0,1,0,0,1,0,0,0,1
0,1.6113072651077522,-1.2772166742936844,-0.1642326177450874,0,0,1,0,1,0,1,0,1,1,0,1,0,1,0,1,0,1,0,1,0,0,1,0,1,0,0
0,-0.4267458558967602,0.8164506063616035,-0.12585072115938115,1,1,0,1,1,0,0,1,0,0,0,0,1,0,1,0,0,0,1,0,0,0,0,1,0,1,0
0,1.6113072651077522,0.3408439008275187,1.345389138942257,0,1,0,0,1,0,0,0,0,0,1,0,1,0,1,0,1,0,1,0,0,0,1,1,0,0,0
1,1.3667408905872107,1.4383978366754058,2.1846071019325985,0,0,0,0,1,0,1,1,0,0,0,0,1,0,1,0,0,0,1,0,1,1,0,0,0,0,0
0,1.6113072651077522,1.506579217538684,2.5199854672711495,0,0,1,0,1,0,1,1,0,0,0,0,1,0,1,0,1,0,1,0,1,0,1,1,0,1,0
1,0.592280704605496,0.5154547542578644,0.679000003393874,1,0,1,0,1,0,1,1,0,0,1,0,0,0,0,0,0,0,0,0,0,0,0,0,0,1,0
0,0.755324954285857,1.5514791512779156,1.5072548614399077,0,0,0,0,1,0,1,1,0,0,0,0,1,0,1,0,1,0,1,0,1,1,0,1,0,1,0
0,1.5297851402675717,1.385183100391872,2.254488623992091,0,0,1,1,1,0,1,1,0,0,0,0,1,0,1,0,0,0,1,0,1,1,0,1,0,1,0
0,-0.9566396673579334,-1.4950645009544015,-0.9362381445879309,0,1,0,0,1,0,0,0,1,1,0,1,0,1,0,1,0,1,0,1,0,1,0,1,0,1,0
0,1.081413453646579,1.5381754672070318,1.883110686683499,0,1,1,1,1,0,1,1,0,0,1,0,1,0,0,0,1,0,1,0,1,0,1,1,0,0,1
0,-1.201206041878475,0.19450337604780069,-0.9093046412941679,0,1,0,1,1,0,0,0,0,0,0,0,0,0,0,0,1,0,1,0,1,0,0,0,0,0,1
1,0.22543114282468377,-1.3304314105772181,-0.5872055298318215,0,1,1,0,0,1,0,0,0,0,0,0,0,0,0,0,0,0,0,0,0,0,0,1,0,1,0
0,0.18467008040459354,0.8763171846805791,0.48331850649054076,0,0,0,0,1,0,1,1,0,0,1,0,1,0,1,0,0,0,0,0,0,0,0,0,0,0,0
0,0.18467008040459354,0.02488140414403604,0.011927052446550701,0,1,0,0,1,0,0,0,0,0,1,0,1,0,1,0,1,0,0,0,0,0,1,0,0,0,0
1,-0.34522373105657966,-0.8049358897773209,-0.5971098238358343,1,0,1,0,0,1,0,0,0,0,0,0,0,0,1,0,0,0,0,0,1,0,0,1,1,0,0
0,-0.7528343552574821,-0.1796627384457972,-0.6643663771058449,0,0,1,1,1,0,0,0,0,0,1,0,1,0,0,0,1,0,0,0,0,0,0,0,0,0,0
0,1.6113072651077522,1.499927375503242,2.455397999913133,0,1,1,0,1,0,1,1,0,0,1,0,1,0,0,0,1,0,1,0,1,0,1,1,1,0,0
0,0.8368470791260375,-0.1464035282685885,0.3959445453549185,1,1,1,0,0,1,0,0,0,0,0,0,1,0,1,0,1,0,1,0,1,1,0,1,0,1,0
0,-0.9974007297780236,0.6667841605641643,-0.6713809995853015,1,0,1,0,1,0,1,1,0,0,0,0,0,0,0,0,0,0,0,0,1,0,0,1,0,1,0
0,1.6113072651077522,-0.8764431916583195,0.21010116677182936,0,1,1,1,0,1,0,0,0,0,1,0,1,0,1,0,0,0,0,0,0,0,1,0,1,0,0
1,-0.6305511679972114,0.9212171184198106,-0.2964957510369809,0,0,1,0,1,0,1,1,0,0,0,0,0,0,0,0,0,0,1,0,1,0,0,1,0,1,0
0,-1.2419671042985652,0.2892921250528453,-0.9447086321102935,1,0,1,1,1,0,0,1,0,0,0,0,1,0,0,0,0,0,0,0,0,0,0,1,0,0,0
0,-0.9974007297780236,-1.4867496984100992,-0.9399219243177084,1,0,1,0,1,0,0,0,1,1,0,1,0,1,0,1,0,1,0,1,0,0,0,0,0,0,0
0,0.6330417670255862,-1.0028281903317124,-0.30099569753323613,1,0,1,0,0,1,0,0,0,0,0,0,1,0,1,0,0,0,0,0,0,1,0,0,0,0,1
0,-0.9158786049378431,-1.3420721341392414,-0.8896725217761917,0,0,0,0,1,0,1,0,1,1,0,1,0,1,0,1,0,1,0,1,0,0,0,1,0,0,1
0,-1.3234892291387457,-1.501716342989843,-1.0088549282431865,0,1,1,1,1,0,0,0,1,1,0,1,0,1,0,1,0,1,0,1,0,1,0,1,0,0,1
0,-1.2827281667186554,-1.4717830538303551,-0.9997668010056515,0,1,0,0,1,0,0,0,1,1,0,1,0,1,0,1,0,1,0,1,0,0,0,0,0,0,1
0,-0.14141841895612844,-0.2278885932027499,-0.24364343826723828,0,0,0,0,1,0,0,0,0,0,1,0,0,0,1,0,1,0,0,0,0,1,0,0,1,0,0
1,1.3259798281671205,1.4167793500602204,2.1002992808115812,0,0,1,1,1,0,1,1,0,0,0,0,1,0,1,0,0,0,1,0,1,1,0,1,0,1,0
0,-0.9974007297780236,0.021555483126315358,-0.7559976405639044,0,0,0,0,1,0,1,0,0,0,1,0,1,0,1,0,0,0,0,0,0,0,0,1,0,0,0
0,1.1629355784867594,-1.310475884470893,-0.3300688812688458,0,1,1,0,1,0,1,0,1,1,0,1,0,1,0,1,0,1,0,1,0,0,1,0,0,0,0
1,0.5107585797653155,1.173987115766597,0.9586805015606383,0,0,0,0,1,0,1,1,0,0,0,0,0,0,1,0,0,0,1,0,1,1,0,1,0,0,0
0,1.6113072651077522,1.3170017195285944,2.281841239949721,0,1,1,1,1,0,1,1,0,0,0,0,1,0,1,0,0,0,1,0,1,1,0,1,1,0,0
0,-0.8343564800976626,-1.4534904882328905,-0.8738344747942739,0,1,1,1,1,0,0,0,1,1,0,1,0,1,0,1,0,1,0,1,0,0,0,1,0,1,0
0,-1.0381617921981139,1.0426132355666224,-0.7266376955319648,0,1,0,0,1,0,1,1,0,0,0,0,0,0,0,0,0,0,1,0,1,0,0,0,0,1,0
0,-0.9566396673579334,-0.6802138516127882,-0.855261166216593,0,1,0,0,1,0,0,0,0,0,0,0,0,0,0,0,0,0,0,0,0,0,0,1,0,0,1
1,0.429236454925135,1.4201052710779412,0.9913712893422568,1,0,1,0,1,0,1,1,0,0,0,0,0,0,1,0,1,0,1,0,1,1,0,1,0,1,0
0,1.0406523912264887,0.9810836967387861,1.4456673584127282,0,1,1,1,1,0,1,1,0,0,0,0,0,0,1,0,1,0,0,0,1,0,1,0,0,0,0
1,-0.6713122304173017,1.1274242215185046,-0.308473549799072,1,1,1,0,1,0,1,1,0,0,0,0,0,0,1,0,0,0,1,0,1,0,0,1,0,1,0
0,-1.2419671042985652,-1.481760816883518,-0.9910977864319833,0,1,1,1,1,0,0,0,1,1,0,1,0,1,0,1,0,1,0,1,0,0,0,0,0,0,1
0,-0.9974007297780236,1.2072463259438058,-0.6369917025869589,1,0,1,0,1,0,0,1,0,0,0,0,1,0,1,0,0,0,1,0,1,0,0,0,0,1,0
0,0.30695326766486425,1.3602386927589656,0.8566596557509306,0,0,1,0,1,0,1,1,0,0,1,0,0,0,1,0,0,0,1,0,1,1,0,0,0,0,0
0,-0.9566396673579334,0.5420621223996317,-0.6627781606954017,0,1,0,0,1,0,1,1,0,0,1,0,0,0,0,0,0,0,0,0,0,0,0,1,0,1,0
0,0.3477143300849545,0.8214394878881845,0.636603448659548,0,1,0,0,1,0,0,1,0,0,0,0,1,0,0,0,1,0,1,0,0,1,0,1,0,1,0
0,-0.2637016062163992,-0.33598102627867815,-0.3881711316175528,0,0,0,0,1,0,0,0,0,0,0,0,1,0,1,0,0,0,0,0,0,0,0,1,1,0,0
0,0.021625830724232544,-0.3692402364558869,-0.18946761182212649,0,0,1,0,1,0,0,0,0,0,0,0,1,0,0,0,1,0,0,0,0,1,0,1,1,0,0
0,1.4482630154273912,1.3602386927589656,2.221621367720423,0,1,1,1,1,0,0,1,0,0,0,0,1,0,1,0,1,0,1,0,1,1,0,0,1,0,0
1,1.3259798281671205,1.3635646137766861,1.958242146321956,0,0,1,0,1,0,0,1,0,0,0,0,1,0,1,0,1,0,1,0,1,0,1,1,1,0,0
0,0.918369203966218,-0.021681490104055855,0.5914054566456906,0,1,0,0,1,0,0,0,0,0,0,0,1,0,0,0,1,0,0,0,1,1,0,1,0,1,0
0,-0.5082679807369407,0.7931691592375573,-0.23175387375017178,1,1,0,0,1,0,1,1,0,0,0,0,0,0,1,0,0,0,1,0,0,0,0,1,0,1,0
0,-0.5490290431570309,0.7599099490603486,-0.24741545224204042,0,1,0,0,1,0,0,1,0,0,0,0,0,0,0,0,1,0,0,0,1,1,0,1,1,0,0
0,0.5107585797653155,0.8131246853438823,0.8406010231564509,0,0,0,0,1,0,1,1,0,0,0,0,0,0,1,0,0,0,0,0,1,0,0,1,1,0,0
0,1.5297851402675717,-1.4867496984100992,-0.38627409534952367,0,0,1,1,1,0,0,0,1,1,0,1,0,1,0,1,0,1,0,1,0,0,1,1,1,0,0
0,-1.2419671042985652,0.49549922815153935,-0.9362822617104432,1,0,0,0,1,0,0,1,0,0,0,0,0,0,0,0,0,0,1,0,0,0,0,1,0,1,0
0,-0.22294054379630893,0.987735538774228,0.1931601917271038,1,0,0,0,1,0,1,1,0,0,0,0,0,0,0,0,0,0,1,0,1,0,0,1,0,0,1
0,-0.8343564800976626,-1.4900756194278202,-0.892143080636881,0,0,1,0,1,0,0,0,1,1,0,1,0,1,0,1,0,1,0,1,0,0,1,1,0,1,0
0,1.6113072651077522,0.07809614042757024,1.0521646841642147,0,1,0,1,0,1,0,0,0,0,1,0,1,0,1,0,1,0,1,0,1,0,1,0,1,0,0
0,-0.8343564800976626,0.987735538774228,-0.491118437000019,0,1,0,0,1,0,1,1,0,0,0,0,0,0,0,0,0,0,1,0,1,0,0,0,0,1,0
1,-1.1196839170382944,0.13962567925540614,-0.8683418930414918,1,0,0,0,1,0,0,1,0,0,0,0,0,0,0,0,0,0,0,0,0,0,0,1,0,0,1
1,1.570546202687662,1.4184423105690807,2.3941413753047964,0,1,1,0,1,0,1,1,0,0,1,0,1,0,1,0,0,0,1,0,1,0,0,1,0,1,0
1,0.10314795556441304,0.2709995594553806,0.08138946184217648,0,1,0,0,1,0,0,0,0,0,0,0,0,0,1,0,1,0,1,0,1,1,0,1,0,1,0
0,1.5297851402675717,1.6595715843538439,2.45094217053939,0,1,1,1,1,0,1,1,0,0,1,0,1,0,1,0,1,0,1,0,1,0,1,0,1,0,0
0,-0.05989629411594795,0.37244015049586704,-0.026013672914032494,0,0,0,0,1,0,1,1,0,0,0,0,0,0,0,0,0,0,0,0,0,0,0,1,0,1,0
0,0.7960860167059473,1.044276196075483,1.1926997779271655,1,1,1,1,1,0,1,1,0,0,0,0,0,0,1,0,1,0,0,0,1,0,1,1,0,0,0
1,0.18467008040459354,1.2055833654349448,0.6429121971788079,1,1,0,0,1,0,1,1,0,0,0,0,0,0,1,0,0,0,1,0,1,0,0,1,0,1,0
0,1.4890240778474815,1.3253165220728964,2.1765557270741027,1,1,0,0,1,0,1,1,0,0,0,0,1,0,0,0,1,0,1,0,1,1,0,1,0,0,0
1,-0.1006573565360382,0.43396968932370344,0.028537149072433765,0,1,1,0,1,0,1,1,0,0,0,0,0,0,0,0,0,0,0,0,0,0,0,0,0,0,1
0,0.021625830724232544,0.8580246190831143,0.3100705663847148,0,0,0,0,1,0,1,1,0,0,1,0,0,0,0,0,0,0,0,0,1,0,0,1,0,1,0
1,0.8776081415461278,1.5165569805918464,1.6724734852484937,0,1,1,0,1,0,1,1,0,0,0,0,1,0,1,0,1,0,1,0,1,0,1,1,0,1,0
0,1.081413453646579,0.12798495569338328,0.7871310706715361,0,0,0,0,1,0,1,0,0,0,1,0,0,0,0,0,1,0,0,0,1,1,0,0,0,0,0
1,0.918369203966218,-0.6652472070330443,0.08483059739813643,0,1,0,0,0,1,0,0,0,0,1,0,1,0,0,0,0,0,1,0,0,0,0,1,0,1,0
1,1.4890240778474815,-1.1657983202000353,-0.06726318246303864,0,1,1,0,0,1,0,0,0,0,0,0,0,0,1,0,0,0,0,0,0,1,0,1,1,0,0
0,1.3667408905872107,0.7998210012729992,1.6382165396176884,0,0,0,0,1,0,1,1,0,0,0,0,1,0,0,0,0,0,1,0,0,1,0,1,0,0,0
0,0.18467008040459354,-0.20294418556984337,-0.036910602174572205,0,1,1,1,1,0,0,0,0,0,1,0,0,0,1,0,1,0,0,0,0,1,0,1,0,0,1
1,-0.9566396673579334,-1.4967274614632617,-0.928054418361898,0,1,1,0,1,0,0,0,1,1,0,1,0,1,0,1,0,1,0,1,0,1,0,0,1,0,0
0,1.4890240778474815,0.7333025809185817,1.723803757291562,0,1,1,1,1,0,1,0,0,0,1,0,0,0,1,0,1,0,1,0,1,0,1,0,0,0,0
0,-0.9158786049378431,-0.17301089641035558,-0.726968573950807,0,1,0,0,1,0,0,0,0,0,0,0,1,0,0,0,0,0,1,0,0,0,0,1,0,0,1
0,0.30695326766486425,-0.3193514211900738,-0.0651014434599358,1,1,0,1,1,0,0,0,0,0,1,0,1,0,0,0,0,0,0,0,0,0,0,1,0,0,1
0,-0.7935954176775724,0.051488772285803376,-0.6419107617470811,0,1,0,1,1,0,0,0,0,0,0,0,0,0,0,0,0,0,1,0,1,0,0,0,1,0,0
0,-1.0789228546182041,0.8397320534856492,-0.7788723685865352,1,0,0,0,1,0,1,1,0,0,0,0,1,0,0,0,0,0,1,0,0,0,0,1,0,1,0
0,1.4890240778474815,-1.4867496984100992,-0.41878841464109323,0,0,1,1,1,0,0,0,1,1,0,1,0,1,0,1,0,1,0,1,0,0,1,0,0,0,0
1,1.3667408905872107,1.4383978366754058,2.1596147520293774,0,0,1,0,1,0,1,1,0,0,0,0,1,0,1,0,1,0,1,0,1,1,0,1,1,0,0
0,-0.8751175425177529,-0.3692402364558869,-0.7406228233683658,1,1,0,0,1,0,1,0,0,0,0,0,0,0,1,0,0,0,0,0,0,0,0,0,0,1,0
0,0.5515196421854057,-0.2644737243976795,0.12058752519436036,0,1,1,1,1,0,0,0,0,0,1,0,0,0,1,0,1,0,0,0,0,1,0,0,0,0,1
0,-1.0789228546182041,0.8131246853438823,-0.7540344286121069,1,0,0,0,1,0,0,1,0,0,0,0,0,0,0,0,0,0,1,0,1,0,0,0,0,1,0
0,0.9591302663863083,1.4882866519412188,1.617437374914392,0,0,1,1,1,0,1,1,0,0,1,0,0,0,1,0,1,0,1,0,1,0,0,1,0,0,1
0,1.5297851402675717,-1.3204536475240558,-0.21909225958913991,0,1,1,1,1,0,1,0,1,1,0,1,0,1,0,1,0,1,0,1,0,0,1,0,1,0,0
0,0.021625830724232544,0.4755437020452143,0.1079259110333286,0,0,1,1,1,0,1,0,0,0,0,0,0,0,1,0,1,0,1,0,1,1,0,1,0,1,0
0,1.6113072651077522,0.06312949584782623,1.091252454710118,0,0,1,1,1,0,1,0,0,0,1,0,1,0,0,0,1,0,0,0,0,0,1,0,1,0,0
0,-1.201206041878475,1.0093540253894138,-0.8796579349658983,1,0,1,0,1,0,1,1,0,0,0,0,0,0,0,0,0,0,1,0,1,0,0,1,0,1,0
0,-0.5490290431570309,-0.53387332683307,-0.5881319894045799,0,0,0,1,1,0,0,0,0,0,0,0,0,0,0,0,1,0,0,0,0,0,0,0,0,0,1
1,-1.1196839170382944,-0.6369768783824168,-0.9215030256688206,1,0,0,0,0,1,0,0,0,0,0,0,0,0,0,0,0,0,1,0,1,0,0,0,0,1,0
0,1.570546202687662,0.5270954778198876,1.5080489696451294,0,0,1,0,1,0,0,0,0,0,0,0,1,0,1,0,1,0,1,0,1,0,1,1,1,0,0
0,-0.9974007297780236,0.32088837472119364,-0.7397845980406319,1,1,1,0,1,0,0,1,0,0,1,0,0,0,0,0,0,0,0,0,0,0,0,1,0,1,0
0,-1.2827281667186554,-1.4734460143392158,-0.9997888595669076,0,1,0,0,1,0,0,0,1,1,0,1,0,1,0,1,0,1,0,1,0,0,0,0,1,0,0
0,-1.2827281667186554,0.4921733071338186,-0.9737156401621347,1,0,0,0,1,0,0,1,0,0,0,0,0,0,0,0,0,0,1,0,0,0,0,1,0,1,0
0,1.1629355784867594,1.6712123079158667,2.0765422103387046,0,0,0,0,1,0,1,1,0,0,1,0,1,0,1,0,1,0,1,0,1,1,0,1,0,0,1
0,1.570546202687662,-0.171347935901495,0.8099396230103982,0,0,1,1,0,1,0,0,0,0,1,0,1,0,0,0,1,0,1,0,1,0,1,0,0,0,0
0,1.4482630154273912,0.7183359363388377,1.5335927835797543,0,0,1,0,1,0,1,1,0,0,0,0,1,0,1,0,0,0,0,0,0,1,0,0,1,0,0
0,0.5515196421854057,-1.0360874005089211,-0.33039975968768814,0,1,0,0,0,1,0,0,0,0,0,0,0,0,1,0,1,0,0,0,0,1,0,0,1,0,0
0,0.021625830724232544,0.5071399517135622,0.1396461221196767,0,1,0,0,1,0,1,1,0,0,1,0,0,0,0,0,0,0,0,0,0,1,0,0,0,0,0
0,0.8368470791260375,1.3036980354577106,1.4468805792818167,0,0,1,1,1,0,1,1,0,0,1,0,1,0,1,0,1,0,0,0,1,0,1,1,0,0,0
1,0.7145638918657667,1.4600163232905916,1.3875430495027652,0,0,1,0,1,0,1,1,0,0,1,0,1,0,1,0,0,0,1,0,1,0,0,0,0,0,0
0,0.9998913288063985,-0.7899692451975768,-0.012580009109035385,0,0,0,0,0,1,0,0,0,0,1,0,0,0,1,0,1,0,0,0,0,1,0,1,1,0,0
0,0.8776081415461278,-1.4800978563746574,-0.5269415404800115,0,0,1,1,1,0,0,0,1,1,0,1,0,1,0,1,0,1,0,1,0,0,1,1,0,0,0
1,1.1221745160666692,1.365227574285547,1.8151923765758036,0,0,1,0,1,0,1,1,0,0,0,0,1,0,1,0,0,0,1,0,1,0,0,1,0,1,0
1,-0.1821794813762187,1.2122352074703868,0.23180679104788385,1,0,1,0,1,0,1,1,0,0,0,0,0,0,0,0,1,0,1,0,1,0,0,1,1,0,0
0,-1.2827281667186554,0.5054769912047018,-0.9735391716720855,1,0,1,1,1,0,0,1,0,0,0,0,0,0,0,0,0,0,1,0,0,0,0,1,0,0,1
0,-0.14141841895612844,0.8097987643261616,0.18157944706762347,1,1,1,1,1,0,1,1,0,0,0,0,0,0,1,0,0,0,0,0,1,0,0,1,0,1,0
0,-0.9158786049378431,0.021555483126315358,-0.7366963994647705,0,0,1,1,1,0,0,0,0,0,0,0,1,0,0,0,1,0,0,0,1,0,0,1,0,1,0
0,0.429236454925135,-0.8115877318127624,-0.1649605502665405,0,1,0,1,0,1,0,0,0,0,1,0,1,0,1,0,0,0,0,0,0,0,0,1,0,1,0
1,-0.7935954176775724,0.18618857350349852,-0.6342564409911959,0,1,1,0,1,0,0,1,0,0,0,0,0,0,0,0,0,0,0,0,0,0,0,0,0,0,0
0,0.429236454925135,0.46390297848319095,0.5177298620501395,0,0,1,0,1,0,0,0,0,0,1,0,0,0,1,0,1,0,1,0,1,0,1,1,0,1,0
0,-0.5490290431570309,0.6252101478426535,-0.36220820501906076,1,1,1,1,1,0,1,1,0,0,0,0,0,0,0,0,0,0,0,0,1,0,0,1,0,1,0
0,-1.2827281667186554,0.8397320534856492,-0.9691054008595988,0,1,1,1,1,0,0,1,0,0,0,0,0,0,0,0,0,0,1,0,1,0,0,1,0,1,0
0,1.4890240778474815,0.5852990956300029,1.441983578682951,0,0,0,0,1,0,0,0,0,0,1,0,0,0,1,0,1,0,1,0,1,0,1,1,1,0,0
0,1.1629355784867594,-1.4834237773923784,-0.44468516555581694,0,0,1,0,1,0,0,0,1,1,0,1,0,1,0,1,0,1,0,1,0,0,1,0,1,0,0
0,0.429236454925135,0.04649989075922188,0.2737842331183431,0,1,1,0,1,0,1,0,0,0,1,0,1,0,0,0,1,0,0,0,0,0,0,0,0,0,0
0,-1.0789228546182041,-1.5083681850252848,-0.9443115780076827,1,0,1,0,1,0,0,0,1,1,0,1,0,1,0,1,0,1,0,1,0,0,0,0,0,0,0
0,-1.2827281667186554,-0.45238826189890863,-0.9862449029556297,1,1,0,0,1,0,0,0,0,0,0,0,0,0,0,0,1,0,0,0,0,0,0,0,0,0,1
0,0.9591302663863083,0.8264283694147659,1.1762440912300753,0,1,1,0,1,0,0,1,0,0,0,0,0,0,0,0,0,0,1,0,1,0,0,0,0,0,1
0,1.5297851402675717,-0.010040766542033001,0.9785773238136881,0,0,1,0,0,1,0,0,0,0,1,0,1,0,1,0,1,0,1,0,1,0,1,0,0,0,0
0,-1.2827281667186554,-0.6403027994001377,-0.988737520377575,1,1,0,0,1,0,0,0,0,0,0,0,0,0,0,0,0,0,0,0,0,0,0,1,0,1,0
0,0.6738028294456765,0.9578022496147405,0.9853051849968147,0,1,1,1,1,0,1,1,0,0,0,0,1,0,1,0,0,0,1,0,0,1,0,1,0,1,0
0,-1.0789228546182041,-0.5056029981824426,-0.8909078012065363,1,0,0,0,1,0,0,0,0,0,0,0,0,0,0,0,1,0,0,0,0,0,0,1,0,0,0
0,-0.019135231695857704,0.29095508556170563,0.013272624683175915,0,0,1,1,1,0,0,0,0,0,1,0,1,0,1,0,1,0,0,0,1,0,1,0,0,0,1
1,1.6113072651077522,1.4932755334678003,2.5537571245543194,0,0,1,0,1,0,1,1,0,0,1,0,0,0,1,0,1,0,1,0,1,0,1,1,0,0,1
0,0.18467008040459354,-0.11314431809137979,0.006875641918891539,0,1,0,1,1,0,0,0,0,0,1,0,1,0,0,0,1,0,0,0,0,0,1,0,1,0,0
0,1.4890240778474815,1.3818571793741514,2.190474679226735,0,0,1,0,1,0,0,1,0,0,1,0,1,0,0,0,1,0,1,0,1,1,0,1,1,0,0
0,-0.2637016062163992,0.5670065300325382,-0.09185847826364926,0,0,1,0,1,0,0,0,0,0,0,0,1,0,1,0,1,0,1,0,1,0,0,0,0,0,0
0,1.0406523912264887,1.3419461271615007,1.7376124166379134,0,0,1,1,1,0,1,1,0,0,0,0,1,0,1,0,0,0,1,0,1,1,0,1,1,0,0
0,-0.34522373105657966,-0.34096990780525943,-0.46080997383406475,0,1,0,0,1,0,1,0,0,0,0,0,0,0,0,0,1,0,0,0,0,1,0,0,0,0,0
0,-1.1196839170382944,-1.4734460143392158,-0.9649804499046982,0,1,1,1,1,0,0,0,1,1,0,1,0,1,0,1,0,1,0,1,0,1,0,0,0,1,0
0,-0.712073292837392,-1.4917385799366805,-0.881775556846489,1,1,1,1,1,0,0,0,1,1,0,1,0,1,0,1,0,1,0,1,0,0,0,1,0,1,0
0,-0.1006573565360382,-1.501716342989843,-0.7444830715881926,0,0,1,1,1,0,0,0,1,1,0,1,0,1,0,1,0,1,0,1,0,0,1,0,0,0,1
0,0.918369203966218,0.03984804872378005,0.5185239702553608,0,0,1,0,1,0,1,0,0,0,1,0,1,0,0,0,1,0,0,0,0,1,0,1,1,0,0
0,-0.3044626686364894,-1.0261096374557588,-0.632535873213216,1,0,1,0,0,1,0,0,0,0,0,0,0,0,0,0,0,0,1,0,0,0,0,1,0,0,0
1,-0.9158786049378431,0.9195541579109503,-0.5967568868557358,1,1,1,0,1,0,0,1,0,0,0,0,1,0,1,0,1,0,1,0,0,0,0,1,0,0,1
0,0.46999751734522527,-0.3592624734027243,0.03901496566910645,0,1,1,1,0,1,0,0,0,0,1,0,1,0,1,0,1,0,0,0,1,0,1,1,1,0,0
0,0.592280704605496,-0.19795530404326211,0.2321817865892386,0,0,0,0,1,0,0,0,0,0,1,0,1,0,0,0,1,0,0,0,0,1,0,1,0,0,1
0,-0.7935954176775724,0.781528435675534,-0.4693907541627083,1,0,1,1,1,0,0,1,0,0,0,0,0,0,0,0,0,0,1,0,1,0,0,0,0,1,0
0,0.6738028294456765,1.4334089551488247,1.3263526005781967,1,0,1,1,1,0,1,1,0,0,0,0,1,0,1,0,1,0,1,0,1,0,1,1,0,0,0
0,1.2852187657470302,1.0658946826906688,1.77685459711261,0,0,1,0,1,0,0,1,0,0,1,0,0,0,0,0,1,0,1,0,1,1,0,1,0,0,1
0,-1.2827281667186554,-1.5216718690961684,-1.000428557843336,0,1,0,0,1,0,0,0,1,1,0,1,0,1,0,1,0,1,0,1,0,0,0,0,0,0,1
0,-0.5082679807369407,-0.4939622746204195,-0.5663381308835008,0,1,0,0,1,0,0,0,0,0,0,0,0,0,0,0,1,0,0,0,0,0,0,0,0,0,1
0,0.18467008040459354,-0.6469546414355796,-0.30602504949963905,0,0,1,0,0,1,0,0,0,0,1,0,0,0,0,0,1,0,1,0,0,0,1,0,0,1,0
0,-0.1006573565360382,0.6850767261616291,0.09846278825443884,0,1,1,1,1,0,1,1,0,0,0,0,0,0,0,0,0,0,1,0,0,0,0,0,0,1,0
0,0.22543114282468377,0.640176792422397,0.397444527520337,0,0,0,0,1,0,1,0,0,0,1,0,1,0,1,0,0,0,1,0,1,1,0,0,0,0,0
1,-1.2827281667186554,0.3192254142123333,-0.9760097305327747,1,0,0,0,1,0,1,1,0,0,0,0,0,0,0,0,0,0,0,0,0,0,0,1,0,0,1
0,0.18467008040459354,-0.0033889245065911663,0.025779828915414638,1,0,0,0,1,0,0,0,0,0,0,0,0,0,0,0,0,0,1,0,1,0,0,1,0,1,0
0,0.7960860167059473,0.04649989075922188,0.46028936853911684,0,0,1,0,0,1,0,0,0,0,1,0,1,0,1,0,1,0,1,0,1,0,1,0,1,0,0
0,1.570546202687662,0.4007104791464947,1.4276013967439392,0,1,0,1,1,0,0,0,0,0,1,0,1,0,1,0,1,0,1,0,0,0,1,1,1,0,0
0,-0.2637016062163992,0.8297542904324867,0.0214122337866965,1,1,0,0,1,0,0,1,0,0,0,0,1,0,1,0,0,0,1,0,0,0,0,0,0,1,0
0,1.3667408905872107,0.32421429573891436,1.1080610783873064,0,1,0,0,1,0,1,0,0,0,1,0,1,0,1,0,0,0,0,0,1,0,1,1,1,0,0
0,1.6113072651077522,1.732741846743703,2.7827470489544432,0,1,1,0,1,0,1,1,0,0,1,0,1,0,1,0,1,0,1,0,1,0,1,1,1,0,0
0,-0.3044626686364894,-0.8049358897773209,-0.5806761957000003,0,1,0,1,0,1,0,0,0,0,1,0,0,0,0,0,0,0,1,0,0,1,0,1,1,0,0
0,1.4890240778474815,1.64626790028296,2.37307544930517,0,1,1,1,1,0,1,1,0,0,1,0,1,0,1,0,1,0,1,0,1,0,1,1,0,0,0
0,0.8368470791260375,0.16124416587059198,0.6173242661216704,0,1,1,1,1,0,1,0,0,0,1,0,1,0,0,0,0,0,0,0,1,0,1,0,0,0,0
0,-0.8343564800976626,1.0193317884425763,-0.5168828365472057,1,0,0,0,1,0,0,1,0,0,0,0,0,0,1,0,0,0,1,0,1,1,0,0,0,0,1
0,-0.2637016062163992,1.1240983005007839,0.1103964698940177,0,1,0,0,1,0,0,1,0,0,0,0,0,0,1,0,1,0,1,0,1,0,0,1,0,1,0
0,-0.46750691831685043,-0.10649247605593819,-0.3940387089116896,0,1,0,0,1,0,0,0,0,0,0,0,0,0,1,0,0,0,0,0,1,0,0,0,0,0,1
0,-1.2827281667186554,0.8147876458527427,-0.9694362792784411,0,0,0,1,1,0,0,1,0,0,0,0,0,0,0,0,0,0,1,0,1,0,0,1,0,1,0
0,0.6330417670255862,1.0160058674248558,0.952283518796354,0,1,0,0,1,0,1,1,0,0,1,0,0,0,0,0,1,0,0,0,1,0,0,1,0,1,0
0,-0.2637016062163992,-0.9795467432076665,-0.5771247673377596,0,0,1,0,0,1,0,0,0,0,1,0,0,0,1,0,0,0,0,0,0,1,0,0,1,0,0
0,1.1221745160666692,-1.4934015404455407,-0.4537953513546081,0,1,1,0,1,0,0,0,1,1,0,1,0,1,0,1,0,1,0,1,0,0,1,0,0,0,1
0,-0.5897901055771212,-1.516682987569587,-0.8626728427986605,0,1,0,0,1,0,0,0,1,1,0,1,0,1,0,1,0,1,0,1,0,0,0,0,0,0,1
1,-0.9158786049378431,-1.1707872017266165,-0.8802976332423267,1,0,0,0,0,1,0,0,0,0,0,0,0,0,0,0,1,0,0,0,0,0,0,1,0,1,0
0,-1.1196839170382944,0.6534804764932807,-0.8086734848435979,1,1,1,1,1,0,1,1,0,0,1,0,0,0,1,0,0,0,0,0,0,0,0,1,0,1,0
0,-1.1604449794583847,-1.4784348958657971,-0.9714656669140072,0,0,0,1,1,0,0,0,1,1,0,1,0,1,0,1,0,1,0,1,0,1,0,1,0,0,1
0,1.3259798281671205,-1.3337573315949391,-0.2522021600346257,0,1,1,1,1,0,1,0,1,1,0,1,0,1,0,1,0,1,0,1,0,0,1,0,1,0,0
0,1.5297851402675717,-1.3138018054886138,-0.25218010147336944,0,1,1,1,1,0,1,0,1,1,0,1,0,1,0,1,0,1,0,1,0,0,1,0,0,0,1
0,-0.5897901055771212,0.8596875795919747,-0.3041941889153783,1,1,0,0,1,0,1,1,0,0,0,0,0,0,1,0,0,0,0,0,1,0,0,1,1,0,0
0,1.2036966409068497,-1.4917385799366805,-0.4573467797168488,0,1,0,1,1,0,0,0,1,1,0,1,0,1,0,1,0,1,0,1,0,0,1,0,0,0,0
0,1.3667408905872107,-0.16968497539263466,0.7544182243286613,0,0,1,1,1,0,0,0,0,0,1,0,0,0,0,0,0,0,1,0,0,0,1,1,0,1,0
0,1.3259798281671205,0.5869620561388632,1.291897127896086,0,0,1,1,1,0,1,0,0,0,1,0,1,0,0,0,1,0,1,0,1,0,1,1,0,0,0
1,-1.201206041878475,0.18119969197691702,-0.9049591047267058,1,0,0,0,1,0,0,1,0,0,0,0,0,0,0,0,0,0,0,0,0,0,0,1,0,1,0
0,0.06238689314432279,-1.4800978563746574,-0.7118584594903422,0,0,0,0,1,0,0,0,1,1,0,1,0,1,0,1,0,1,0,1,0,0,0,0,0,0,1
0,-0.6713122304173017,0.8630135006096954,-0.3725977873707088,0,1,1,1,1,0,1,1,0,0,0,0,0,0,1,0,0,0,1,0,0,0,0,1,0,0,0
0,0.8776081415461278,1.30037211443999,1.4789316687870073,1,0,0,0,1,0,1,1,0,0,1,0,0,0,1,0,0,0,1,0,1,1,0,1,0,0,0
1,0.7145638918657667,1.3336313246171987,1.2950956192782281,0,0,0,0,1,0,1,1,0,0,0,0,0,0,1,0,1,0,1,0,1,0,0,1,0,1,0
0,1.570546202687662,1.3436090876703612,2.208055352547889,0,1,1,0,1,0,0,1,0,0,0,0,1,0,1,0,1,0,1,0,1,0,1,1,0,1,0
0,-0.9158786049378431,0.3292031772654958,-0.6560723580735313,1,0,0,0,1,0,1,1,0,0,0,0,0,0,0,0,0,0,0,0,0,0,0,1,0,1,0
0,-1.2827281667186554,-0.46735490647865263,-0.986443430006935,1,0,0,0,1,0,0,0,0,0,0,0,0,0,0,0,1,0,0,0,0,0,0,1,0,1,0
0,-0.5897901055771212,-1.3670165417721478,-0.8215777431784473,0,1,0,0,1,0,1,0,1,1,0,1,0,1,0,1,0,1,0,1,0,1,0,0,0,0,1
0,-1.1604449794583847,-0.11813319961796127,-0.8988268246974952,0,1,0,0,1,0,0,0,0,0,0,0,0,0,0,0,1,0,1,0,0,0,0,1,0,1,0
0,1.0406523912264887,0.36412534795156487,0.9392469090939675,0,0,1,1,1,0,1,0,0,0,1,0,0,0,1,0,1,0,1,0,0,0,1,0,0,0,1
0,0.9591302663863083,1.102479813885598,1.3163821308904158,0,0,1,0,1,0,1,1,0,0,1,0,0,0,0,0,0,0,1,0,1,1,0,1,0,1,0
0,-1.2419671042985652,0.5121288332401437,-0.9450836276516481,1,1,0,0,1,0,0,1,0,0,0,0,0,0,0,0,0,0,1,0,0,0,0,1,0,1,0
0,-0.019135231695857704,0.4672288995009121,0.07111017229680909,1,1,1,0,1,0,1,1,0,0,0,0,0,0,1,0,0,0,0,0,0,0,0,1,0,1,0
0,0.9591302663863083,-0.42744385426600207,0.26387993911433044,0,1,1,1,0,1,0,0,0,0,1,0,1,0,0,0,1,0,1,0,0,1,0,1,0,0,1
0,0.14390901798450328,0.6617952790375828,0.3367834840659162,1,1,0,0,1,0,1,1,0,0,0,0,0,0,0,0,0,0,0,0,1,0,0,1,0,1,0
0,-1.1604449794583847,-0.015029648068614022,-0.8972386082870523,0,0,0,0,1,0,1,0,0,0,0,0,0,0,0,0,1,0,1,0,0,0,0,1,0,0,1
0,0.8368470791260375,0.6850767261616291,0.984025788443958,1,1,0,0,1,0,1,1,0,0,0,0,0,0,0,0,0,0,1,0,0,0,0,0,0,0,0
0,-0.9158786049378431,-0.6336509573646961,-0.8164160398445076,0,1,0,0,1,0,0,0,0,0,0,0,0,0,0,0,0,0,0,0,0,0,0,1,1,0,0
0,-1.1604449794583847,-1.1425168730759891,-0.9566202551886162,0,1,0,0,0,1,0,0,0,0,0,0,0,0,0,0,1,0,0,0,0,0,0,0,0,1,0
0,-1.2827281667186554,-1.4950645009544015,-1.0000756208632375,1,1,1,1,1,0,0,0,1,1,0,1,0,1,0,1,0,1,0,1,0,0,0,0,0,0,1
0,0.755324954285857,0.1429516002731273,0.6012435749659346,0,0,1,0,1,0,0,1,0,0,0,0,0,0,0,0,0,0,0,0,0,0,0,0,0,0,1
1,-0.8343564800976626,1.1507056686425507,-0.47938328241174555,1,1,0,0,1,0,1,1,0,0,0,0,0,0,1,0,0,0,1,0,1,0,0,1,0,1,0
0,-1.0789228546182041,-0.518906682253326,-0.8960915631017323,0,0,0,0,0,1,0,0,0,0,0,0,0,0,0,0,1,0,1,0,1,1,0,1,0,0,1
0,1.24445770332694,-0.8481728630076921,0.04777221448779936,0,1,1,1,0,1,0,0,0,0,0,0,1,0,1,0,1,0,0,0,0,0,1,0,0,0,0
0,-1.2827281667186554,0.19117745503007955,-0.9777082397494985,1,0,0,0,1,0,0,1,0,0,0,0,0,0,0,0,0,0,0,0,0,0,0,1,0,1,0
0,0.6330417670255862,1.3386202061437797,1.2338610532311471,0,0,1,0,1,0,1,1,0,0,0,0,1,0,0,0,1,0,1,0,1,0,0,1,1,0,0
0,-1.1196839170382944,0.5370732408730502,-0.8369746189352423,1,0,0,0,1,0,0,1,0,0,0,0,0,0,0,0,0,0,1,0,0,0,0,1,1,0,0
0,0.10314795556441304,-1.4884126589189595,-0.724520073651374,0,0,0,1,1,0,0,0,1,1,0,1,0,1,0,1,0,1,0,1,0,1,0,1,1,0,0
0,-1.0789228546182041,0.6651212000553035,-0.7779017918912644,1,1,0,0,1,0,0,1,0,0,0,0,1,0,0,0,0,0,1,0,0,0,0,1,0,1,0
0,-1.2419671042985652,-1.5000533824809827,-0.9915168990958502,0,1,0,0,1,0,0,0,1,1,0,1,0,1,0,1,0,1,0,1,0,0,0,0,0,0,1
0,0.7145638918657667,-1.5000533824809827,-0.5725145280352236,0,0,0,0,1,0,0,0,1,1,0,1,0,1,0,1,0,1,0,1,0,1,0,0,0,0,0
0,0.021625830724232544,0.18452561299463818,0.05264715652540906,0,0,0,0,1,0,0,1,0,0,0,0,0,0,0,0,0,0,0,0,0,0,0,1,0,0,0
0,-0.05989629411594795,-1.4767719353569364,-0.7271450424408563,0,1,0,0,1,0,0,0,1,1,0,1,0,1,0,1,0,1,0,1,0,0,1,0,0,0,1
0,-0.9566396673579334,-1.4800978563746574,-0.9245471071221697,0,0,1,1,1,0,0,0,1,1,0,1,0,1,0,1,0,1,0,1,0,0,1,0,0,0,1
0,0.8776081415461278,0.7100211337945356,0.987025752774795,0,0,1,1,1,0,1,0,0,0,0,0,1,0,1,0,1,0,1,0,1,0,0,1,0,1,0
0,0.5515196421854057,1.0243206699691578,1.0488558999757918,0,0,0,0,1,0,0,1,0,0,1,0,1,0,1,0,0,0,1,0,0,1,0,1,1,0,0
0,0.06238689314432279,1.2953832329134085,0.5223621599139315,0,1,0,1,1,0,1,1,0,0,1,0,1,0,0,0,0,0,1,0,1,1,0,1,0,1,0
0,1.570546202687662,1.0758724457438313,2.039770588724698,0,1,1,1,1,0,1,1,0,0,1,0,0,0,0,0,0,0,1,0,1,0,1,1,0,1,0
0,1.24445770332694,-0.0432999767192417,0.7620946036458024,0,0,1,1,1,0,0,0,0,0,1,0,1,0,1,0,1,0,0,0,0,0,1,0,0,0,1
0,0.755324954285857,-1.3271054895594974,-0.44062639028468475,0,0,0,0,1,0,1,0,1,1,0,1,0,1,0,1,0,1,0,1,0,0,1,0,0,0,0
1,-0.2637016062163992,0.8081358038173013,-0.004021287341647973,1,0,0,0,1,0,1,1,0,0,0,0,1,0,0,0,0,0,1,0,0,0,0,1,0,1,0
0,1.2852187657470302,1.135739024062807,1.803964568896422,0,0,1,0,1,0,0,1,0,0,1,0,0,0,1,0,0,0,1,0,1,0,1,1,0,0,0
1,-1.2827281667186554,-1.3320943710860789,-0.9979138818601345,1,0,1,0,0,1,0,0,0,0,0,0,0,0,0,0,0,0,0,0,0,0,0,1,0,1,0
1,1.1629355784867594,0.6884026471793497,1.308066053296846,0,1,1,0,1,0,1,1,0,0,0,0,1,0,0,0,1,0,0,0,0,1,0,1,0,0,0
0,-0.712073292837392,0.9694429731767633,-0.3446937073816752,0,0,0,0,1,0,0,1,0,0,0,0,0,0,1,0,0,0,1,0,1,0,0,1,1,0,0
0,1.2852187657470302,1.3569127717412448,2.0365941559038117,1,1,0,0,1,0,1,1,0,0,0,0,1,0,0,0,1,0,1,0,1,1,0,1,1,0,0
0,-0.5897901055771212,-0.48398451156725697,-0.6059332483382955,0,0,0,0,1,0,1,0,0,0,0,0,0,0,0,0,0,0,0,0,0,0,0,1,0,1,0
0,0.9998913288063985,1.002702183353972,1.4333807397930514,0,0,1,1,1,0,0,1,0,0,0,0,1,0,0,0,0,0,1,0,1,1,0,1,0,1,0
0,-0.7528343552574821,-0.11480727860024036,-0.6490577355940746,0,1,1,1,1,0,0,0,0,0,1,0,1,0,0,0,0,0,0,0,1,0,1,1,0,0,0
1,-0.5897901055771212,0.5221065962933062,-0.38607556829821826,0,1,0,0,1,0,1,1,0,0,0,0,1,0,0,0,0,0,0,0,0,0,0,1,1,0,0
1,1.6113072651077522,0.45392521543002845,1.4626965677024786,0,0,1,0,1,0,1,1,0,0,1,0,0,0,0,0,0,0,0,0,0,0,1,0,0,0,0
0,1.5297851402675717,1.6446049397740998,2.6282930030388596,0,1,1,0,1,0,1,1,0,0,1,0,1,0,1,0,1,0,1,0,1,0,1,0,1,0,0
0,0.22543114282468377,-1.4900756194278202,-0.6817264648144372,0,0,0,0,1,0,0,0,1,1,0,1,0,1,0,1,0,1,0,1,0,0,1,0,0,0,1
0,1.4482630154273912,-0.07323326587872948,0.9216221186503012,0,1,1,1,1,0,0,0,0,0,1,0,1,0,1,0,1,0,0,0,0,0,1,0,1,0,0
0,-0.7935954176775724,0.5320843593464687,-0.5638455134615555,1,1,0,0,1,0,0,1,0,0,0,0,0,0,0,0,0,0,0,0,1,0,0,1,0,1,0
1,1.3259798281671205,0.9262059999463921,1.624231411781287,0,1,1,0,1,0,1,1,0,0,1,0,1,0,0,0,0,0,1,0,0,0,1,1,1,0,0
0,-0.1006573565360382,1.1839648788197594,0.3574082388404193,0,0,0,0,1,0,1,1,0,0,0,0,0,0,1,0,0,0,1,0,1,0,0,0,0,1,0
0,0.755324954285857,0.34416982184523986,0.7122643137681528,0,1,1,0,1,0,1,0,0,0,0,0,0,0,0,0,1,0,1,0,1,0,1,1,0,0,0
0,-0.05989629411594795,0.6617952790375828,0.14410195149341956,0,0,0,0,1,0,1,1,0,0,1,0,0,0,1,0,0,0,0,0,0,0,0,1,1,0,0
0,-0.9566396673579334,0.8181135668704638,-0.6324917560907037,1,0,1,0,1,0,0,1,0,0,0,0,0,0,0,0,0,0,1,0,1,0,0,0,0,1,0
0,1.6113072651077522,0.4871844256072372,1.4889241970360445,0,0,1,1,1,0,1,0,0,0,1,0,1,0,1,0,1,0,0,0,1,0,1,1,0,0,0
0,-0.9158786049378431,0.2427292308047534,-0.6584546826891958,1,1,0,0,1,0,1,0,0,0,0,0,0,0,0,0,0,0,1,0,1,0,0,1,1,0,0
0,0.18467008040459354,-1.4983904219721222,-0.7022188682214034,0,0,0,0,1,0,0,0,1,1,0,1,0,1,0,1,0,1,0,1,0,1,0,1,0,1,0
0,-1.2419671042985652,0.3840808740578904,-0.9379145952433984,1,0,0,0,1,0,0,0,0,0,0,0,0,0,1,0,1,0,1,0,1,0,0,0,0,1,0
0,0.918369203966218,1.1989315233995035,1.440549772201301,0,1,0,0,1,0,0,1,0,0,1,0,1,0,0,0,0,0,1,0,1,1,0,1,0,0,1
0,0.021625830724232544,1.0126799464071345,0.43604700971860477,0,1,0,1,1,0,1,1,0,0,1,0,0,0,1,0,0,0,0,0,1,0,0,1,0,0,0
0,0.5515196421854057,0.8680023821362769,0.8602110841131713,0,0,1,1,1,0,0,1,0,0,0,0,0,0,1,0,1,0,0,0,1,1,0,0,0,0,0
0,-1.2827281667186554,-0.3442958288229803,-0.9848110964739798,0,0,0,1,1,0,0,0,0,0,1,0,0,0,0,0,1,0,0,0,0,0,0,0,0,1,0
1,-0.5082679807369407,-0.10815543656479852,-0.4907655000199206,1,0,0,0,1,0,1,0,0,0,0,0,0,0,0,0,0,0,0,0,1,0,0,1,0,0,1
0,-0.9566396673579334,0.5004881096781209,-0.6816382305694126,1,1,1,0,1,0,0,1,0,0,0,0,1,0,1,0,0,0,0,0,0,0,0,1,0,1,0
1,-0.019135231695857704,1.0409502750577622,0.32315129320961355,1,1,0,0,1,0,1,1,0,0,0,0,0,0,0,0,0,0,1,0,1,0,0,1,1,0,0
0,-0.5490290431570309,-0.507265958691303,-0.5840511555721917,0,0,1,1,1,0,0,0,0,0,0,0,0,0,1,0,0,0,0,0,0,0,0,1,0,0,0
0,1.5297851402675717,0.014903641090873524,1.0910098105363002,1,0,1,0,1,0,1,0,0,0,1,0,0,0,1,0,1,0,0,0,0,0,1,0,1,0,0
0,1.1629355784867594,-1.325442529050637,-0.347826023080049,0,0,0,1,1,0,1,0,1,1,0,1,0,1,0,1,0,1,0,1,0,0,1,1,1,0,0
0,-0.2637016062163992,-0.645291680926719,-0.4648246319826846,0,1,0,0,1,0,0,0,0,0,0,0,0,0,0,0,0,0,0,0,0,0,0,0,0,1,0
0,0.5107585797653155,1.426757113113383,1.1452959297876928,0,1,1,0,1,0,1,1,0,0,0,0,1,0,1,0,0,0,1,0,1,0,0,1,0,0,0
0,1.2036966409068497,0.8064728433084405,1.3786093321940232,0,1,1,1,1,0,1,1,0,0,0,0,0,0,1,0,0,0,1,0,0,0,1,1,1,0,0
0,-1.2827281667186554,-1.5033793034987035,-1.0001859136695184,1,1,0,0,1,0,0,0,1,1,0,1,0,1,0,1,0,1,0,1,0,0,0,0,0,0,1
0,-1.201206041878475,-0.6685731280507652,-0.9435395283637174,0,0,0,0,1,0,0,0,0,0,0,0,0,0,0,0,0,0,0,0,0,0,0,0,0,0,1
0,0.3477143300849545,1.2222129705235492,0.7251906306642586,0,0,1,1,1,0,1,1,0,0,1,0,1,0,1,0,0,0,0,0,1,1,0,1,0,0,0
0,1.407501953007301,1.2737647462982231,2.0332412545928764,0,1,1,1,1,0,0,1,0,0,0,0,1,0,1,0,1,0,1,0,1,0,1,0,0,0,0
0,-1.2827281667186554,0.6584693580198622,-0.9715097840365194,1,1,0,0,1,0,1,1,0,0,0,0,0,0,0,0,0,0,1,0,0,0,0,1,0,0,1
0,1.570546202687662,1.0243206699691578,2.0162341038643827,0,0,1,0,1,0,1,1,0,0,1,0,1,0,0,0,0,0,1,0,0,1,0,0,0,0,1
0,0.18467008040459354,0.3408439008275187,0.16413112511400654,0,0,1,1,1,0,0,0,0,0,1,0,1,0,0,0,0,0,1,0,1,1,0,0,0,0,0
0,1.1221745160666692,-0.1164702391091007,0.6526841398152835,0,1,1,0,1,0,0,0,0,0,1,0,1,0,0,0,1,0,0,0,0,0,1,1,0,0,1
1,-1.2827281667186554,0.1562552843440105,-0.9781714695358776,1,0,1,0,1,0,0,1,0,0,0,0,0,0,0,0,0,0,0,0,0,0,0,1,0,1,0
0,-1.0789228546182041,-1.501716342989843,-0.951701196028494,0,0,0,0,1,0,0,0,1,1,0,1,0,1,0,1,0,1,0,1,0,0,0,0,1,0,0
0,-0.7935954176775724,-1.1242243074785245,-0.8556582203192038,1,0,0,0,0,1,0,0,0,0,0,0,1,0,0,0,0,0,0,0,0,0,0,1,0,1,0
0,-0.8751175425177529,-0.4607030644432108,-0.7522256265891023,0,0,1,1,1,0,0,0,0,0,1,0,0,0,0,0,0,0,0,0,0,0,0,0,0,0,0
0,-1.0381617921981139,-0.4607030644432108,-0.852658255988367,1,1,0,0,1,0,0,0,0,0,1,0,0,0,0,0,0,0,0,0,0,0,0,1,0,0,1
0,-0.9158786049378431,0.7981580407641383,-0.598808333052558,0,0,1,1,1,0,0,1,0,0,0,0,0,0,0,0,0,0,1,0,1,0,0,1,0,1,0
0,0.06238689314432279,-1.4900756194278202,-0.7092996663846285,0,1,1,0,1,0,0,0,1,1,0,1,0,1,0,1,0,1,0,1,0,0,1,0,1,0,0
0,1.2036966409068497,0.00825179905543169,0.688220481998946,0,0,0,0,1,0,0,0,0,0,1,0,0,0,0,0,1,0,0,0,1,0,1,1,0,0,1
0,1.2852187657470302,0.17621081045033601,0.9679009801657101,0,1,1,0,1,0,1,0,0,0,0,0,1,0,0,0,1,0,0,0,1,1,0,1,0,0,1
0,-1.2827281667186554,-0.6818768121216486,-0.9892889844089788,1,0,1,1,1,0,0,0,0,0,0,0,0,0,0,0,0,0,0,0,0,0,0,1,0,0,0
0,-0.3044626686364894,-1.466794172303774,-0.7885340184167301,0,1,0,0,1,0,0,0,1,1,0,1,0,1,0,1,0,1,0,1,0,0,1,1,0,0,1
0,-0.2637016062163992,-0.292744053048307,-0.3236277813820491,0,0,0,0,1,0,0,0,0,0,0,0,1,0,1,0,0,0,0,0,0,1,0,1,0,0,1
0,-0.9158786049378431,-1.4934015404455407,-0.9120178443286748,0,1,0,1,1,0,0,0,1,1,0,1,0,1,0,1,0,1,0,1,0,1,0,1,0,0,0
0,0.8368470791260375,1.1224353399919231,1.334580443926742,0,0,0,0,1,0,1,1,0,0,1,0,1,0,1,0,0,0,1,0,0,1,0,0,0,0,1
0,-1.0381617921981139,0.493836267642679,-0.750306531759817,1,0,0,0,1,0,0,1,0,0,0,0,0,0,0,0,0,0,1,0,0,0,0,1,0,1,0
0,0.021625830724232544,0.4705548205186328,0.12795508465391559,0,1,0,0,1,0,0,1,0,0,0,0,1,0,1,0,0,0,0,0,0,0,0,1,1,0,0
1,1.570546202687662,0.8181135668704638,1.8301921982299878,0,0,1,0,1,0,0,1,0,0,0,0,1,0,1,0,0,0,0,0,1,0,1,0,1,0,0
0,-0.14141841895612844,0.31091061166803113,-0.1294903837666464,0,0,0,0,1,0,1,1,0,0,0,0,0,0,0,0,0,0,0,0,0,0,0,1,0,1,0
0,-0.34522373105657966,0.5370732408730502,-0.16010766679018681,0,1,1,1,1,0,1,0,0,0,1,0,0,0,0,0,1,0,1,0,1,0,0,0,0,0,0
0,-0.5082679807369407,-0.507265958691303,-0.5942422108725344,0,1,1,1,1,0,0,0,0,0,0,0,0,0,1,0,0,0,0,0,0,0,0,1,0,1,0
0,-1.2827281667186554,0.6568063975110013,-0.9715318425977757,0,0,0,0,1,0,1,1,0,0,0,0,0,0,0,0,0,0,1,0,0,0,0,1,0,1,0
0,0.8776081415461278,-0.327666223734376,0.35553326113364625,1,1,0,1,1,0,1,0,0,0,0,0,1,0,0,0,0,0,0,0,0,0,0,1,1,0,0
1,-1.1196839170382944,0.6651212000553035,-0.8255262256432988,1,0,0,0,1,0,0,1,0,0,0,0,0,0,1,0,0,0,1,0,0,0,0,1,0,0,1
0,1.6113072651077522,0.6435027134401181,1.6322386695172708,0,0,1,1,1,0,1,0,0,0,1,0,0,0,1,0,1,0,1,0,1,0,1,1,0,0,0
0,0.7960860167059473,1.3785312583564302,1.4118515840070458,0,1,1,0,1,0,0,1,0,0,1,0,1,0,1,0,1,0,1,0,1,0,1,1,0,1,0
0,-0.9566396673579334,0.13962567925540614,-0.7214318750755127,0,0,0,0,1,0,0,1,0,0,0,0,0,0,0,0,0,0,0,0,0,0,0,0,0,1,0
0,-1.2827281667186554,-0.6469546414355796,-0.9888257546225996,0,0,0,0,1,0,0,0,0,0,0,0,0,0,0,0,0,0,0,0,0,0,0,1,0,0,1
1,-1.2827281667186554,0.29261804607056646,-0.9763626675128732,1,1,0,0,1,0,1,1,0,0,0,0,0,0,0,0,0,0,0,0,0,0,0,1,0,1,0
0,0.021625830724232544,0.30093284861486863,0.05218392673902996,1,1,1,1,1,0,0,0,0,0,0,0,0,0,1,0,1,0,1,0,1,1,0,1,0,0,1
0,0.918369203966218,0.42898080779712194,0.957952569039185,1,0,1,0,1,0,1,1,0,0,0,0,0,0,1,0,0,0,0,0,0,0,0,1,0,1,0
0,1.4890240778474815,1.1473797476248297,2.016013518251821,0,1,1,1,1,0,1,1,0,0,0,0,0,0,0,0,1,0,1,0,1,0,1,1,0,1,0
0,-1.2827281667186554,-0.46901786698751297,-0.9864654885681913,0,1,0,0,1,0,0,0,0,0,1,0,0,0,0,0,0,0,0,0,0,0,0,1,0,0,1
0,0.8776081415461278,0.7399544229540231,1.080179056959529,0,1,0,0,1,0,1,0,0,0,1,0,0,0,1,0,1,0,1,0,1,0,1,0,0,0,0
0,0.021625830724232544,-1.4867496984100992,-0.7079099770254909,0,1,0,1,1,0,0,0,1,1,0,1,0,1,0,1,0,1,0,1,0,1,0,1,0,0,1
1,0.5107585797653155,1.1257612610096444,0.9877978024187603,0,1,1,0,1,0,1,1,0,0,0,0,1,0,1,0,1,0,1,0,0,1,0,1,0,0,0
0,-0.8751175425177529,-1.318790687015195,-0.867216906417428,0,0,0,1,0,1,0,0,0,0,0,0,0,0,0,0,0,0,0,0,0,0,0,0,0,1,0
0,-1.0789228546182041,-0.3043847766103298,-0.8607758065306312,0,1,0,0,1,0,0,0,0,0,1,0,1,0,0,0,0,0,0,0,0,0,0,1,0,0,0
0,-0.46750691831685043,0.016566601599733864,-0.38045063517789923,0,1,0,0,1,0,0,0,0,0,1,0,0,0,1,0,0,0,1,0,0,0,0,0,0,0,0
0,1.3259798281671205,-1.3154647659974745,-0.2374449825542593,0,0,1,1,1,0,1,0,1,1,0,1,0,1,0,1,0,1,0,1,0,0,1,1,0,0,0
1,-1.0789228546182041,0.6484915949666992,-0.7993427134322451,1,0,1,0,1,0,1,1,0,0,0,0,0,0,0,0,0,0,0,0,1,0,0,1,0,1,0
0,-0.9974007297780236,0.6684471210730246,-0.7139760813709329,1,0,0,0,1,0,0,1,0,0,1,0,0,0,0,0,0,0,1,0,0,0,0,0,0,1,0
0,-0.8751175425177529,0.2992698881060078,-0.6002200809729519,1,1,0,0,1,0,0,1,0,0,0,0,0,0,0,0,1,0,0,0,0,0,0,1,0,1,0
0,0.429236454925135,-1.3503869366835435,-0.5332944061217836,0,1,1,1,1,0,1,0,1,1,0,1,0,1,0,1,0,1,0,1,0,0,1,0,0,0,1
0,0.6738028294456765,-0.4340956963014439,0.1122714476007907,1,1,1,1,0,1,0,0,0,0,0,0,1,0,0,0,0,0,1,0,1,1,0,1,0,0,0
1,-1.2827281667186554,-0.6269991153292543,-0.9885610518875257,1,0,1,0,1,0,0,0,0,0,0,0,0,0,0,0,0,0,0,0,0,0,0,0,0,1,0
1,-0.712073292837392,0.48385850458951646,-0.49881687487841647,1,1,0,0,1,0,0,1,0,0,0,0,0,0,0,0,0,0,0,0,1,0,0,1,0,1,0
0,1.1221745160666692,-0.14474056775972813,0.6210301044127039,0,1,1,1,1,0,0,0,0,0,1,0,1,0,1,0,0,0,0,0,0,0,1,0,0,0,0
0,-0.6305511679972114,-1.322116608032916,-0.839974583266079,0,1,0,0,0,1,0,0,0,0,0,0,0,0,0,0,0,0,0,0,0,0,0,0,1,0,0
1,-0.6713122304173017,0.23108850724273008,-0.49365517154447663,1,1,1,0,1,0,0,1,0,0,0,0,0,0,0,0,0,0,0,0,0,0,0,1,0,0,0
0,0.10314795556441304,-1.4900756194278202,-0.6794103158825412,0,1,1,1,1,0,0,0,1,1,0,1,0,1,0,1,0,1,0,1,0,1,0,0,0,0,0
1,0.46999751734522527,0.7831913961843948,0.7174039585408365,1,1,1,0,1,0,1,1,0,0,0,0,1,0,0,0,0,0,0,0,1,1,0,0,0,0,1
0,-0.8343564800976626,-1.1508316756202912,-0.8461289218565458,0,0,1,1,0,1,0,0,0,0,0,0,0,0,0,0,1,0,0,0,0,1,0,0,1,0,0
0,-0.1821794813762187,-0.1646960938660534,-0.2788489020320585,0,0,0,0,1,0,0,0,0,0,1,0,1,0,0,0,1,0,0,0,0,1,0,1,0,1,0
0,1.5297851402675717,-1.3204536475240558,-0.15260775596309478,0,1,1,0,1,0,1,0,1,1,0,1,0,1,0,1,0,1,0,1,0,0,1,0,0,0,0
0,-1.1196839170382944,-0.6269991153292543,-0.9110472676334042,1,0,0,1,1,0,0,0,0,0,0,0,0,0,0,0,0,0,0,0,0,0,0,0,0,0,1
0,-0.5897901055771212,1.2122352074703868,-0.21710698907608614,0,1,0,0,1,0,0,1,0,0,0,0,1,0,1,0,0,0,1,0,1,0,0,0,1,0,0
0,1.5297851402675717,0.40237343965535505,1.3248526184127785,0,1,1,0,1,0,1,0,0,0,1,0,0,0,0,0,1,0,1,0,1,0,1,1,1,0,0
0,-0.9566396673579334,-0.3176884606812135,-0.7877399102115087,0,0,1,1,1,0,1,0,0,0,0,0,1,0,0,0,0,0,0,0,0,0,0,1,0,0,1
1,1.407501953007301,0.9178911974020899,1.7003113895537592,0,0,0,0,1,0,0,1,0,0,1,0,1,0,0,0,1,0,1,0,0,0,1,1,0,0,0
0,-1.2827281667186554,-0.5455140503950929,-0.9874801823859743,0,0,0,0,1,0,0,0,0,0,1,0,0,0,0,0,0,0,0,0,0,0,0,1,0,0,0
0,-0.5897901055771212,-1.513357066551866,-0.8724227268738801,0,0,1,1,1,0,0,0,1,1,0,1,0,1,0,1,0,1,0,1,0,0,1,0,0,0,1
0,-1.1604449794583847,-0.4357586568103043,-0.9201353948709391,1,1,0,0,1,0,1,0,0,0,0,0,0,0,0,0,0,0,0,0,0,0,0,0,1,0,0
1,1.570546202687662,0.7266507388831399,1.7172964817209968,0,1,1,1,1,0,0,1,0,0,1,0,1,0,1,0,0,0,0,0,0,1,0,1,0,0,0
0,-0.1006573565360382,0.982746657247647,0.24349782851364493,1,1,1,1,1,0,1,1,0,0,1,0,1,0,0,0,0,0,1,0,0,0,0,1,0,1,0
0,-1.2827281667186554,-0.3043847766103298,-0.9842816910038321,0,1,1,0,1,0,0,0,0,0,1,0,0,0,1,0,0,0,0,0,0,0,0,0,0,0,1
0,0.918369203966218,0.6451656739489785,1.0160548193878924,0,0,0,0,1,0,1,1,0,0,1,0,0,0,1,0,0,0,0,0,0,1,0,1,1,0,0
0,1.081413453646579,-0.006714845524311847,0.6391181246427493,0,1,0,0,1,0,0,0,0,0,0,0,0,0,1,0,1,0,1,0,0,0,0,1,0,1,0
0,-1.2827281667186554,0.17621081045033601,-0.9779067668008038,1,0,0,0,1,0,0,1,0,0,0,0,0,0,0,0,0,0,0,0,0,0,0,1,0,0,1
0,-1.0381617921981139,0.14461456078198764,-0.7981736096856691,0,0,1,0,1,0,0,1,0,0,0,0,0,0,0,0,0,0,0,0,0,0,0,1,0,0,0
0,0.5107585797653155,-0.3393069472963991,0.11776402935357273,0,1,1,1,1,0,0,0,0,0,1,0,0,0,0,0,1,0,0,0,0,0,1,0,0,0,0
0,0.8776081415461278,-1.3337573315949391,-0.416736968444271,0,0,1,1,1,0,1,0,1,1,0,1,0,1,0,1,0,1,0,1,0,1,0,1,0,0,0
0,0.755324954285857,-1.360364699736706,-0.47223630856475207,0,1,1,1,1,0,1,0,1,1,0,1,0,1,0,1,0,1,0,1,0,1,0,1,0,0,1
1,1.6113072651077522,1.335294285126059,2.3343626743006216,0,0,1,0,1,0,1,1,0,0,0,0,1,0,1,0,0,0,1,0,1,1,0,0,1,0,0
0,0.46999751734522527,-0.16635905437491375,0.13993288341600651,0,1,1,0,1,0,0,0,0,0,1,0,1,0,0,0,1,0,0,0,0,1,0,1,0,0,0
0,-1.2419671042985652,-1.4900756194278202,-0.9900169169304319,0,1,0,0,1,0,0,0,1,1,0,1,0,1,0,1,0,1,0,1,0,0,0,0,0,0,1
0,1.3667408905872107,0.9079134343489274,1.663275065204678,0,0,0,0,1,0,1,1,0,0,0,0,0,0,1,0,0,0,1,0,0,1,0,1,0,0,0
0,1.4482630154273912,-0.6669101675419048,0.30744559759523266,0,1,1,1,0,1,0,0,0,0,1,0,1,0,0,0,0,0,1,0,0,1,0,0,0,0,1
0,-0.05989629411594795,-1.4618052907771928,-0.7047335442046049,0,0,0,0,1,0,0,0,1,1,0,1,0,1,0,1,0,1,0,1,0,0,1,0,1,0,0
1,-0.46750691831685043,1.0160058674248558,-0.11543908024647696,0,0,0,0,1,0,1,1,0,0,0,0,0,0,0,0,0,0,1,0,1,0,0,1,0,0,0
0,-0.46750691831685043,0.5154547542578644,-0.2380405637081754,0,1,0,1,1,0,1,1,0,0,1,0,0,0,0,0,0,0,0,0,0,0,0,0,0,1,0
0,0.918369203966218,0.6734360025996057,1.0460985798187725,0,0,1,1,1,0,1,0,0,0,1,0,0,0,1,0,1,0,1,0,1,0,1,1,0,0,0
0,-0.9566396673579334,-1.0028281903317124,-0.8782241284842484,1,1,0,0,0,1,0,0,0,0,0,0,0,0,0,0,0,0,1,0,0,0,0,1,1,0,0
1,1.570546202687662,1.6695493474070064,2.5278383150783394,0,1,1,0,1,0,1,1,0,0,1,0,1,0,1,0,1,0,1,0,1,0,1,1,0,0,0
0,-1.2827281667186554,0.5403991618907709,-0.9730759418857063,1,0,0,0,1,0,0,1,0,0,0,0,0,0,0,0,0,0,0,0,1,0,0,1,0,1,0
0,-0.4267458558967602,-1.4934015404455407,-0.8176072021523398,0,1,1,1,1,0,0,0,1,1,0,1,0,1,0,1,0,1,0,1,0,1,0,0,0,0,1
0,-1.2827281667186554,-1.4734460143392158,-0.9997888595669076,1,0,1,1,1,0,0,0,1,1,0,1,0,1,0,1,0,1,0,1,0,0,0,0,0,0,1
0,1.1629355784867594,1.3885090214095928,1.8271701753378946,1,0,0,0,1,0,1,1,0,0,0,0,0,0,1,0,1,0,1,0,1,0,1,1,0,1,0
0,1.407501953007301,0.7083581732856752,1.5869303846971325,0,0,1,0,1,0,1,0,0,0,0,0,1,0,1,0,1,0,1,0,1,0,1,0,0,0,0
1,-0.7528343552574821,0.4655659389920513,-0.5483604034597361,0,0,0,0,1,0,0,1,0,0,1,0,1,0,0,0,0,0,0,0,0,0,0,0,0,1,0
0,1.081413453646579,1.3934979029361743,1.7497446253287976,1,1,1,0,1,0,1,1,0,0,1,0,1,0,1,0,1,0,1,0,0,0,0,1,0,1,0
1,-0.46750691831685043,0.7216618573565584,-0.1894896703833826,0,1,1,0,1,0,0,1,0,0,0,0,0,0,1,0,0,0,1,0,0,0,0,0,0,0,0
0,-1.1604449794583847,-0.7467322719672057,-0.9442674608851704,0,1,0,0,0,1,0,0,0,0,1,0,1,0,0,0,1,0,0,0,0,0,0,0,0,0,1
0,-1.201206041878475,0.8181135668704638,-0.9027753071623467,1,0,0,0,1,0,0,1,0,0,0,0,0,0,0,0,0,0,1,0,1,0,0,1,0,1,0
0,1.5297851402675717,-1.3503869366835435,-0.24820956044726192,0,1,1,0,1,0,1,0,1,1,0,1,0,1,0,1,0,1,0,1,0,0,1,0,0,0,0
0,-1.201206041878475,1.0991538928678775,-0.8697536409618856,1,0,0,0,1,0,0,1,0,0,0,0,1,0,0,0,1,0,1,0,1,0,0,1,0,1,0
1,-0.46750691831685043,-1.4751089748480761,-0.819349828491576,0,1,0,0,1,0,0,0,1,1,0,1,0,1,0,1,0,1,0,1,0,1,0,0,0,0,0
0,-0.5082679807369407,-1.505042264007564,-0.8517317964156085,0,1,0,0,1,0,0,0,1,1,0,1,0,1,0,1,0,1,0,1,0,0,0,1,1,0,0
0,-0.4267458558967602,-1.4834237773923784,-0.7934530775768522,0,1,1,1,1,0,0,0,1,1,0,1,0,1,0,1,0,1,0,1,0,1,0,0,0,0,0
0,-1.2827281667186554,-0.3043847766103298,-0.9842816910038321,1,1,0,0,1,0,0,0,0,0,0,0,0,0,0,0,0,0,0,0,1,0,0,1,0,0,1
0,1.24445770332694,-1.4717830538303551,-0.43590585817586797,0,0,0,0,1,0,0,0,1,1,0,1,0,1,0,1,0,1,0,1,0,0,1,1,0,0,1
0,1.5297851402675717,-1.4983904219721222,-0.400590101604767,0,0,1,1,1,0,0,0,1,1,0,1,0,1,0,1,0,1,0,1,0,0,1,0,0,0,0
0,-0.7935954176775724,0.4971621886603997,-0.5793967991471434,1,1,0,0,1,0,0,1,0,0,0,0,1,0,1,0,0,0,0,0,0,0,0,1,0,1,0
0,-1.1196839170382944,0.5104658727312833,-0.8393348849896506,0,0,0,0,1,0,0,1,0,0,0,0,0,0,0,0,0,0,1,0,0,0,0,0,0,1,0
0,1.6113072651077522,1.7144492811462384,2.760181140789399,0,0,1,1,1,0,1,1,0,0,1,0,1,0,1,0,1,0,1,0,1,0,1,1,1,0,0
0,-0.7935954176775724,-1.1042687813721992,-0.8368202090064492,0,0,0,0,0,1,0,0,0,0,0,0,1,0,0,0,0,0,0,0,0,0,0,1,0,1,0
0,1.1629355784867594,0.9744318547033448,1.5198723584784273,0,1,1,0,1,0,0,1,0,0,0,0,1,0,1,0,1,0,0,0,1,0,0,0,1,0,0
0,-1.2827281667186554,-1.4701200933214948,-0.9997447424443953,0,1,0,0,1,0,0,0,1,1,0,1,0,1,0,1,0,1,0,1,0,0,0,0,0,1,0
1,0.9591302663863083,0.39904751863763394,0.877482937576739,0,0,1,0,1,0,1,1,0,0,0,0,0,0,0,0,1,0,0,0,0,0,0,1,0,0,0
0,-1.1604449794583847,-1.4867496984100992,-0.971575959720288,0,0,0,0,1,0,0,0,1,1,0,1,0,1,0,1,0,1,0,1,0,0,0,0,0,0,1
0,0.10314795556441304,-0.3193514211900738,-0.15999737398390607,0,1,0,0,1,0,1,0,0,0,1,0,0,0,0,0,0,0,0,0,0,0,1,0,0,0,1
0,-0.5897901055771212,-0.8581506260608548,-0.7133363830945045,1,0,1,0,0,1,0,0,0,0,0,0,0,0,1,0,0,0,1,0,0,0,0,1,0,1,0
0,1.6113072651077522,0.5753213325768404,1.543011789236132,0,1,1,0,1,0,1,0,0,0,0,0,1,0,1,0,0,0,1,0,1,0,1,0,0,0,0
1,0.6738028294456765,1.2687758647716416,1.270323854987568,0,0,0,0,1,0,1,1,0,0,1,0,1,0,1,0,1,0,0,0,1,1,0,0,0,0,0
0,0.46999751734522527,1.0060281043716928,0.7825428899302564,0,0,1,0,1,0,1,1,0,0,1,0,1,0,1,0,1,0,0,0,0,0,0,1,1,0,0
1,-1.201206041878475,0.6335249503869557,-0.8908857426452801,1,0,1,0,1,0,0,1,0,0,0,0,0,0,0,0,1,0,1,0,0,0,0,1,0,0,1
0,0.18467008040459354,1.0076910648805535,0.5497368344328174,0,0,1,1,1,0,1,1,0,0,0,0,1,0,1,0,0,0,0,0,1,0,0,1,0,1,0
0,1.1629355784867594,0.4971621886603997,1.1594134089916308,0,1,1,0,1,0,1,0,0,0,0,0,1,0,1,0,0,0,1,0,1,1,0,1,0,1,0
0,1.5297851402675717,0.3308661377743562,1.336323070265978,0,1,1,0,1,0,1,0,0,0,1,0,0,0,1,0,1,0,0,0,1,0,1,1,1,0,0
1,-1.2827281667186554,0.166233047397173,-0.9780391181683408,1,0,0,0,1,0,0,1,0,0,0,0,0,0,0,0,0,0,0,0,0,0,0,1,0,1,0
0,0.3477143300849545,-1.4767719353569364,-0.6666825260377409,0,0,0,0,1,0,0,0,1,1,0,1,0,1,0,1,0,1,0,1,0,0,0,0,0,1,0
0,1.5297851402675717,0.44893633390344695,1.3937415052157442,0,1,1,1,1,0,1,0,0,0,1,0,1,0,1,0,1,0,0,0,1,1,0,0,0,0,0
0,-1.2827281667186554,-0.3758920784913287,-0.9852302091378465,1,0,0,0,1,0,0,0,0,0,0,0,0,0,0,0,0,0,1,0,0,0,0,1,0,0,1
0,0.755324954285857,-1.5216718690961684,-0.5642425675641662,0,1,0,0,1,0,0,0,1,1,0,1,0,1,0,1,0,1,0,1,0,1,0,0,0,1,0
0,0.38847539250504476,-1.4917385799366805,-0.6411166535418595,0,0,1,1,1,0,0,0,1,1,0,1,0,1,0,1,0,1,0,1,0,0,1,0,0,0,1
0,1.5297851402675717,0.9661170521590426,1.8936326204026843,1,0,1,1,1,0,1,1,0,0,1,0,1,0,1,0,1,0,0,0,0,0,1,0,0,0,0
0,0.6330417670255862,-1.4934015404455407,-0.5656984326070723,0,1,0,0,1,0,0,0,1,1,0,1,0,1,0,1,0,1,0,1,0,1,0,0,0,0,0
0,1.4482630154273912,1.60635684807031,2.4569862163235756,1,1,1,1,1,0,1,1,0,0,1,0,1,0,1,0,1,0,1,0,1,0,1,1,0,1,0
0,0.6330417670255862,-1.3587017392278458,-0.48692731036134995,0,0,0,0,1,0,1,0,1,1,0,1,0,1,0,1,0,1,0,1,0,0,1,0,1,0,0
1,-0.2637016062163992,0.6684471210730246,-0.05162366253242623,1,0,1,0,1,0,0,1,0,0,0,0,1,0,0,0,0,0,0,0,1,0,0,0,0,1,0
0,-0.8751175425177529,0.5204436357844459,-0.6131684564303136,1,1,1,0,1,0,1,1,0,0,0,0,1,0,0,0,0,0,0,0,0,0,0,1,0,0,0
0,-1.2827281667186554,-1.5150200270607266,-1.0003403235983115,1,1,0,0,1,0,0,0,1,1,0,1,0,1,0,1,0,1,0,1,0,0,0,1,0,0,1
0,-0.22294054379630893,-1.5200089085873079,-0.7876737345277403,0,0,0,0,1,0,0,0,1,1,0,1,0,1,0,1,0,1,0,1,0,1,0,0,0,0,1
1,0.5515196421854057,0.8796431056982997,0.8115719565433539,0,0,0,0,1,0,0,1,0,0,0,0,1,0,1,0,0,0,1,0,0,1,0,1,0,0,0
0,-1.2827281667186554,-0.5056029981824426,-0.9869507769158266,1,1,0,0,1,0,0,0,0,0,0,0,0,0,1,0,0,0,0,0,0,0,0,1,0,0,1
0,0.5515196421854057,-0.3492847103495616,0.07649246124331055,1,0,0,0,1,0,0,0,0,0,0,0,0,0,1,0,1,0,0,0,0,0,1,0,1,0,0
0,-0.3044626686364894,-1.5200089085873079,-0.7981515511244129,0,1,1,1,1,0,0,0,1,1,0,1,0,1,0,1,0,1,0,1,0,0,0,1,0,0,1
0,-1.1604449794583847,0.7848543566932551,-0.8453348136513241,1,1,0,0,1,0,0,1,0,0,0,0,0,0,0,0,0,0,1,0,1,0,0,1,0,1,0
0,-0.7935954176775724,-1.5000533824809827,-0.8916136751667332,0,1,0,0,1,0,0,0,1,1,0,1,0,1,0,1,0,1,0,1,0,0,1,0,0,0,1
0,-0.05989629411594795,0.35414758489840237,0.060742648506417175,0,1,1,0,1,0,0,0,0,0,1,0,1,0,1,0,1,0,0,0,1,1,0,1,1,0,0
0,-0.3859847934766699,0.6285360688603742,-0.19271022032678092,0,0,1,1,1,0,1,1,0,0,0,0,0,0,0,0,0,0,1,0,0,0,0,1,0,1,0
0,-1.2419671042985652,-1.5116941060430058,-0.9819214249494236,0,0,0,0,1,0,0,0,1,1,0,1,0,1,0,1,0,1,0,1,0,0,0,0,0,0,1
0,1.3259798281671205,-1.2755537137848239,-0.2595035438104123,0,0,0,0,1,0,1,0,1,1,0,1,0,1,0,1,0,1,0,1,0,0,1,0,0,0,0
1,-0.4267458558967602,0.8530357375565328,-0.16595318552306737,1,1,0,0,1,0,1,1,0,0,0,0,0,0,0,0,1,0,1,0,0,0,0,1,0,0,0
0,0.918369203966218,-1.5200089085873079,-0.56852192844786,0,0,1,1,1,0,0,0,1,1,0,1,0,1,0,1,0,1,0,1,0,1,0,0,1,0,0
0,-0.9566396673579334,0.9977133018273905,-0.615947835148589,1,1,1,0,1,0,0,1,0,0,0,0,1,0,1,0,1,0,1,0,0,0,0,1,0,0,1
0,-1.0381617921981139,0.16955896841489418,-0.775254764540526,1,1,1,1,1,0,0,1,0,0,0,0,0,0,0,0,0,0,0,0,0,0,0,1,0,0,0
0,0.10314795556441304,-0.7966210872330187,-0.3984504211629202,0,0,1,1,0,1,0,0,0,0,0,0,0,0,0,0,1,0,1,0,0,1,0,0,0,0,1
0,-1.0789228546182041,0.5121288332401437,-0.7911810457674685,0,1,0,0,1,0,0,0,0,0,1,0,0,0,1,0,1,0,1,0,1,0,1,1,0,0,1
0,-1.2827281667186554,-0.5405251688685117,-0.9874140067022058,1,0,0,0,1,0,0,0,0,0,1,0,0,0,0,0,0,0,0,0,0,0,0,1,1,0,0
0,-0.6305511679972114,0.19782929706552138,-0.47636125951965264,0,1,0,0,1,0,0,1,0,0,0,0,0,0,0,0,0,0,0,0,0,0,0,1,0,1,0
0,-0.9158786049378431,-0.15471833081289066,-0.760254942886342,0,1,1,1,1,0,0,0,0,0,0,0,0,0,1,0,0,0,1,0,0,0,0,0,0,0,1
0,-0.712073292837392,-0.32101438169893415,-0.6274403455630447,0,1,0,1,1,0,0,0,0,0,0,0,0,0,1,0,1,0,0,0,0,1,0,0,1,0,0
1,0.30695326766486425,-0.30105885559260914,-0.07827040452985912,1,0,0,0,0,1,0,0,0,0,1,0,1,0,0,0,0,0,1,0,1,0,0,1,0,1,0
0,-0.7935954176775724,-0.35593655238500344,-0.699571840870665,0,0,1,1,1,0,0,0,0,0,1,0,0,0,0,0,1,0,0,0,0,1,0,0,0,0,0
0,-0.14141841895612844,0.508802912222423,-0.009491810533173961,1,1,1,0,1,0,1,1,0,0,0,0,1,0,0,0,0,0,0,0,0,0,0,1,0,0,0
0,-1.201206041878475,0.35414758489840237,-0.9115325559810394,1,0,0,0,1,0,1,1,0,0,0,0,0,0,0,0,0,0,0,0,0,0,0,1,0,1,0
1,1.0406523912264887,1.1823019183108991,1.5277913819693862,0,0,1,0,1,0,1,1,0,0,0,0,0,0,0,0,1,0,1,0,1,0,0,1,0,0,0
0,0.5107585797653155,-0.0765591868964504,0.22485834425219564,0,0,0,0,1,0,0,0,0,0,1,0,1,0,0,0,1,0,0,0,0,1,0,1,1,0,0
0,1.6113072651077522,0.18618857350349852,1.2701032693750065,0,0,1,1,1,0,1,0,0,0,1,0,1,0,1,0,1,0,0,0,0,0,1,1,0,0,0
0,1.4482630154273912,0.6867396866704893,1.5043210727928396,0,1,1,1,1,0,1,1,0,0,1,0,1,0,0,0,0,0,0,0,0,1,0,1,0,0,0
0,-1.2827281667186554,-1.4850867379012387,-0.9999432694957008,1,1,0,0,1,0,0,0,1,1,0,1,0,1,0,1,0,1,0,1,0,0,0,1,0,0,0
0,0.22543114282468377,-0.3442958288229803,-0.09296140632645691,0,0,1,1,1,0,0,0,0,0,1,0,1,0,0,0,0,0,0,0,0,0,0,0,0,1,0
0,-1.2419671042985652,-1.466794172303774,-0.9893551600927474,0,1,0,0,1,0,0,0,1,1,0,1,0,1,0,1,0,1,0,1,0,0,0,0,0,0,1
0,-0.8751175425177529,-1.4800978563746574,-0.9138928220354477,0,1,0,0,1,0,0,0,1,1,0,1,0,1,0,1,0,1,0,1,0,0,0,0,0,0,1
1,-0.5082679807369407,0.8696653426451372,-0.18849703512685573,0,0,1,0,1,0,0,1,0,0,0,0,0,0,0,0,0,0,1,0,1,1,0,1,0,0,0
0,1.6113072651077522,1.3286424430906172,2.286738240548587,0,1,1,0,1,0,1,1,0,0,0,0,1,0,1,0,0,0,1,0,1,0,1,1,0,0,0
0,-1.201206041878475,0.3292031772654958,-0.9076061320774442,1,0,1,0,1,0,1,1,0,0,0,0,0,0,0,0,0,0,0,0,0,0,0,1,1,0,0
0,-0.3859847934766699,1.3036980354577106,0.08088211493328493,1,1,0,0,1,0,1,1,0,0,0,0,0,0,1,0,1,0,1,0,1,0,0,1,0,0,1
0,0.30695326766486425,-0.45737714342548985,-0.08552767118313338,0,1,0,0,1,0,0,0,0,0,0,0,0,0,0,0,1,0,0,0,0,0,0,1,0,1,0
1,1.2036966409068497,0.8297542904324867,1.4747405421483382,0,1,1,0,1,0,1,1,0,0,0,0,1,0,0,0,0,0,0,0,1,0,0,1,0,0,0
0,-0.4267458558967602,-1.4734460143392158,-0.8015706281191166,0,0,0,1,1,0,0,0,1,1,0,1,0,1,0,1,0,1,0,1,0,0,0,1,0,1,0
0,-0.8751175425177529,-0.02667037163063735,-0.6850573075641163,0,0,0,0,1,0,0,0,0,0,1,0,0,0,1,0,0,0,0,0,1,0,0,0,0,0,0
1,-1.0381617921981139,0.33252909828321653,-0.7947765912522214,0,1,1,0,1,0,1,1,0,0,0,0,0,0,0,0,0,0,0,0,0,0,0,1,0,1,0
0,-0.7935954176775724,1.0575798801463665,-0.45981733857753787,1,0,0,0,1,0,1,1,0,0,1,0,1,0,0,0,0,0,1,0,0,0,0,1,0,1,0
1,-1.2827281667186554,-1.4900756194278202,-1.000009445179469,1,1,0,0,1,0,0,0,1,1,0,1,0,1,0,1,0,1,0,1,0,0,0,0,0,0,1
0,0.26619220524477405,1.2837425093513857,0.753381471949622,1,0,0,0,1,0,1,1,0,0,0,0,1,0,1,0,0,0,1,0,1,0,0,1,0,1,0
0,-1.201206041878475,-1.325442529050637,-0.9743332798773071,0,1,1,0,0,1,0,0,0,0,0,0,0,0,0,0,0,0,0,0,0,0,0,0,0,0,1
0,1.0406523912264887,-1.481760816883518,-0.5096696870164437,0,1,0,0,1,0,0,0,1,1,0,1,0,1,0,1,0,1,0,1,0,0,1,0,1,0,0
0,-1.0789228546182041,-1.2805425953114051,-0.9276573642592871,0,1,0,1,1,0,1,0,1,1,0,1,0,1,0,1,0,1,0,1,0,0,0,0,0,0,1
0,-1.2827281667186554,-1.4950645009544015,-1.0000756208632375,1,0,1,1,1,0,0,0,1,1,0,1,0,1,0,1,0,1,0,1,0,0,0,1,0,1,0
0,-0.4267458558967602,-0.3376439867875385,-0.48882434662937907,0,0,1,0,1,0,0,0,0,0,0,0,1,0,1,0,0,0,0,0,0,0,0,1,0,0,1
0,-0.7528343552574821,-0.6153583917672312,-0.7142849012285191,1,1,1,0,0,1,0,0,0,0,0,0,0,0,0,0,0,0,1,0,1,0,0,0,0,1,0
0,1.2852187657470302,0.8447209350122307,1.4745640736582888,0,1,1,1,1,0,1,1,0,0,0,0,0,0,1,0,0,0,0,0,1,1,0,0,1,0,0
0,-1.2827281667186554,-1.4934015404455407,-1.0000535623019815,1,1,0,0,1,0,0,0,1,1,0,1,0,1,0,1,0,1,0,1,0,0,0,0,0,1,0
0,-1.0789228546182041,-1.4701200933214948,-0.9606349133372359,0,1,0,0,1,0,0,0,1,1,0,1,0,1,0,1,0,1,0,1,0,0,0,0,0,0,1
0,-1.2827281667186554,0.49051034662495785,-0.973737698723391,1,1,0,0,1,0,0,1,0,0,0,0,0,0,0,0,0,0,0,0,1,0,0,0,0,1,0
0,0.26619220524477405,-1.310475884470893,-0.5860143675239893,0,1,0,1,1,0,1,0,1,1,0,1,0,1,0,1,0,1,0,1,0,1,0,0,0,0,0
0,-0.5082679807369407,-1.5083681850252848,-0.8309967488348247,0,0,0,0,1,0,0,0,1,1,0,1,0,1,0,1,0,1,0,1,0,1,0,0,0,0,1
0,-1.2827281667186554,0.36745126896928604,-0.9753700322563462,1,1,0,0,1,0,0,1,0,0,0,0,0,0,0,0,1,0,0,0,0,0,0,1,0,1,0
0,-1.2827281667186554,0.37742903202244854,-0.9752376808888095,1,1,1,0,1,0,0,1,0,0,0,0,0,0,1,0,0,0,0,0,0,0,0,0,0,1,0
0,1.2852187657470302,0.0431739697415012,0.9289896781098562,0,1,1,0,1,0,1,0,0,0,1,0,0,0,0,0,0,0,1,0,0,1,0,1,1,0,0
0,-1.2827281667186554,-1.516682987569587,-1.0003623821595675,1,1,0,1,1,0,0,0,1,1,0,1,0,1,0,1,0,1,0,1,0,0,0,0,0,0,1
0,0.5515196421854057,0.14128863976426648,0.3887755129466688,0,0,1,0,1,0,0,0,0,0,0,0,1,0,0,0,0,0,1,0,1,0,0,1,1,0,0
1,-0.1821794813762187,-0.8564876655519943,-0.5250665627732385,0,0,1,1,0,1,0,0,0,0,0,0,1,0,0,0,0,0,0,0,1,1,0,1,0,1,0
0,0.021625830724232544,-1.4900756194278202,-0.7135128515845537,0,0,1,0,1,0,0,0,1,1,0,1,0,1,0,1,0,1,0,1,0,0,0,0,0,0,1
0,0.26619220524477405,-0.16802201488377433,0.025184247761498545,0,1,1,1,1,0,0,0,0,0,1,0,1,0,1,0,0,0,0,0,0,1,0,0,0,1,0
0,0.38847539250504476,0.6468286344578388,0.5742438959884034,1,0,1,0,1,0,1,1,0,0,0,0,0,0,1,0,1,0,0,0,0,0,0,1,0,1,0
0,-1.2827281667186554,-0.5405251688685117,-0.9874140067022058,0,0,0,0,1,0,0,0,0,0,0,0,1,0,0,0,0,0,0,0,0,0,0,1,0,1,0
0,-1.0381617921981139,0.4705548205186328,-0.7781444360650821,1,0,0,0,1,0,0,1,0,0,0,0,0,0,0,0,0,0,1,0,0,0,0,1,0,1,0
1,1.5297851402675717,1.3469350086880818,2.3051791977587306,0,1,1,0,1,0,0,1,0,0,1,0,1,0,1,0,0,0,1,0,1,0,1,0,1,0,0
0,1.3259798281671205,-1.322116608032916,-0.24783456490590736,0,1,0,0,1,0,1,0,1,1,0,1,0,1,0,1,0,1,0,1,0,0,1,1,0,0,0
0,-1.2827281667186554,-0.5022770771647217,-0.9869066597933143,0,1,0,0,1,0,0,0,0,0,1,0,0,0,0,0,0,0,0,0,0,0,0,0,0,1,0
0,-0.5897901055771212,0.9943873808096698,-0.2624373324574806,0,1,1,0,1,0,1,1,0,0,0,0,0,0,0,0,0,0,1,0,1,0,0,1,0,1,0
0,-0.34522373105657966,0.9361837629995546,-0.01707995560529052,0,1,1,0,1,0,1,1,0,0,0,0,0,0,0,0,0,0,1,0,1,0,0,1,0,1,0
0,1.24445770332694,0.23441442826045122,0.9672392233280255,0,1,0,0,1,0,1,0,0,0,1,0,0,0,1,0,1,0,0,0,1,0,1,1,0,0,0
0,0.46999751734522527,0.4223289657616801,0.5224945112814684,0,0,0,1,1,0,1,0,0,0,0,0,1,0,0,0,0,0,1,0,1,1,0,1,0,0,1
0,-1.1604449794583847,-1.4967274614632617,-0.9810611410604337,0,1,0,0,1,0,0,0,1,1,0,1,0,1,0,1,0,1,0,1,0,0,0,1,0,1,0
0,-1.2827281667186554,0.17953673146805668,-0.9778626496782915,1,0,0,0,1,0,0,1,0,0,0,0,0,0,0,0,0,0,0,0,0,0,0,1,0,1,0
0,0.18467008040459354,1.0110169858982743,0.45325268749840414,0,0,1,1,1,0,1,1,0,0,0,0,0,0,0,0,0,0,1,0,1,0,0,1,0,1,0
1,-0.9158786049378431,0.6568063975110013,-0.6269991743379216,1,0,0,0,1,0,0,1,0,0,0,0,0,0,1,0,0,0,0,0,1,0,0,1,1,0,0
0,0.06238689314432279,-1.3237795685417766,-0.6326682245807529,0,1,0,0,0,1,0,0,0,0,0,0,0,0,0,0,0,0,0,0,0,0,0,1,0,0,0
0,0.10314795556441304,-0.3891957625622121,-0.15699740965306916,0,1,1,0,0,1,0,0,0,0,1,0,0,0,1,0,0,0,1,0,1,1,0,0,1,0,0
0,-1.1604449794583847,-1.4867496984100992,-0.9685318782669388,0,0,1,0,1,0,0,0,1,1,0,1,0,1,0,1,0,1,0,1,0,0,0,0,0,1,0
1,0.26619220524477405,1.2105722469615263,0.7333964154515474,0,0,1,0,1,0,1,1,0,0,0,0,0,0,0,0,1,0,1,0,1,0,0,1,0,1,0
1,0.429236454925135,1.1872907998374802,0.8899460246864654,0,1,1,0,1,0,0,1,0,0,0,0,1,0,1,0,0,0,1,0,1,1,0,1,0,0,0
0,-0.6305511679972114,-1.3553758182101248,-0.828018843065244,1,0,1,1,1,0,1,0,1,1,0,1,0,1,0,1,0,1,0,1,0,0,0,0,0,0,1
0,1.1629355784867594,-1.3154647659974745,-0.3228777902993399,0,0,1,0,1,0,1,0,1,1,0,1,0,1,0,1,0,1,0,1,0,0,1,0,0,0,0
0,0.6738028294456765,0.23108850724273008,0.5229136239453354,0,0,1,0,1,0,1,0,0,0,1,0,1,0,1,0,0,0,0,0,1,1,0,0,0,1,0
0,-1.1604449794583847,-1.501716342989843,-0.95688495792369,0,1,0,0,1,0,0,0,1,1,0,1,0,1,0,1,0,1,0,1,0,1,0,0,0,0,1
0,1.2852187657470302,-0.49895115614700075,0.40745911433063037,0,0,1,1,0,1,0,0,0,0,0,0,1,0,1,0,1,0,0,0,1,0,1,0,0,1,0
0,-1.201206041878475,0.15791824485287084,-0.9173560161526637,0,1,0,0,1,0,0,1,0,0,0,0,0,0,0,0,0,0,0,0,0,0,0,1,0,0,1
0,-1.2827281667186554,-1.5000533824809827,-1.000141796547006,0,1,1,1,1,0,0,0,1,1,0,1,0,1,0,1,0,1,0,1,0,0,0,0,0,1,0
0,0.30695326766486425,0.5304213988376084,0.37322422726108095,0,1,1,0,1,0,0,1,0,0,0,0,1,0,1,0,0,0,0,0,0,1,0,0,0,1,0
0,-1.2827281667186554,-0.1613701728483325,-0.9823846547358029,1,0,0,1,1,0,0,0,0,0,1,0,1,0,0,0,1,0,0,0,0,0,0,1,0,1,0
0,-0.9974007297780236,0.7216618573565584,-0.7222480418419903,1,1,0,0,1,0,1,1,0,0,0,0,0,0,0,0,0,0,0,0,1,0,0,1,0,1,0
1,-1.2827281667186554,-1.463468251286053,-0.9996565081993708,1,0,1,0,1,0,0,0,1,1,0,1,0,1,0,1,0,1,0,1,0,0,0,1,0,0,1
1,0.06238689314432279,-0.021681490104055855,-0.07961597676648433,0,0,1,0,1,0,0,0,0,0,0,0,0,0,1,0,1,0,1,0,0,1,0,0,0,0,0
0,-1.2827281667186554,-0.99285042727855,-0.9934139353638795,0,0,1,0,0,1,0,0,0,0,0,0,0,0,0,0,0,0,0,0,1,0,0,0,0,1,0
0,0.26619220524477405,-0.46901786698751297,-0.1214831260306628,1,0,0,0,0,1,0,0,0,0,0,0,0,0,1,0,0,0,1,0,1,0,0,1,0,1,0
1,1.0406523912264887,1.3519238902146633,1.7288331092579647,1,0,1,0,1,0,0,1,0,0,1,0,1,0,0,0,1,0,1,0,1,1,0,1,1,0,0
0,0.5107585797653155,-1.5183459480784474,-0.6101684920994769,0,1,1,1,1,0,0,0,1,1,0,1,0,1,0,1,0,1,0,1,0,0,1,0,0,1,0
1,-1.0789228546182041,0.6750989631084665,-0.7866810992712133,1,1,0,0,1,0,0,1,0,0,1,0,0,0,0,0,0,0,1,0,0,0,0,1,0,0,0
0,0.429236454925135,0.8580246190831143,0.703904119052071,0,1,0,0,1,0,0,1,0,0,1,0,1,0,1,0,1,0,0,0,0,1,0,1,1,0,0
0,0.3477143300849545,-1.4917385799366805,-0.620712484379918,0,1,1,1,1,0,0,0,1,1,0,1,0,1,0,1,0,1,0,1,0,0,1,1,0,0,1
0,-1.1196839170382944,0.32587725624777514,-0.8395995877247243,0,1,0,0,1,0,0,1,0,0,0,0,1,0,0,0,0,0,0,0,0,0,0,1,0,1,0
0,1.6113072651077522,-0.12145912063568196,0.9279970428533294,0,1,0,0,0,1,0,0,0,0,1,0,0,0,1,0,1,0,1,0,1,0,1,1,1,0,0
0,-1.1604449794583847,-1.4934015404455407,-0.9787670506897939,0,1,0,0,1,0,0,0,1,1,0,1,0,1,0,1,0,1,0,1,0,1,0,0,0,0,1
0,-0.9566396673579334,-0.3343180657698178,-0.8090925975074648,0,1,1,1,1,0,0,0,0,0,0,0,1,0,0,0,1,0,0,0,0,0,0,0,0,0,1
1,1.6113072651077522,0.2859662040351246,1.3421465304376023,0,1,1,0,1,0,1,0,0,0,0,0,0,0,1,0,0,0,1,0,1,0,1,1,1,0,0
0,0.021625830724232544,-0.4457364198634668,-0.23287886037423555,0,0,1,0,1,0,0,0,0,0,0,0,0,0,0,0,1,0,0,0,0,1,0,1,0,0,1
0,1.6113072651077522,0.5187806752755855,1.522409093022885,0,0,1,0,1,0,1,1,0,0,1,0,0,0,0,0,0,0,0,0,0,0,1,0,0,0,0
0,-0.4267458558967602,-0.3542735918761429,-0.5003168570438348,1,1,1,0,1,0,0,0,0,0,1,0,0,0,0,0,1,0,0,0,0,0,0,1,0,1,0
0,1.5297851402675717,1.4849607309234982,2.376935697524997,1,0,1,0,1,0,1,1,0,0,0,0,1,0,1,0,1,0,1,0,1,1,0,1,0,1,0
0,-0.46750691831685043,1.315338759019734,-0.056829482988878424,1,1,1,1,1,0,1,1,0,0,0,0,1,0,1,0,0,0,1,0,1,0,0,0,0,1,0
0,-0.712073292837392,0.6800878446350476,-0.47069220927682137,0,1,0,0,1,0,0,1,0,0,0,0,0,0,1,0,0,0,1,0,0,0,0,0,0,1,0
1,-0.14141841895612844,0.48053258357179535,0.05637505337769903,0,1,1,0,1,0,1,1,0,0,0,0,0,0,0,0,1,0,0,0,0,0,0,1,0,1,0
0,-0.712073292837392,0.38740679507561104,-0.49903746049097797,0,0,1,1,1,0,0,0,0,0,0,0,1,0,1,0,1,0,1,0,1,0,0,0,0,0,0
1,1.570546202687662,1.3386202061437797,2.3211495961081856,1,1,1,1,1,0,1,1,0,0,1,0,1,0,0,0,0,0,1,0,1,0,0,1,1,0,0
1,1.6113072651077522,-1.3121388449797535,-0.21062177206677724,0,1,0,0,1,0,1,0,1,1,0,1,0,1,0,1,0,1,0,1,0,0,1,0,0,0,0
0,-0.5490290431570309,0.7316396204097209,-0.3186866636606708,0,0,1,0,1,0,1,1,0,0,0,0,0,0,0,0,0,0,1,0,0,0,0,1,0,1,0
0,-1.2827281667186554,-1.5033793034987035,-1.0001859136695184,0,1,0,0,1,0,0,0,1,1,0,1,0,1,0,1,0,1,0,1,0,0,0,0,0,0,1
0,-1.2827281667186554,0.3607994269338442,-0.9754582665013709,1,0,0,0,1,0,0,1,0,0,0,0,1,0,0,0,0,0,0,0,0,0,0,1,0,1,0
0,-1.2419671042985652,-0.6419657599089983,-0.9716200768428002,0,0,0,0,1,0,0,0,0,0,0,0,0,0,0,0,0,0,0,0,0,0,0,0,0,1,0
1,-0.8751175425177529,0.4406215313591448,-0.6273079941955078,0,0,1,1,1,0,1,1,0,0,0,0,0,0,1,0,0,0,0,0,0,0,0,1,1,0,0
0,-0.8343564800976626,-1.5150200270607266,-0.9079370104962865,0,0,0,0,1,0,0,0,1,1,0,1,0,1,0,1,0,1,0,1,0,1,0,0,0,0,1
0,1.5297851402675717,1.518219941100707,2.4111264674720343,0,0,1,0,1,0,1,1,0,0,0,0,1,0,1,0,1,0,1,0,1,0,1,1,0,1,0
1,-0.5082679807369407,0.8630135006096954,-0.1481298680280957,1,0,1,0,1,0,1,1,0,0,0,0,0,0,1,0,0,0,1,0,0,0,0,0,0,1,0
0,-0.3859847934766699,-1.481760816883518,-0.8012397497002743,0,0,0,0,1,0,0,0,1,1,0,1,0,1,0,1,0,1,0,1,0,0,0,1,0,0,0
1,0.6738028294456765,0.548713964435073,0.7826972998590495,0,1,0,0,1,0,1,0,0,0,1,0,1,0,1,0,1,0,0,0,1,0,1,0,1,0,0
0,-1.1604449794583847,1.1008168533767377,-0.8392245921833698,1,0,1,1,1,0,1,1,0,0,0,0,1,0,0,0,0,0,1,0,1,0,0,1,0,1,0
0,-0.019135231695857704,1.4400607971842665,0.5056417704817675,1,1,0,0,1,0,1,1,0,0,1,0,1,0,0,0,1,0,1,0,1,0,0,1,1,0,0
0,-1.2419671042985652,-0.3176884606812135,-0.960921674633566,0,1,0,1,1,0,0,0,0,0,0,0,0,0,0,0,0,0,0,0,1,0,0,1,0,1,0
1,1.4890240778474815,-0.2761144479597026,0.7349405147394782,0,1,1,0,0,1,0,0,0,0,1,0,1,0,0,0,0,0,1,0,1,0,1,0,1,0,0
0,-1.0789228546182041,0.5204436357844459,-0.8045705924499534,1,1,0,0,1,0,0,1,0,0,0,0,0,0,0,0,0,0,1,0,0,0,0,1,1,0,0
0,-0.34522373105657966,-1.501716342989843,-0.7908942844711385,0,0,1,1,1,0,0,0,1,1,0,1,0,1,0,1,0,1,0,1,0,0,1,1,0,0,1
0,-0.019135231695857704,1.3036980354577106,0.49856097231854235,0,0,0,0,1,0,1,1,0,0,0,0,1,0,1,0,0,0,1,0,1,1,0,1,1,0,0
0,-0.22294054379630893,-0.39917352561537467,-0.34769367171251203,0,0,0,0,1,0,0,0,0,0,1,0,1,0,0,0,0,0,0,0,0,0,1,0,0,0,0
1,-0.22294054379630893,1.3120128380020128,0.25631385260346995,1,0,1,0,1,0,1,1,0,0,1,0,0,0,0,0,1,0,1,0,1,0,0,1,0,0,0
0,1.0406523912264887,0.5254325173110274,1.112009560852158,0,1,0,0,1,0,1,1,0,0,0,0,0,0,0,0,1,0,0,0,0,0,0,0,0,0,0
0,-1.2827281667186554,0.21612186266298605,-0.9773773613306562,1,1,0,0,1,0,0,1,0,0,0,0,0,0,0,0,0,0,0,0,0,0,0,1,0,0,1
0,-0.5897901055771212,-1.3370832526126601,-0.8009088712814321,0,0,1,1,1,0,1,0,1,1,0,1,0,1,0,1,0,1,0,1,0,0,1,1,1,0,0
0,0.592280704605496,-1.4485016067063092,-0.5492427459099822,0,0,1,1,1,0,0,0,1,1,0,1,0,1,0,1,0,1,0,1,0,0,1,1,0,0,0
0,1.5297851402675717,1.5082421780475443,2.3836635587081236,0,0,1,1,1,0,1,1,0,0,0,0,1,0,1,0,1,0,1,0,1,0,1,1,0,1,0
0,-0.7935954176775724,0.8164506063616035,-0.5092946914750891,1,0,0,0,1,0,1,1,0,0,0,0,1,0,1,0,1,0,0,0,0,0,0,0,0,1,0
0,0.14390901798450328,-0.45904010393435046,-0.20812915464483192,0,0,1,1,1,0,0,0,0,0,1,0,0,0,0,0,0,0,0,0,0,0,0,0,1,0,0
0,1.407501953007301,-1.4983904219721222,-0.4303471007393175,0,1,0,0,1,0,0,0,1,1,0,1,0,1,0,1,0,1,0,1,0,0,1,1,0,0,1
0,-0.9158786049378431,-1.4950645009544015,-0.9208633273923922,0,0,0,0,1,0,0,0,1,1,0,1,0,1,0,1,0,1,0,1,0,0,0,1,0,0,1
1,-0.5490290431570309,0.7466062649894649,-0.28652528134919975,0,1,0,0,1,0,0,1,0,0,1,0,0,0,0,0,0,0,0,0,1,0,0,1,0,1,0
0,1.570546202687662,-1.4967274614632617,-0.42370747380121543,0,0,1,1,1,0,0,0,1,1,0,1,0,1,0,1,0,1,0,1,0,0,1,0,0,0,0
0,1.6113072651077522,0.8164506063616035,1.8042954473152644,0,1,1,1,1,0,1,0,0,0,1,0,1,0,1,0,1,0,1,0,1,0,1,1,0,0,1
0,0.6330417670255862,-1.4917385799366805,-0.5959627786505143,0,0,1,1,1,0,0,0,1,1,0,1,0,1,0,1,0,1,0,1,0,0,1,0,0,0,1
0,-0.5897901055771212,0.6119064637717698,-0.29806190888616774,0,1,1,1,1,0,0,0,0,0,1,0,0,0,1,0,1,0,1,0,1,0,0,0,0,1,0
0,-1.2827281667186554,-1.4717830538303551,-0.9997668010056515,1,1,0,0,1,0,0,0,1,1,0,1,0,1,0,1,0,1,0,1,0,0,0,0,0,0,1
1,1.407501953007301,1.2654499437539208,2.074799583999469,0,1,1,0,1,0,1,1,0,0,0,0,1,0,0,0,1,0,1,0,1,0,1,0,0,0,0
0,1.4890240778474815,-0.8564876655519943,0.21738049198635984,0,1,1,1,0,1,0,0,0,0,1,0,0,0,1,0,1,0,0,0,0,0,1,0,0,0,1
0,-0.5490290431570309,1.167335273731155,-0.1566224141117146,1,1,0,0,1,0,1,1,0,0,0,0,1,0,0,0,0,0,1,0,1,0,0,1,0,1,0
1,1.6113072651077522,1.6512567818095416,2.666961660920897,0,1,1,0,1,0,1,1,0,0,1,0,1,0,1,0,1,0,1,0,1,0,1,1,0,0,1
1,0.22543114282468377,-1.4850867379012387,-0.6841970236751264,0,0,0,0,1,0,0,0,1,1,0,1,0,1,0,1,0,1,0,1,0,0,1,0,0,0,1
1,0.30695326766486425,-0.30105885559260914,-0.0015286699197026414,0,1,1,0,1,0,0,0,0,0,0,0,0,0,0,0,0,0,0,0,1,1,0,0,0,1,0
0,1.1629355784867594,-1.3520498971924038,-0.3712742736953396,0,0,1,1,1,0,1,0,1,1,0,1,0,1,0,1,0,1,0,1,0,0,1,1,0,0,1
0,-0.9158786049378431,0.5370732408730502,-0.647954807531267,1,0,0,0,1,0,1,1,0,0,0,0,1,0,0,0,0,0,0,0,0,0,0,1,1,0,0
0,-0.019135231695857704,0.2643477174199388,0.020419598530169614,0,1,1,0,1,0,1,0,0,0,1,0,0,0,0,0,1,0,1,0,0,1,0,1,1,0,0
0,-0.46750691831685043,1.164009352713434,-0.12979920362423256,0,0,0,0,1,0,1,1,0,0,0,0,1,0,0,0,0,0,1,0,1,0,0,1,1,0,0
1,1.081413453646579,1.1523686291514113,1.5896435877316393,0,0,0,0,1,0,1,1,0,0,0,0,0,0,1,0,0,0,1,0,1,1,0,1,0,1,0
1,-0.7935954176775724,0.17621081045033601,-0.6044112076116209,1,0,1,0,1,0,0,1,0,0,0,0,0,0,0,0,0,0,0,0,0,0,0,1,0,1,0
0,0.592280704605496,-1.4834237773923784,-0.5545368006114589,0,0,0,0,1,0,0,0,1,1,0,1,0,1,0,1,0,1,0,1,0,0,1,0,1,0,0
0,1.4890240778474815,-1.2921833188734282,-0.21626876374835238,0,1,1,1,1,0,1,0,1,1,0,1,0,1,0,1,0,1,0,1,0,0,1,1,0,0,0
0,-1.2419671042985652,-1.4950645009544015,-0.9939874579565395,0,1,0,0,1,0,0,0,1,1,0,1,0,1,0,1,0,1,0,1,0,0,0,1,1,0,0
0,-0.4267458558967602,-1.5233348296050289,-0.8085411334760609,0,0,1,1,1,0,0,0,1,1,0,1,0,1,0,1,0,1,0,1,0,0,0,0,0,0,0
1,-0.712073292837392,1.052590998619785,-0.3946342900656057,0,1,1,0,1,0,1,1,0,0,1,0,0,0,1,0,0,0,1,0,0,0,0,1,0,1,0
0,0.8368470791260375,-1.4967274614632617,-0.5458016103540224,0,0,0,0,1,0,0,0,1,1,0,1,0,1,0,1,0,1,0,1,0,0,1,0,1,0,0
1,-0.1821794813762187,-1.3021610819265907,-0.6847705462677864,0,0,1,0,1,0,1,0,1,1,0,1,0,1,0,1,0,1,0,1,0,0,0,0,0,0,1
0,-0.4267458558967602,-1.481760816883518,-0.7992544791872206,0,1,0,0,1,0,0,0,1,1,0,1,0,1,0,1,0,1,0,1,0,1,0,0,0,0,1
1,-0.6713122304173017,0.8879579082426019,-0.32942918299241736,0,1,1,0,1,0,0,1,0,0,0,0,0,0,1,0,1,0,0,0,1,0,0,1,0,1,0
0,0.6330417670255862,-0.8465099024988317,-0.13593148365344304,0,0,1,1,0,1,0,0,0,0,1,0,1,0,0,0,1,0,0,0,0,0,1,0,0,0,1
1,-0.1006573565360382,1.358575732250105,0.3948636758533671,0,1,1,0,1,0,1,1,0,0,1,0,1,0,1,0,1,0,1,0,0,0,0,1,0,0,0
0,-1.201206041878475,0.17953673146805668,-0.9075178978324197,0,0,0,0,1,0,0,1,0,0,0,0,0,0,0,0,0,0,0,0,0,0,0,1,0,1,0
1,0.9998913288063985,0.9611281706324611,1.472975857247846,0,1,0,0,1,0,1,1,0,0,1,0,0,0,0,0,1,0,0,0,1,0,1,0,0,1,0
1,1.4482630154273912,1.0542539591286455,1.8948899583942844,1,0,1,0,1,0,1,1,0,0,1,0,1,0,0,0,0,0,0,0,1,1,0,1,1,0,0
0,-0.3859847934766699,-0.1613701728483325,-0.4145311123186557,0,0,1,0,1,0,0,0,0,0,0,0,0,0,0,0,1,0,1,0,0,1,0,0,0,0,0
0,1.3259798281671205,-0.16802201488377433,0.671213331270452,0,0,1,0,1,0,0,0,0,0,0,0,0,0,0,0,1,0,1,0,0,0,1,1,1,0,0
0,0.46999751734522527,0.8580246190831143,0.7444256960796239,0,1,1,0,1,0,0,1,0,0,0,0,0,0,0,0,0,0,1,0,1,1,0,1,0,0,0
0,1.570546202687662,1.468331125834894,2.371310764404678,0,0,1,1,1,0,1,1,0,0,1,0,1,0,1,0,0,0,1,0,1,0,1,1,0,0,0
0,0.18467008040459354,0.10802942958705779,0.08491883164316097,0,0,1,0,1,0,1,0,0,0,1,0,0,0,1,0,1,0,0,0,0,1,0,0,1,0,0
0,-0.8343564800976626,-1.4784348958657971,-0.8912386796253787,0,0,0,0,1,0,0,0,1,1,0,1,0,1,0,1,0,1,0,1,0,0,0,0,0,0,1
0,1.4890240778474815,0.5686694905413986,1.4623215721611238,0,1,1,1,1,0,1,0,0,0,0,0,1,0,1,0,1,0,1,0,1,0,1,1,0,0,0
0,0.10314795556441304,-0.1430776072508678,-0.13418885731420702,0,0,0,0,1,0,0,0,0,0,1,0,1,0,1,0,0,0,0,0,0,0,0,0,0,1,0
0,-1.1196839170382944,0.02488140414403604,-0.8589008288238582,0,1,0,0,1,0,0,0,0,0,0,0,1,0,0,0,1,0,0,0,1,0,0,1,0,0,0
0,1.0406523912264887,0.5869620561388632,1.1211418052122053,0,1,1,1,1,0,1,1,0,0,0,0,0,0,0,0,0,0,1,0,0,0,1,0,0,0,0
0,1.6113072651077522,0.5803102141034214,1.6295916421665324,0,1,1,0,1,0,1,0,0,0,1,0,1,0,1,0,1,0,0,0,1,0,1,1,0,0,0
0,1.6113072651077522,0.10969239009591861,1.1126051420060739,0,1,1,0,1,0,1,0,0,0,1,0,1,0,1,0,1,0,0,0,0,0,1,0,0,0,1
0,-1.2827281667186554,-1.481760816883518,-0.9998991523731884,0,0,0,0,1,0,0,0,1,1,0,1,0,1,0,1,0,1,0,1,0,0,0,0,1,0,0
0,0.26619220524477405,1.0209947489514366,0.6203242304525071,1,0,0,0,1,0,0,1,0,0,1,0,0,0,1,0,1,0,1,0,0,1,0,1,0,1,0
0,0.8368470791260375,-1.4850867379012387,-0.5376178841279895,0,1,1,1,1,0,0,0,1,1,0,1,0,1,0,1,0,1,0,1,0,1,0,0,1,0,0
0,-0.22294054379630893,0.8097987643261616,0.0427208039601402,0,0,0,0,1,0,0,1,0,0,0,0,0,0,1,0,1,0,0,0,1,0,0,1,0,1,0
1,-1.2827281667186554,0.15958120536173165,-0.9781273524133653,1,0,0,0,1,0,0,1,0,0,0,0,0,0,0,0,0,0,0,0,0,0,0,1,0,1,0
1,-1.2827281667186554,0.8131246853438823,-0.9694583378396971,1,0,0,0,1,0,0,1,0,0,0,0,0,0,0,0,0,0,1,0,1,0,0,1,0,1,0
0,-0.5897901055771212,0.3308661377743562,-0.37442864795496955,0,0,1,0,1,0,0,1,0,0,1,0,0,0,0,0,0,0,0,0,0,0,0,0,0,1,0
0,0.5515196421854057,-1.4850867379012387,-0.6041023877540348,0,1,1,1,1,0,0,0,1,1,0,1,0,1,0,1,0,1,0,1,0,0,1,1,0,0,1
0,1.6113072651077522,0.65015455547556,1.680723387158295,0,0,1,0,1,0,1,0,0,0,1,0,0,0,1,0,1,0,1,0,1,0,1,1,1,0,0
0,0.14390901798450328,0.7549210675337671,0.34911421980810564,1,0,0,0,1,0,0,1,0,0,0,0,0,0,1,0,1,0,0,0,1,0,0,1,0,1,0
0,-1.1604449794583847,-1.3204536475240558,-0.9647598642921368,0,0,1,0,0,1,0,0,0,0,0,0,0,0,0,0,0,0,0,0,0,0,0,1,0,1,0
0,-0.3044626686364894,-1.4983904219721222,-0.7992103620647082,0,0,0,0,1,0,0,0,1,1,0,1,0,1,0,1,0,1,0,1,0,0,1,0,1,0,0
0,0.30695326766486425,-0.465691945969792,-0.1103876697188179,0,0,1,1,0,1,0,0,0,0,0,0,1,0,0,0,0,0,1,0,1,0,0,1,0,1,0
0,1.24445770332694,1.2488203386653165,1.8340745050110712,0,1,1,0,1,0,1,1,0,0,0,0,1,0,1,0,0,0,1,0,1,0,0,1,0,1,0
1,-0.712073292837392,1.0459391565843432,-0.3794138827988601,1,0,0,0,1,0,0,1,0,0,1,0,0,0,1,0,1,0,0,0,1,0,0,1,0,0,1
0,-0.7528343552574821,-0.31103661864577165,-0.6702339543999816,0,1,0,0,1,0,1,0,0,0,0,0,1,0,0,0,0,0,0,0,0,0,0,1,1,0,0
1,1.6113072651077522,1.4932755334678003,2.4907358150454897,0,1,1,0,1,0,1,1,0,0,0,0,1,0,1,0,1,0,1,0,1,0,1,1,0,0,0
0,0.26619220524477405,1.3818571793741514,0.7737635825503075,0,1,0,0,1,0,1,1,0,0,1,0,1,0,0,0,0,0,1,0,1,0,0,1,0,1,0
0,0.592280704605496,-0.1613701728483325,0.21259378419377467,0,0,1,1,0,1,0,0,0,0,1,0,1,0,1,0,0,0,1,0,1,0,1,1,1,0,0
0,-0.5490290431570309,0.7964950802552779,-0.2710622299086365,0,1,1,0,1,0,1,1,0,0,1,0,1,0,0,0,1,0,0,0,0,0,0,1,1,0,0
0,-1.1196839170382944,0.6767619236173268,-0.7993868305547575,1,0,0,0,1,0,1,1,0,0,0,0,0,0,0,0,0,0,1,0,0,0,0,1,0,1,0
0,-0.7935954176775724,-0.9895245062608291,-0.8120484447157893,1,0,0,0,0,1,0,0,0,0,0,0,0,0,0,0,0,0,0,0,1,0,0,1,0,1,0
0,-0.6305511679972114,0.5054769912047018,-0.41519286915634024,0,0,0,0,1,0,1,1,0,0,0,0,0,0,1,0,0,0,0,0,0,0,0,0,0,0,0
1,0.06238689314432279,0.3558105454072627,0.0611617611702842,0,1,1,0,1,0,1,1,0,0,0,0,0,0,0,0,0,0,0,0,0,0,0,1,0,1,0
0,0.38847539250504476,-0.5089289192001635,-0.09212318099872326,0,0,0,0,1,0,0,0,0,0,0,0,1,0,0,0,0,0,0,0,0,0,0,1,0,1,0
0,-1.1196839170382944,0.5470510039262128,-0.8251953472244565,1,1,1,0,1,0,1,1,0,0,0,0,1,0,0,0,0,0,0,0,0,0,0,1,0,1,0
0,1.570546202687662,-1.3620276602455665,-0.27496659525097555,0,0,1,1,1,0,1,0,1,1,0,1,0,1,0,1,0,1,0,1,0,0,1,0,1,0,0
1,-0.5490290431570309,0.051488772285803376,-0.4414866741736747,0,1,1,0,1,0,0,0,0,0,1,0,0,0,1,0,0,0,1,0,0,0,0,0,0,0,0
0,-1.2419671042985652,-1.505042264007564,-0.9930389398225249,1,0,0,1,1,0,0,0,1,1,0,1,0,1,0,1,0,1,0,1,0,0,0,1,0,1,0
0,0.9998913288063985,-1.531649632149331,-0.5260591980297654,0,1,0,0,1,0,0,0,1,1,0,1,0,1,0,1,0,1,0,1,0,0,1,0,1,0,0
0,1.6113072651077522,1.4483755997285688,2.396766344094278,0,1,1,0,1,0,1,1,0,0,0,0,1,0,1,0,1,0,1,0,1,0,1,1,0,1,0
0,-1.0789228546182041,0.7017063312502334,-0.7818282157948597,0,0,0,0,1,0,0,1,0,0,0,0,1,0,0,0,0,0,0,0,1,0,0,1,0,0,1
0,-0.6305511679972114,0.6850767261616291,-0.3684507778545521,1,0,1,1,1,0,1,1,0,0,0,0,0,0,0,0,0,0,0,0,1,0,0,1,0,1,0
0,1.1629355784867594,0.5337473198553295,1.167222139676309,0,1,1,0,1,0,1,0,0,0,0,0,1,0,1,0,0,0,1,0,1,0,1,0,0,0,0
0,-1.2827281667186554,0.20448113910096322,-0.9775317712594492,1,1,1,1,1,0,0,1,0,0,0,0,0,0,0,0,0,0,0,0,0,0,0,1,0,1,0
0,0.6330417670255862,1.5614569143310781,1.392726811397961,0,1,1,1,1,0,1,1,0,0,1,0,1,0,1,0,1,0,1,0,1,0,1,0,1,0,0
0,-0.6713122304173017,-1.4717830538303551,-0.8631581311462958,0,1,0,0,1,0,0,0,1,1,0,1,0,1,0,1,0,1,0,1,0,0,0,1,1,0,0
1,-0.9566396673579334,0.6717730420907454,-0.6795206086888219,1,1,0,0,1,0,1,1,0,0,0,0,0,0,0,0,0,0,0,0,1,0,0,1,0,1,0
0,-1.201206041878475,-0.6735620095773465,-0.9547232189205871,0,0,0,0,1,0,0,0,0,0,0,0,0,0,0,0,0,0,0,0,0,0,0,0,0,1,0
0,-1.2827281667186554,-0.6802138516127882,-0.9892669258477226,1,1,0,1,1,0,0,0,0,0,0,0,0,0,0,0,0,0,0,0,0,0,0,1,0,1,0
0,1.3259798281671205,1.3386202061437797,1.9169264610891816,0,1,0,0,1,0,1,1,0,0,0,0,1,0,1,0,0,0,1,0,1,0,1,0,1,0,0
0,1.5297851402675717,1.6728752684247274,2.6308076790220616,0,0,1,1,1,0,1,1,0,0,1,0,1,0,1,0,1,0,1,0,1,0,1,1,1,0,0
0,1.1221745160666692,-0.16802201488377433,0.5622219801038001,0,1,1,0,1,0,0,0,0,0,1,0,0,0,0,0,0,0,1,0,0,1,0,1,0,0,1
0,1.4890240778474815,-1.2822055558202659,-0.2308274141774134,0,0,1,0,1,0,1,0,1,1,0,1,0,1,0,1,0,1,0,1,0,1,0,1,0,1,0
1,0.10314795556441304,0.18951449452121918,0.058338265329496576,0,0,0,0,1,0,0,1,0,0,0,0,0,0,0,0,0,0,0,0,0,0,0,0,0,1,0
0,-0.4267458558967602,-1.4900756194278202,-0.8014162181903235,0,0,0,0,1,0,0,0,1,1,0,1,0,1,0,1,0,1,0,1,0,0,0,1,0,0,1
0,1.3667408905872107,0.49882514916926,1.3006543767147785,0,1,1,1,1,0,1,0,0,0,0,0,1,0,1,0,0,0,1,0,1,0,1,0,0,0,0
1,-1.2827281667186554,0.18119969197691702,-0.9778405911170354,1,1,1,0,1,0,0,1,0,0,0,0,0,0,0,0,0,0,0,0,0,0,0,1,0,1,0
0,-1.2827281667186554,0.4821955440806557,-0.9738479915296717,1,0,1,0,1,0,0,1,0,0,0,0,0,0,0,0,0,0,1,0,0,0,0,1,0,0,0
0,0.06238689314432279,0.8380690929767889,0.3574523559629315,0,1,1,1,1,0,1,1,0,0,0,0,0,0,1,0,0,0,0,0,1,0,0,1,1,0,0
0,1.6113072651077522,-1.3437350946481017,-0.25484918738536405,0,0,1,1,1,0,1,0,1,1,0,1,0,1,0,1,0,1,0,1,0,0,1,0,0,0,0
0,-0.05989629411594795,-0.16303313335719283,-0.1932175672356725,0,1,1,1,0,1,0,0,0,0,1,0,0,0,1,0,1,0,1,0,1,1,0,0,0,1,0
0,-0.1006573565360382,-1.3138018054886138,-0.689755781111677,0,1,0,1,1,0,1,0,1,1,0,1,0,1,0,1,0,1,0,1,0,1,0,0,0,0,0
0,-0.9566396673579334,0.8630135006096954,-0.6516165286997884,1,0,0,0,1,0,0,1,0,0,0,0,0,0,0,0,0,0,1,0,1,0,0,1,0,0,0
0,-0.5082679807369407,0.18618857350349852,-0.3599141146484208,1,1,1,1,1,0,0,1,0,0,0,0,0,0,0,0,0,0,0,0,0,0,0,1,0,1,0
1,-0.5490290431570309,-1.0161318744025962,-0.7542329556634122,0,1,1,0,0,1,0,0,0,0,0,0,1,0,1,0,0,0,0,0,0,0,0,1,1,0,0
0,1.3259798281671205,1.3369572456349192,2.04182203492152,0,0,1,0,1,0,1,1,0,0,1,0,0,0,1,0,0,0,1,0,1,0,0,1,0,1,0
0,-0.1006573565360382,-1.5150200270607266,-0.7428727966164934,0,0,1,1,1,0,0,0,1,1,0,1,0,1,0,1,0,1,0,1,0,0,1,0,0,0,1
0,-1.0789228546182041,-1.5200089085873079,-0.9539732278378777,0,1,0,0,1,0,0,0,1,1,0,1,0,1,0,1,0,1,0,1,0,1,0,0,0,0,1
0,-1.2419671042985652,-0.44739938037232735,-0.9661495536512742,0,0,0,0,0,1,0,0,0,0,0,0,1,0,0,0,0,0,1,0,1,0,0,0,0,1,0
0,0.8368470791260375,0.23275146775159042,0.6799044044053764,0,1,1,1,1,0,1,0,0,0,1,0,0,0,0,0,1,0,0,0,1,0,0,0,0,1,0
1,-1.0381617921981139,0.3508216638806817,-0.7736886066913392,0,1,1,0,1,0,1,1,0,0,0,0,0,0,0,0,0,0,0,0,0,0,0,1,0,1,0
0,1.1629355784867594,-0.503940037673582,0.2976295378362446,0,0,1,1,1,0,0,0,0,0,1,0,0,0,0,0,0,0,0,0,0,1,0,1,0,0,0
1,1.5297851402675717,-0.6519435229621608,0.43132647760978793,1,1,0,0,0,1,0,0,0,0,0,0,0,0,0,0,0,0,1,0,1,1,0,1,0,1,0
0,-0.7935954176775724,0.4622400179743306,-0.5697351493169484,0,0,0,0,1,0,1,0,0,0,1,0,0,0,1,0,0,0,1,0,1,0,0,1,0,1,0
1,0.10314795556441304,0.5570287669793752,0.23315236328450925,0,1,1,0,1,0,1,1,0,0,0,0,0,0,1,0,0,0,0,0,0,1,0,1,0,0,0
0,-1.2419671042985652,0.18452561299463818,-0.9405616225941367,0,0,1,0,1,0,0,1,0,0,0,0,0,0,0,0,0,0,0,0,0,0,0,1,1,0,0
0,-1.201206041878475,0.36412534795156487,-0.9001944554953768,1,0,0,0,1,0,1,1,0,0,0,0,0,0,0,0,0,0,0,0,0,0,0,1,0,1,0
0,-1.201206041878475,0.3741031110047274,-0.8952092206514862,0,0,0,0,1,0,1,1,0,0,0,0,0,0,0,0,0,0,0,0,0,0,0,0,0,1,0
0,1.2036966409068497,0.9694429731767633,1.5310560490352967,0,0,0,0,1,0,1,1,0,0,0,0,0,0,0,0,0,0,1,0,1,1,0,1,0,0,0
0,1.6113072651077522,1.30037211443999,2.3077379908644446,0,1,1,1,1,0,1,1,0,0,1,0,1,0,1,0,1,0,0,0,1,0,1,0,1,0,0
0,1.24445770332694,-1.4934015404455407,-0.46409669946123155,0,1,1,0,1,0,0,0,1,1,0,1,0,1,0,1,0,1,0,1,0,0,1,1,0,0,0
1,-0.5082679807369407,0.21445890215412572,-0.395979862302231,1,1,0,0,1,0,0,1,0,0,0,0,0,0,0,0,0,0,0,0,0,0,0,0,1,0,0
1,0.10314795556441304,1.5281977041538695,0.6836102426964101,0,0,0,0,1,0,1,1,0,0,1,0,1,0,1,0,1,0,1,0,1,1,0,1,0,0,0
1,-0.46750691831685043,0.14128863976426648,-0.3582376639929532,1,1,1,0,1,0,0,1,0,0,0,0,0,0,0,0,0,0,0,0,0,0,0,1,0,1,0
0,1.2036966409068497,1.0392873145489014,1.6388121207716042,0,1,1,0,1,0,1,1,0,0,1,0,1,0,0,0,0,0,0,0,1,1,0,0,0,1,0
0,-0.712073292837392,-0.53387332683307,-0.6911675290320708,0,0,0,0,1,0,1,0,0,0,0,0,0,0,0,0,0,0,0,0,0,0,0,1,0,0,1
0,0.918369203966218,-0.4756697090229548,0.2408728597241628,0,0,0,0,1,0,0,0,0,0,1,0,0,0,0,0,0,0,0,0,0,0,0,1,1,0,0
0,-0.8751175425177529,-0.6718990490684861,-0.8005118171788212,0,0,0,0,1,0,0,0,0,0,0,0,0,0,0,0,0,0,0,0,0,0,0,1,0,0,1
0,-0.6305511679972114,0.7782025146578133,-0.3644581782671883,1,0,1,1,1,0,1,1,0,0,0,0,0,0,1,0,0,0,1,0,0,0,0,0,0,1,0
0,1.1629355784867594,-1.510031145534145,-0.4192957615499848,0,0,0,0,1,0,0,0,1,1,0,1,0,1,0,1,0,1,0,1,0,1,0,0,0,0,0
0,1.570546202687662,0.8131246853438823,1.809633619139253,0,0,1,0,1,0,1,0,0,0,1,0,1,0,1,0,1,0,1,0,1,0,1,0,1,0,0
0,-1.2419671042985652,0.1712219289237545,-0.941333672238102,1,0,0,0,1,0,0,1,0,0,0,0,0,0,0,0,0,0,0,0,0,0,0,0,0,0,0
0,0.10314795556441304,-1.516682987569587,-0.7097849547322639,0,1,0,0,1,0,0,0,1,1,0,1,0,1,0,1,0,1,0,1,0,0,1,0,0,0,1
0,-0.6305511679972114,0.18785153401235885,-0.49462574823974736,0,0,0,0,1,0,0,1,0,0,0,0,0,0,0,0,0,0,0,0,0,0,0,0,0,0,0
0,-0.46750691831685043,1.0808613272704122,-0.07379251659486001,1,0,0,0,1,0,1,1,0,0,0,0,0,0,0,0,0,0,1,0,1,0,0,1,0,1,0
0,0.592280704605496,-1.5033793034987035,-0.6022935857310302,0,0,1,0,1,0,0,0,1,1,0,1,0,1,0,1,0,1,0,1,0,0,1,0,0,0,0
0,-1.201206041878475,-1.463468251286053,-0.9770906000343262,0,0,1,0,1,0,0,0,1,1,0,1,0,1,0,1,0,1,0,1,0,0,0,0,0,0,1
0,-1.201206041878475,-1.5033793034987035,-0.9787008750060254,0,1,0,0,1,0,0,0,1,1,0,1,0,1,0,1,0,1,0,1,0,0,0,1,0,0,1
1,0.46999751734522527,-1.513357066551866,-0.6350726077576736,0,1,1,0,1,0,0,0,1,1,0,1,0,1,0,1,0,1,0,1,0,0,1,1,1,0,0
0,-1.2827281667186554,-0.6935175356836717,-0.9894433943377718,0,0,0,0,1,0,0,0,0,0,0,0,0,0,0,0,0,0,0,0,0,0,0,1,0,0,1
0,0.46999751734522527,0.982746657247647,0.8861298935891511,0,0,1,1,1,0,1,1,0,0,0,0,1,0,1,0,0,0,0,0,1,1,0,0,0,1,0
0,-1.1196839170382944,-1.2955092398911492,-0.9492968128515734,1,1,1,1,1,0,1,0,1,1,0,1,0,1,0,1,0,1,0,1,0,0,0,1,0,0,0
0,-0.34522373105657966,-0.30604773711919037,-0.3909725688970843,1,1,0,0,1,0,1,0,0,0,1,0,0,0,0,0,0,0,0,0,0,0,0,1,0,0,0
0,-1.2827281667186554,0.15958120536173165,-0.9781273524133653,1,0,0,1,1,0,0,1,0,0,0,0,0,0,0,0,0,0,0,0,0,0,0,1,0,1,0
0,-0.5897901055771212,0.3508216638806817,-0.3998621690833139,0,0,0,0,1,0,0,1,0,0,1,0,0,0,0,0,0,0,0,0,0,0,0,1,0,1,0
0,-0.9158786049378431,1.1889537603463405,-0.5411251953677179,1,0,0,0,1,0,1,1,0,0,0,0,0,0,1,0,0,0,1,0,1,0,0,1,0,1,0
0,1.3259798281671205,0.20448113910096322,0.926210299391581,0,0,1,0,1,0,0,0,0,0,1,0,1,0,1,0,0,0,0,0,1,0,1,0,0,0,0
1,-1.2827281667186554,0.7033692917590937,-0.9709142028826033,1,0,0,0,1,0,0,1,0,0,0,0,1,0,0,0,0,0,0,0,1,0,0,1,0,1,0
0,0.8368470791260375,1.400149744971616,1.5435411947062794,1,0,0,0,1,0,1,1,0,0,1,0,0,0,1,0,0,0,1,0,1,1,0,1,1,0,0
0,-1.201206041878475,-1.45182752772403,-0.9858919659755312,0,1,0,0,1,0,0,0,1,1,0,1,0,1,0,1,0,1,0,1,0,1,0,0,0,0,1
0,0.021625830724232544,-0.12644800216226346,-0.11839492745480139,0,1,1,0,1,0,0,0,0,0,1,0,1,0,0,0,1,0,0,0,0,0,1,1,0,0,1
0,-1.201206041878475,-1.1724501622354768,-0.9738038744071594,1,1,0,0,0,1,0,0,0,0,0,0,1,0,0,0,0,0,0,0,0,0,0,1,0,1,0
0,0.06238689314432279,0.5021510701869811,0.19435135403493617,0,0,0,0,1,0,0,0,0,0,1,0,0,0,1,0,1,0,1,0,1,1,0,1,0,0,0
0,-0.7528343552574821,-1.501716342989843,-0.8925401347394916,0,0,1,1,1,0,0,0,1,1,0,1,0,1,0,1,0,1,0,1,0,0,1,1,0,0,1
0,-0.7935954176775724,-1.481760816883518,-0.8873563728442957,0,0,0,0,1,0,0,0,1,1,0,1,0,1,0,1,0,1,0,1,0,0,0,1,0,0,1
1,0.5515196421854057,-0.1646960938660534,0.2337700029996816,1,1,1,0,0,1,0,0,0,0,0,0,1,0,1,0,1,0,1,0,1,1,0,1,0,0,0
0,-0.3859847934766699,-1.3470610156658227,-0.7712842235144185,0,1,1,1,1,0,1,0,1,1,0,1,0,1,0,1,0,1,0,1,0,1,0,0,0,0,1
0,0.592280704605496,-1.5000533824809827,-0.5902275527239145,0,0,1,1,1,0,0,0,1,1,0,1,0,1,0,1,0,1,0,1,0,0,1,0,0,0,1
0,-0.6305511679972114,-0.48398451156725697,-0.635271134808979,0,1,0,1,1,0,0,0,0,0,1,0,0,0,0,0,0,0,0,0,0,0,0,1,0,0,1
0,0.6738028294456765,1.022657709460297,1.101487627132973,1,0,1,1,1,0,1,1,0,0,0,0,0,0,0,0,0,0,1,0,1,0,0,1,0,1,0
1,1.081413453646579,-0.4856474720761173,0.31353376050193077,0,1,1,0,0,1,0,0,0,0,0,0,1,0,0,0,0,0,1,0,1,0,0,1,0,1,0
0,1.4890240778474815,0.6817508051439078,1.5929082547975497,0,0,0,0,1,0,1,0,0,0,1,0,0,0,1,0,1,0,1,0,1,0,1,1,1,0,0
0,-0.8751175425177529,-0.7733396401089725,-0.8012397497002743,1,1,0,0,0,1,0,0,0,0,0,0,0,0,1,0,0,0,1,0,0,1,0,1,0,1,0
0,-0.9158786049378431,-0.4390845778280252,-0.7774606206661413,0,1,0,0,1,0,0,0,0,0,1,0,0,0,0,0,0,0,0,0,0,0,0,1,0,0,1
0,-0.8343564800976626,-1.3587017392278458,-0.8898931073887533,0,1,1,1,1,0,1,0,1,1,0,1,0,1,0,1,0,1,0,1,0,0,1,1,0,0,0
0,0.5107585797653155,1.1972685628906428,1.0822966788401198,1,1,0,0,1,0,1,1,0,0,0,0,1,0,0,0,0,0,1,0,1,0,0,1,1,0,0
0,0.26619220524477405,-0.16635905437491375,0.024147495382459392,0,0,1,1,1,0,0,0,0,0,0,0,0,0,1,0,0,0,1,0,0,0,0,1,0,0,1
1,1.570546202687662,-1.310475884470893,-0.21931284520170144,0,1,1,0,1,0,1,0,1,1,0,1,0,1,0,1,0,1,0,1,0,0,1,0,1,0,0
0,1.570546202687662,-1.3620276602455665,-0.29133404770304105,0,1,1,1,1,0,1,0,1,1,0,1,0,1,0,1,0,1,0,1,0,0,1,0,1,0,0
0,0.021625830724232544,-1.3537128577012645,-0.6557855967772013,0,0,1,1,1,0,1,0,1,1,0,1,0,1,0,1,0,1,0,1,0,1,0,0,1,0,0
1,1.407501953007301,0.3607994269338442,1.223846466420854,0,1,0,0,1,0,1,1,0,0,0,0,0,0,0,0,0,0,0,0,0,0,0,1,0,0,1
0,0.18467008040459354,-0.8199025343570646,-0.3696860572848966,1,1,1,1,0,1,0,0,0,0,1,0,1,0,1,0,0,0,0,0,0,0,0,0,0,0,0
0,0.6738028294456765,0.6534804764932807,0.8682624589716672,1,1,1,1,1,0,1,1,0,0,0,0,0,0,0,0,0,0,1,0,0,0,0,0,0,1,0
0,-0.9566396673579334,-0.465691945969792,-0.8030044346007665,0,0,1,0,1,0,0,0,0,0,0,0,1,0,0,0,0,0,0,0,0,0,0,0,0,0,1
0,0.7960860167059473,0.8896208687514623,1.0327972673813124,0,1,1,0,1,0,1,1,0,0,1,0,0,0,1,0,1,0,0,0,0,0,1,1,1,0,0
0,1.5297851402675717,1.1324131030450861,2.0081386118833744,0,0,0,0,1,0,1,1,0,0,0,0,1,0,0,0,0,0,1,0,1,1,0,0,0,1,0
0,-1.2827281667186554,0.670110081581885,-0.9713553741077264,0,1,0,0,1,0,0,1,0,0,0,0,1,0,0,0,0,0,0,0,1,0,0,1,0,1,0
1,-0.7528343552574821,0.46889186000977245,-0.5227504138413425,1,0,0,0,1,0,1,1,0,0,0,0,1,0,0,0,0,0,0,0,0,0,0,1,0,1,0
0,-1.2827281667186554,-0.6835397726305091,-0.9893110429702349,0,1,0,0,1,0,0,0,0,0,0,0,0,0,0,0,0,0,0,0,0,0,0,1,0,0,1
0,-1.2827281667186554,-1.4850867379012387,-0.9999432694957008,1,1,0,0,1,0,0,0,1,1,0,1,0,1,0,1,0,1,0,1,0,0,0,0,0,0,1
0,0.7960860167059473,0.5104658727312833,0.887122528845678,0,0,0,0,1,0,1,1,0,0,0,0,1,0,0,0,0,0,0,0,0,1,0,1,0,0,1
0,-1.0789228546182041,-0.1314368836888447,-0.8261659239197272,0,1,0,0,1,0,0,0,0,0,0,0,0,0,1,0,0,0,1,0,0,0,0,0,0,0,1
0,-1.0381617921981139,-1.0194577954203168,-0.8956503918766093,0,1,1,0,0,1,0,0,0,0,1,0,1,0,0,0,0,0,0,0,0,0,0,0,0,0,1
1,0.592280704605496,0.6767619236173268,0.7423080741990332,1,0,0,0,1,0,1,1,0,0,0,0,1,0,1,0,0,0,0,0,0,0,0,1,0,0,0
0,-0.2637016062163992,0.7416173834628839,-0.005587445190834917,0,0,0,0,1,0,0,1,0,0,1,0,0,0,1,0,1,0,0,0,0,1,0,1,1,0,0
0,-0.3044626686364894,-0.35094767085842216,-0.43674408350360183,0,1,1,1,1,0,0,0,0,0,1,0,0,0,0,0,1,0,0,0,0,0,0,0,0,1,0
0,1.4890240778474815,-1.5216718690961684,-0.4490748192457914,0,1,0,0,1,0,0,0,1,1,0,1,0,1,0,1,0,1,0,1,0,0,1,1,0,0,1
0,1.6113072651077522,1.5930531639994265,2.605484450699998,0,0,0,0,1,0,1,1,0,0,1,0,1,0,1,0,1,0,1,0,1,0,1,1,1,0,0
0,-1.1604449794583847,-1.4934015404455407,-0.9827155331546452,0,1,0,0,1,0,0,0,1,1,0,1,0,1,0,1,0,1,0,1,0,0,0,1,0,0,1
0,1.081413453646579,-1.5083681850252848,-0.5024565374856816,0,1,1,1,1,0,0,0,1,1,0,1,0,1,0,1,0,1,0,1,0,0,1,0,0,0,1
0,1.407501953007301,0.0232184436351757,0.9153354286922977,0,1,0,0,1,0,0,0,0,0,1,0,0,0,1,0,0,0,0,0,1,0,1,0,0,0,0
1,-0.2637016062163992,0.46390297848319095,-0.12382133352381511,0,0,0,0,1,0,0,1,0,0,0,0,0,0,0,0,0,0,0,0,1,0,0,1,0,1,0
0,-0.22294054379630893,0.44394745237686595,-0.09168200977360019,0,0,0,0,1,0,0,0,0,0,0,0,1,0,1,0,1,0,1,0,1,1,0,0,0,0,1
0,1.6113072651077522,1.3436090876703612,2.348347802137022,0,1,1,1,1,0,1,1,0,0,1,0,0,0,1,0,0,0,1,0,1,0,1,0,0,0,0
0,-1.0789228546182041,0.811461724835022,-0.793982483047,0,0,0,0,1,0,0,1,0,0,0,0,0,0,1,0,1,0,0,0,1,0,0,1,0,1,0
0,1.2036966409068497,-1.4701200933214948,-0.4713098489919936,0,1,1,1,1,0,0,0,1,1,0,1,0,1,0,1,0,1,0,1,0,0,1,0,1,0,0
0,-0.5082679807369407,0.12798495569338328,-0.38406823922390837,0,1,0,0,1,0,1,0,0,0,0,0,1,0,0,0,1,0,1,0,0,1,0,1,0,1,0
0,-1.0789228546182041,0.45891409695660995,-0.7956368751412115,0,1,0,0,1,0,0,0,0,0,1,0,0,0,1,0,1,0,1,0,1,0,0,0,1,0,0
0,0.755324954285857,-1.3337573315949391,-0.4641849337062562,0,1,0,0,1,0,1,0,1,1,0,1,0,1,0,1,0,1,0,1,0,0,1,0,0,0,1
0,1.1629355784867594,-1.5000533824809827,-0.43021474937178056,0,0,1,1,1,0,0,0,1,1,0,1,0,1,0,1,0,1,0,1,0,0,1,0,1,0,0
1,1.2036966409068497,0.8064728433084405,1.4697773658657038,0,1,1,0,1,0,1,1,0,0,1,0,1,0,1,0,0,0,0,0,0,0,0,1,0,1,0
0,1.6113072651077522,0.6601323185287225,1.7198552748267104,0,0,0,0,1,0,1,1,0,0,1,0,0,0,0,0,1,0,0,0,0,0,1,1,0,0,0
1,-0.7935954176775724,1.102479813885598,-0.46275112722460626,1,1,1,0,1,0,0,1,0,0,0,0,1,0,1,0,0,0,1,0,1,0,0,1,0,1,0
0,-1.1196839170382944,0.9844096177565073,-0.7891075410093902,1,1,1,0,1,0,0,1,0,0,0,0,0,0,1,0,0,0,1,0,1,0,0,1,0,1,0
1,-1.201206041878475,1.335294285126059,-0.8789520610057013,1,1,0,0,1,0,1,1,0,0,0,0,1,0,1,0,0,0,1,0,1,0,0,1,0,1,0
1,-0.2637016062163992,0.9644540916501818,0.041816402948638046,1,0,1,0,1,0,1,1,0,0,0,0,1,0,1,0,0,0,0,0,1,0,0,1,0,1,0
1,-0.7935954176775724,-0.1646960938660534,-0.6610575929174219,0,1,0,0,1,0,0,0,0,0,0,0,1,0,0,0,0,0,1,0,0,0,0,1,0,1,0
0,0.22543114282468377,-1.4934015404455407,-0.6751530135601036,0,0,1,1,1,0,0,0,1,1,0,1,0,1,0,1,0,1,0,1,0,0,1,1,0,0,1
1,-0.9974007297780236,0.6368508714046763,-0.7382404987527013,1,0,1,0,1,0,1,1,0,0,0,0,0,0,0,0,0,0,0,0,1,0,0,1,0,1,0
1,0.06238689314432279,1.4650052048171731,0.5904789970729319,0,1,1,1,1,0,1,1,0,0,0,0,1,0,1,0,1,0,1,0,1,0,0,1,0,1,0
0,-0.5897901055771212,-1.0394133215266421,-0.7660563444967102,0,1,0,0,0,1,0,0,0,0,1,0,0,0,1,0,0,0,0,0,0,0,0,0,0,0,1
0,0.9591302663863083,0.6983804102325122,1.1060316907517405,0,1,1,1,1,0,0,1,0,0,0,0,1,0,1,0,1,0,0,0,0,1,0,1,0,0,1
0,0.14390901798450328,-0.9978393088051313,-0.4498027517672444,0,0,0,0,0,1,0,0,0,0,0,0,1,0,0,0,1,0,0,0,0,0,0,1,0,0,0
0,-0.9566396673579334,-0.5355362873419304,-0.8137690124937692,1,0,1,0,0,1,0,0,0,0,0,0,0,0,1,0,0,0,1,0,1,0,0,1,0,1,0
0,-1.2827281667186554,0.6651212000553035,-0.9714215497914949,1,1,0,0,1,0,0,1,0,0,0,0,0,0,1,0,0,0,1,0,0,0,0,1,0,1,0
0,-0.8343564800976626,-0.2727885269419817,-0.7199539514713504,1,1,0,0,1,0,0,0,0,0,1,0,0,0,0,0,1,0,0,0,0,0,0,0,0,0,1
1,0.9998913288063985,1.0126799464071345,1.447343809068196,0,0,1,1,1,0,0,1,0,0,0,0,1,0,1,0,1,0,1,0,0,0,0,1,1,0,0
0,0.38847539250504476,0.30093284861486863,0.3854887873195021,1,0,0,0,1,0,0,0,0,0,1,0,1,0,1,0,1,0,0,0,1,1,0,0,1,0,0
0,0.021625830724232544,-1.3420721341392414,-0.6822558702845849,1,0,1,1,1,0,1,0,1,1,0,1,0,1,0,1,0,1,0,1,0,0,1,1,0,0,1
0,1.5297851402675717,0.6568063975110013,1.5085563165540206,0,1,1,0,1,0,0,1,0,0,1,0,1,0,0,0,1,0,0,0,0,0,1,0,0,0,0
0,1.4482630154273912,-0.6619212860153233,0.3523127111902478,0,0,0,0,0,1,0,0,0,0,0,0,1,0,0,0,1,0,0,0,1,0,0,0,0,1,0
0,-1.2827281667186554,-1.3354202921037994,-0.997957998982647,0,1,0,1,0,1,0,0,0,0,0,0,0,0,0,0,0,0,0,0,0,0,0,1,0,1,0
0,0.18467008040459354,1.178975997293178,0.5535088484076196,0,0,0,0,1,0,1,1,0,0,0,0,0,0,0,0,1,0,1,0,1,0,0,0,1,0,0
0,-1.1604449794583847,-1.310475884470893,-0.971708311087825,0,0,0,1,1,0,1,0,1,1,0,1,0,1,0,1,0,1,0,1,0,0,0,1,0,0,1
0,-1.2827281667186554,-0.4706808274963733,-0.9864875471294474,0,1,0,0,1,0,0,0,0,0,1,0,0,0,0,0,0,0,0,0,0,0,0,1,0,0,1
0,-0.5082679807369407,-0.327666223734376,-0.4946478068010035,0,1,0,0,0,1,0,0,0,0,1,0,1,0,1,0,1,0,1,0,0,0,0,1,1,0,0
0,1.6113072651077522,0.11800719264022078,1.1331857796580649,0,1,1,1,1,0,0,0,0,0,1,0,1,0,0,0,1,0,1,0,0,0,1,0,0,0,0
0,-0.05989629411594795,0.8330802114502078,0.22946858355473174,1,0,0,0,1,0,1,1,0,0,0,0,0,0,1,0,0,0,0,0,1,0,0,1,0,1,0
1,-0.5897901055771212,0.4555881759388888,-0.3812226848218646,1,1,1,0,1,0,0,1,0,0,0,0,0,0,0,0,0,0,0,0,1,0,0,0,0,1,0
0,-0.8751175425177529,-0.32600326322551565,-0.7405566476845973,0,1,1,0,1,0,0,0,0,0,0,0,0,0,0,0,0,0,1,0,0,0,0,1,0,0,0
0,0.021625830724232544,-1.4983904219721222,-0.7259097630105118,0,0,1,1,1,0,0,0,1,1,0,1,0,1,0,1,0,1,0,1,0,0,1,0,1,0,0
1,1.2036966409068497,0.6518175159844203,1.1789793528258383,0,0,0,0,1,0,1,1,0,0,0,0,0,0,0,0,0,0,1,0,0,1,0,0,0,1,0
0,-1.2827281667186554,-0.9629171381190622,-0.9930168812612686,0,0,0,0,0,1,0,0,0,0,0,0,0,0,1,0,1,0,0,0,0,0,0,0,0,0,1
0,-0.6713122304173017,0.528758438328748,-0.4259353884880869,0,1,1,0,1,0,0,1,0,0,1,0,1,0,0,0,0,0,0,0,0,0,0,0,0,0,0
0,-0.4267458558967602,0.45891409695660995,-0.2748563024446948,0,1,1,1,1,0,1,0,0,0,0,0,0,0,1,0,1,0,1,0,1,1,0,1,0,0,1
0,0.6738028294456765,-0.10316655503821727,0.3253130322127166,0,0,1,1,1,0,0,0,0,0,1,0,0,0,1,0,1,0,0,0,0,0,0,0,0,0,0
0,0.14390901798450328,-0.038311095192660204,-0.043351702061368846,0,1,1,1,1,0,0,0,0,0,1,0,0,0,1,0,0,0,0,0,1,1,0,1,1,0,0
0,0.38847539250504476,1.1507056686425507,0.8167336598772936,1,1,1,0,1,0,1,1,0,0,0,0,1,0,1,0,1,0,0,0,1,0,0,1,0,1,0
1,-1.1604449794583847,-1.318790687015195,-0.9636348776680729,1,1,0,0,0,1,0,0,0,0,0,0,0,0,0,0,0,0,0,0,0,0,0,1,0,0,0
0,-0.8343564800976626,0.30592173014144963,-0.6238668586395478,1,0,0,0,1,0,1,0,0,0,0,0,0,0,0,0,1,0,1,0,1,1,0,0,0,0,1
0,-0.05989629411594795,0.7565840280426275,0.19300578179831077,0,0,0,0,1,0,0,1,0,0,1,0,0,0,1,0,1,0,0,0,0,0,0,0,0,1,0
0,-1.1196839170382944,0.8081358038173013,-0.8265409194610818,0,1,1,0,1,0,1,1,0,0,1,0,0,0,0,0,0,0,0,0,1,0,0,1,0,1,0
0,1.3667408905872107,-1.4917385799366805,-0.4025974306790769,0,1,1,1,1,0,0,0,1,1,0,1,0,1,0,1,0,1,0,1,0,0,1,0,1,0,0
1,-0.712073292837392,-0.327666223734376,-0.6748441937025176,1,0,0,0,1,0,1,0,0,0,0,0,0,0,0,0,1,0,0,0,0,0,0,0,1,0,0
0,1.2852187657470302,1.315338759019734,1.9437496715766633,0,1,0,0,1,0,1,1,0,0,0,0,1,0,1,0,0,0,1,0,1,0,1,1,0,0,0
0,-0.9158786049378431,-1.4900756194278202,-0.9124590155537978,0,1,1,1,1,0,0,0,1,1,0,1,0,1,0,1,0,1,0,1,0,0,0,1,1,0,0
0,-1.0381617921981139,0.8280913299236263,-0.7402698863882674,1,1,1,1,1,0,0,1,0,0,0,0,1,0,0,0,1,0,1,0,0,0,0,1,0,1,0
0,-0.14141841895612844,-1.0161318744025962,-0.5655881398007916,0,1,0,0,0,1,0,0,0,0,0,0,1,0,0,0,1,0,0,0,0,0,0,0,0,1,0
0,0.9998913288063985,-1.4701200933214948,-0.5122725972446698,0,1,0,0,1,0,0,0,1,1,0,1,0,1,0,1,0,1,0,1,0,0,1,0,0,0,0
0,0.5515196421854057,0.6451656739489785,0.6885954775403006,0,0,0,0,1,0,1,1,0,0,1,0,1,0,0,0,0,0,0,0,0,0,0,0,0,0,1
0,0.8368470791260375,-1.5033793034987035,-0.5773894700728335,0,1,0,0,1,0,0,0,1,1,0,1,0,1,0,1,0,1,0,1,0,0,1,0,0,0,0
0,-0.6305511679972114,0.49882514916926,-0.3967960290687087,0,0,0,0,1,0,0,0,0,0,1,0,1,0,0,0,1,0,1,0,1,1,0,0,1,0,0
0,0.22543114282468377,-1.4850867379012387,-0.6797191357401273,0,0,1,1,1,0,0,0,1,1,0,1,0,1,0,1,0,1,0,1,0,0,1,1,0,0,1
0,-0.712073292837392,-1.4983904219721222,-0.8744741730707024,0,1,0,0,1,0,0,0,1,1,0,1,0,1,0,1,0,1,0,1,0,1,0,0,0,0,1
0,-0.4267458558967602,-0.4823215510583964,-0.5240739275167117,0,0,0,0,0,1,0,0,0,0,0,0,1,0,0,0,0,0,1,0,1,0,0,1,0,1,0
0,-0.7528343552574821,0.6750989631084665,-0.5062726685829961,1,1,1,0,1,0,1,1,0,0,0,0,0,0,0,0,0,0,0,0,1,0,0,1,0,1,0
0,0.9998913288063985,0.32421429573891436,0.9186000957582081,0,0,1,0,1,0,1,0,0,0,0,0,1,0,1,0,1,0,1,0,0,1,0,0,0,0,0
1,-0.8751175425177529,0.4755437020452143,-0.6436975052088294,0,1,0,0,1,0,0,1,0,0,0,0,0,0,0,0,0,0,0,0,1,0,0,1,1,0,0
0,-1.2827281667186554,-1.4800978563746574,-0.9998770938119323,0,0,1,1,1,0,0,0,1,1,0,1,0,1,0,1,0,1,0,1,0,0,1,0,0,0,1
0,-0.8343564800976626,-1.4568164092506115,-0.8932460086996886,0,1,1,1,1,0,0,0,1,1,0,1,0,1,0,1,0,1,0,1,0,0,1,0,0,0,0
1,-1.201206041878475,0.9893984992830883,-0.8855255122600351,1,1,1,0,1,0,1,1,0,0,0,0,0,0,0,0,0,0,1,0,1,0,0,1,0,1,0
0,0.14390901798450328,0.9927244203008095,0.5407590000015631,0,1,0,1,1,0,0,1,0,0,0,0,1,0,0,0,0,0,1,0,1,0,0,1,0,1,0
0,-0.6713122304173017,0.9777577757210655,-0.3544877085794072,1,1,0,0,1,0,0,1,0,0,1,0,0,0,0,0,0,0,1,0,1,0,0,1,0,1,0
0,1.3259798281671205,0.2527069938579159,1.0442897777957683,1,1,1,1,1,0,1,0,0,0,1,0,1,0,1,0,0,0,0,0,1,1,0,0,1,0,0
0,-1.2419671042985652,0.33585501930093764,-0.9419071948307621,0,1,0,0,1,0,0,1,0,0,0,0,1,0,0,0,0,0,0,0,0,0,0,0,0,1,0
0,0.38847539250504476,1.3419461271615007,0.9326293407171216,1,0,0,0,1,0,1,1,0,0,1,0,0,0,1,0,0,0,1,0,1,0,0,1,0,1,0
0,1.6113072651077522,1.5664457958576596,2.53511764029287,0,1,1,1,1,0,0,1,0,0,1,0,1,0,1,0,1,0,1,0,1,0,1,0,0,0,0
0,1.2036966409068497,-1.4967274614632617,-0.45578062186766183,0,1,0,0,1,0,0,0,1,1,0,1,0,1,0,1,0,1,0,1,0,0,1,0,0,0,0
0,-1.0789228546182041,0.8280913299236263,-0.7650416506789272,0,0,0,0,1,0,1,1,0,0,0,0,1,0,0,0,0,0,1,0,0,0,0,1,0,1,0
0,0.6330417670255862,-1.4900756194278202,-0.551801539015696,0,1,1,0,1,0,0,0,1,1,0,1,0,1,0,1,0,1,0,1,0,0,1,1,0,0,1
0,0.10314795556441304,1.4666681653260334,0.7670798384896931,0,1,0,0,1,0,1,1,0,0,1,0,0,0,1,0,1,0,1,0,1,0,1,1,0,1,0
0,0.7960860167059473,-1.5033793034987035,-0.5992715628389372,0,1,0,1,1,0,0,0,1,1,0,1,0,1,0,1,0,1,0,1,0,1,0,0,1,0,0
0,-1.2827281667186554,-1.3287684500683579,-0.9978697647376223,0,0,0,0,0,1,0,0,0,0,0,0,0,0,0,0,0,0,0,0,0,0,0,1,0,0,1
0,-1.0789228546182041,0.5986027797008862,-0.805805871880298,1,1,1,0,1,0,1,1,0,0,0,0,0,0,0,0,0,0,1,0,0,0,0,1,0,1,0
0,1.570546202687662,0.9428356050349964,1.8614712380912126,0,0,1,0,1,0,1,0,0,0,1,0,1,0,1,0,1,0,1,0,1,0,1,0,1,0,0
0,1.407501953007301,0.6634582395464431,1.4609539413632426,0,0,1,1,1,0,0,1,0,0,1,0,1,0,1,0,0,0,0,0,0,1,0,0,0,0,0
1,1.1221745160666692,0.22942554673386972,0.9210706546188974,0,1,0,0,1,0,1,0,0,0,1,0,1,0,0,0,0,0,0,0,1,1,0,1,0,1,0
0,-0.3859847934766699,-1.1475057546025704,-0.7094099591909093,0,1,1,1,0,1,0,0,0,0,0,0,0,0,0,0,1,0,0,0,0,0,0,1,0,0,0
0,0.26619220524477405,-0.33265510526095726,-0.041939954140975136,0,1,0,1,0,1,0,0,0,0,0,0,0,0,1,0,1,0,1,0,1,1,0,0,0,0,0
0,-0.712073292837392,-1.5083681850252848,-0.9030841270199328,0,1,1,1,1,0,0,0,1,1,0,1,0,1,0,1,0,1,0,1,0,1,0,1,0,0,1
1,0.8368470791260375,1.2970461934222688,1.4111898271693613,1,1,1,0,1,0,1,1,0,0,0,0,1,0,1,0,0,0,1,0,1,0,0,1,0,1,0
0,-0.34522373105657966,-1.3520498971924038,-0.7401595935819866,0,1,1,1,1,0,1,0,1,1,0,1,0,1,0,1,0,1,0,1,0,0,1,0,0,0,1
0,0.18467008040459354,-1.513357066551866,-0.707204103065294,0,0,1,1,1,0,0,0,1,1,0,1,0,1,0,1,0,1,0,1,0,0,0,0,0,1,0
0,-1.1196839170382944,0.6235471873337927,-0.8305335190484455,1,0,1,1,1,0,0,1,0,0,0,0,1,0,0,0,0,0,0,0,1,0,0,1,0,1,0
1,0.7145638918657667,1.1906167208552014,1.2807134373392162,0,0,1,0,1,0,1,1,0,0,0,0,0,0,0,0,1,0,1,0,1,1,0,1,0,1,0
0,0.8776081415461278,0.972768894194484,1.2238685249821097,0,0,0,0,1,0,0,1,0,0,0,0,0,0,1,0,0,0,1,0,1,1,0,1,1,0,0
0,-1.201206041878475,0.32255133523005397,-0.9057752714931834,0,0,0,0,1,0,0,1,0,0,1,0,0,0,0,0,0,0,0,0,0,0,0,1,0,1,0
0,1.4482630154273912,1.450038560237429,2.157232427413713,1,1,0,0,1,0,1,1,0,0,0,0,1,0,1,0,1,0,1,0,1,1,0,0,0,1,0
0,-1.1196839170382944,-0.28941813203058603,-0.8802755746810705,0,1,0,0,1,0,0,0,0,0,0,0,0,0,1,0,1,0,0,0,0,0,0,0,0,1,0
0,0.021625830724232544,-1.4800978563746574,-0.7045570757145556,0,1,0,0,1,0,0,0,1,1,0,1,0,1,0,1,0,1,0,1,0,0,1,0,0,0,1
0,0.3477143300849545,0.5221065962933062,0.43108383343597034,0,0,0,0,1,0,1,0,0,0,0,0,1,0,1,0,0,0,1,0,1,1,0,1,0,1,0
0,0.06238689314432279,-0.11979616012682162,-0.12951244232790252,0,0,1,1,0,1,0,0,0,0,1,0,0,0,1,0,1,0,1,0,1,1,0,0,0,0,1
0,-0.7935954176775724,-1.4767719353569364,-0.8965768514493676,0,0,1,1,1,0,0,0,1,1,0,1,0,1,0,1,0,1,0,1,0,0,0,1,0,0,1
0,-0.5082679807369407,-1.5283237111316101,-0.8554817518291545,0,0,0,0,1,0,0,0,1,1,0,1,0,1,0,1,0,1,0,1,0,0,0,1,1,0,0
1,0.755324954285857,-1.505042264007564,-0.5818452994465764,0,0,0,0,1,0,0,0,1,1,0,1,0,1,0,1,0,1,0,1,0,0,1,0,1,0,0
0,-1.201206041878475,0.8862949477337415,-0.901672379099539,1,0,1,0,1,0,1,1,0,0,0,0,1,0,0,0,0,0,0,0,1,0,0,1,1,0,0
0,0.3477143300849545,-0.6536064834710211,-0.19626164868902155,0,0,0,1,1,0,0,0,0,0,0,0,0,0,0,0,0,0,0,0,0,0,0,0,0,0,0
0,-0.7935954176775724,-1.510031145534145,-0.9064590868921243,0,0,0,0,1,0,0,0,1,1,0,1,0,1,0,1,0,1,0,1,0,0,0,0,1,0,0
0,0.10314795556441304,-1.310475884470893,-0.6518371143123499,0,1,1,1,1,0,1,0,1,1,0,1,0,1,0,1,0,1,0,1,0,0,1,0,0,0,0
0,-0.8343564800976626,0.5320843593464687,-0.6266021202353108,1,1,1,0,1,0,0,1,0,0,1,0,0,0,0,0,1,0,0,0,0,0,0,0,0,0,0
0,-1.1604449794583847,0.9993762623362513,-0.8497906430250671,0,1,0,0,1,0,0,1,0,0,1,0,1,0,0,0,1,0,0,0,1,0,0,1,0,0,1
0,0.429236454925135,-0.5255585242887678,-0.0928952306426886,1,0,0,0,0,1,0,0,0,0,0,0,0,0,1,0,0,0,1,0,1,0,0,1,0,0,0
1,-0.8343564800976626,-1.1824279252886396,-0.8518420892218893,0,0,1,1,0,1,0,0,0,0,0,0,0,0,0,0,1,0,0,0,0,0,0,1,0,0,1
1,1.4482630154273912,1.3452720481792215,2.211540605226361,1,1,1,0,1,0,1,1,0,0,0,0,1,0,1,0,0,0,1,0,1,0,0,1,0,1,0
1,-0.3044626686364894,0.8014839617818594,0.001956582758769375,1,1,0,0,1,0,1,1,0,0,0,0,1,0,0,0,0,0,1,0,0,0,0,1,0,1,0
0,-1.0381617921981139,-1.4834237773923784,-0.9518776645185433,0,0,0,0,1,0,0,0,1,1,0,1,0,1,0,1,0,1,0,1,0,1,0,0,0,0,1
1,1.3667408905872107,1.5298606646627297,2.296289597572501,1,1,1,0,1,0,1,1,0,0,0,0,1,0,1,0,1,0,1,0,1,1,0,1,0,1,0
0,0.8368470791260375,1.518219941100707,1.5655997559624324,0,0,1,0,1,0,0,1,0,0,1,0,1,0,1,0,1,0,1,0,1,1,0,0,0,1,0
1,1.24445770332694,1.4816348099057775,2.0932184826483566,0,1,0,0,1,0,1,1,0,0,1,0,1,0,1,0,0,0,1,0,1,0,0,1,0,0,0
0,1.5297851402675717,1.641279018756379,2.3987074974848195,1,0,1,1,1,0,1,1,0,0,1,0,1,0,1,0,1,0,1,0,1,0,1,1,0,0,0
1,-0.22294054379630893,-0.942961612012737,-0.5535662239161881,1,1,1,0,0,1,0,0,0,0,0,0,0,0,0,0,0,0,0,0,1,0,0,0,0,0,0
0,-1.2827281667186554,0.19616633655666102,-0.9776420640657301,1,0,0,0,1,0,0,1,0,0,0,0,0,0,0,0,0,0,0,0,0,0,0,0,0,0,1
0,-1.1196839170382944,-1.4934015404455407,-0.9605025619696992,0,0,0,0,1,0,0,0,1,1,0,1,0,1,0,1,0,1,0,1,0,0,0,0,0,0,1
1,0.18467008040459354,-1.505042264007564,-0.6877705105986232,0,0,1,0,1,0,0,0,1,1,0,1,0,1,0,1,0,1,0,1,0,1,0,0,0,0,1
0,-1.201206041878475,-0.8215654948659252,-0.9511717905583464,1,1,0,0,0,1,0,0,0,0,0,0,0,0,1,0,0,0,1,0,0,0,0,1,0,0,1
0,-0.8343564800976626,0.3907327160933317,-0.6148890242082936,0,0,0,1,1,0,1,1,0,0,0,0,0,0,0,0,0,0,0,0,0,0,0,1,0,1,0
0,0.22543114282468377,-1.505042264007564,-0.6721971663517792,0,0,1,1,1,0,0,0,1,1,0,1,0,1,0,1,0,1,0,1,0,1,0,0,1,0,0
0,-0.9566396673579334,0.6800878446350476,-0.6641237329320271,0,0,0,0,1,0,0,1,0,0,0,0,0,0,1,0,0,0,0,0,1,0,0,1,1,0,0
0,-0.7935954176775724,0.03319620668833821,-0.6108081903759053,0,1,1,0,1,0,1,0,0,0,1,0,0,0,0,0,0,0,0,0,1,0,0,1,0,1,0
1,-0.14141841895612844,0.9844096177565073,0.16185909330462273,1,1,1,0,1,0,1,1,0,0,0,0,0,0,0,0,0,0,1,0,1,0,0,1,0,1,0
0,0.592280704605496,-1.4900756194278202,-0.560316143660571,0,0,1,1,1,0,0,0,1,1,0,1,0,1,0,1,0,1,0,1,0,0,1,0,1,0,0
0,1.1629355784867594,1.1490427081336905,1.6133124239594911,0,1,1,0,1,0,1,1,0,0,1,0,0,0,1,0,1,0,1,0,0,0,0,0,0,0,0
0,-0.6713122304173017,-1.4917385799366805,-0.8872240214767587,0,1,0,0,1,0,0,0,1,1,0,1,0,1,0,1,0,1,0,1,0,0,0,0,0,0,1
0,0.3477143300849545,0.4522622549211681,0.37044484854280557,0,0,1,1,1,0,0,0,0,0,1,0,1,0,0,0,1,0,1,0,1,0,1,0,0,1,0
0,0.429236454925135,-1.322116608032916,-0.5367355416777434,0,0,0,1,1,0,1,0,1,1,0,1,0,1,0,1,0,1,0,1,0,0,1,1,0,1,0
0,0.14390901798450328,1.0808613272704122,0.516671051109844,1,0,1,1,1,0,1,1,0,0,0,0,1,0,1,0,0,0,1,0,0,0,0,1,0,0,0
0,-1.0789228546182041,-0.327666223734376,-0.8586802432112968,0,0,0,0,1,0,0,0,0,0,0,0,0,0,0,0,0,0,0,0,1,0,0,1,0,1,0
0,1.0406523912264887,0.20780706011868388,0.8878284028058746,0,0,0,0,1,0,1,0,0,0,1,0,1,0,1,0,1,0,0,0,0,1,0,1,1,0,0
0,-0.5490290431570309,-0.1098183970736591,-0.5265665449386568,0,1,0,0,1,0,0,0,0,0,0,0,0,0,0,0,1,0,1,0,0,0,0,1,1,0,0
0,-0.8751175425177529,-0.6303250363469752,-0.7786076658514612,0,1,1,0,1,0,0,0,0,0,0,0,0,0,0,0,0,0,0,0,0,0,0,1,0,0,0
0,0.26619220524477405,-0.816576613339344,-0.2895693628025488,0,0,0,0,0,1,0,0,0,0,1,0,1,0,0,0,1,0,0,0,0,1,0,1,0,0,0
1,-0.9974007297780236,0.7399544229540231,-0.6940351419953706,0,0,0,0,1,0,0,1,0,0,0,0,1,0,0,0,0,0,1,0,0,0,0,1,0,1,0
0,-0.2637016062163992,-0.5105918797090239,-0.4504865671661851,0,0,0,1,1,0,1,0,0,0,0,0,0,0,0,0,0,0,0,0,0,0,0,1,0,0,1
1,0.8368470791260375,0.29760692759714746,0.7575284814657788,0,0,0,0,1,0,0,1,0,0,0,0,1,0,0,0,0,0,0,0,0,0,0,1,1,0,0
0,1.5297851402675717,-1.5183459480784474,-0.39059757335572964,0,0,1,1,1,0,0,0,1,1,0,1,0,1,0,1,0,1,0,1,0,0,1,1,0,0,1
0,-1.2827281667186554,-0.6502805624533005,-0.9888698717451119,1,1,0,0,0,1,0,0,0,0,0,0,0,0,0,0,0,0,1,0,1,0,0,1,0,0,1
0,1.081413453646579,-1.325442529050637,-0.3424657926948038,0,1,0,0,1,0,1,0,1,1,0,1,0,1,0,1,0,1,0,1,0,0,1,0,0,0,1
0,-1.2419671042985652,1.0010392228451117,-0.9302823330487695,1,1,0,0,1,0,0,1,0,0,0,0,0,0,1,0,0,0,1,0,1,0,0,0,0,1,0
0,-1.0381617921981139,-0.9828726642253874,-0.8920327878306001,0,1,0,0,0,1,0,0,0,0,1,0,0,0,1,0,0,0,0,0,0,1,0,0,0,0,1
0,-0.8343564800976626,-0.675224970086207,-0.7968280374490437,1,0,0,1,1,0,0,0,0,0,0,0,0,0,0,0,0,0,0,0,0,0,0,1,0,1,0
0,1.081413453646579,0.3957215976199132,0.9949006591432413,0,1,1,1,1,0,0,0,0,0,0,0,1,0,1,0,1,0,1,0,1,1,0,0,1,0,0
0,1.1629355784867594,0.5370732408730502,1.1864792636529302,0,1,1,1,1,0,1,0,0,0,0,0,0,0,1,0,1,0,1,0,1,0,1,1,0,0,0
0,1.6113072651077522,1.3535868507235236,2.3185687444412157,0,1,1,1,1,0,1,1,0,0,1,0,0,0,1,0,0,0,1,0,1,0,1,1,0,0,0
0,-0.7935954176775724,-1.531649632149331,-0.8980106579310176,0,0,1,1,1,0,0,0,1,1,0,1,0,1,0,1,0,1,0,1,0,0,0,0,0,0,1
0,1.2852187657470302,-1.3287684500683579,-0.3049662385593437,0,0,1,1,1,0,1,0,1,1,0,1,0,1,0,1,0,1,0,1,0,1,0,0,0,0,1
0,-1.2827281667186554,-1.3769943048253104,-0.9985094630140509,1,1,1,0,0,1,0,0,0,0,0,0,0,0,0,0,0,0,0,0,0,0,0,1,0,1,0
0,-0.9158786049378431,0.0015999570199903275,-0.7064099948600725,0,0,0,0,1,0,0,0,0,0,0,0,1,0,0,0,1,0,0,0,1,1,0,0,0,0,1
0,1.3259798281671205,-0.1164702391091007,0.7002865150060618,0,0,1,1,1,0,0,0,0,0,1,0,1,0,1,0,0,0,0,0,0,1,0,0,0,0,0
0,1.2036966409068497,1.632964216212077,2.0314324525698715,0,0,1,0,1,0,1,1,0,0,1,0,1,0,1,0,1,0,1,0,1,0,1,0,0,0,1
0,0.918369203966218,0.84139501399451,1.1603619271256451,0,0,1,0,1,0,1,0,0,0,1,0,1,0,1,0,1,0,1,0,1,1,0,1,0,1,0
0,-0.3044626686364894,-0.35759951289386377,-0.4031268361492246,0,0,1,0,1,0,1,0,0,0,0,0,1,0,0,0,0,0,0,0,0,0,0,0,0,1,0
0,-1.2827281667186554,-1.169124241217756,-0.9957521428570317,1,1,0,0,0,1,0,0,0,0,1,0,0,0,0,0,0,0,0,0,0,0,0,0,0,0,1
0,-1.2827281667186554,-0.5006141166558613,-0.986884601232058,0,1,0,0,1,0,0,0,0,0,1,0,0,0,0,0,0,0,0,0,0,0,0,1,1,0,0
0,1.081413453646579,1.2055833654349448,1.6557751543775858,1,0,1,0,1,0,1,1,0,0,0,0,1,0,0,0,0,0,1,0,1,0,0,0,0,1,0
1,1.2852187657470302,-1.3453980551569622,-0.325635110456359,0,1,1,1,1,0,1,0,1,1,0,1,0,1,0,1,0,1,0,1,0,0,1,1,0,0,0
0,0.14390901798450328,1.002702183353972,0.508884378986422,0,1,1,0,1,0,1,1,0,0,0,0,0,0,0,0,0,0,1,0,1,0,0,1,0,0,0
0,-1.201206041878475,-0.47234378800523386,-0.9421057218820674,1,0,0,0,1,0,1,0,0,0,0,0,0,0,0,0,0,0,0,0,0,0,0,1,0,0,1
0,1.1629355784867594,0.16789600790603382,0.8558434889844527,0,1,1,0,1,0,1,0,0,0,1,0,0,0,1,0,0,0,0,0,1,0,1,1,0,0,1
0,-0.2637016062163992,-0.8282173369013668,-0.5572058865234535,0,1,0,1,0,1,0,0,0,0,0,0,1,0,0,0,0,0,1,0,0,1,0,1,0,0,0
0,-1.2827281667186554,-0.31436253966349254,-0.984414042371369,1,0,0,0,1,0,0,0,0,0,0,0,0,0,0,0,0,0,0,0,1,0,0,1,0,1,0
1,-1.2827281667186554,0.8563616585742535,-0.9688848152470373,1,0,1,0,1,0,1,1,0,0,0,0,1,0,0,0,0,0,1,0,0,0,0,1,0,1,0
0,1.4482630154273912,1.2770906673159437,2.1121667867673914,0,1,1,1,1,0,0,1,0,0,1,0,1,0,1,0,0,0,1,0,1,0,1,1,1,0,0
1,-1.2419671042985652,0.7316396204097209,-0.9398778071951961,1,1,1,0,1,0,1,1,0,0,0,0,0,0,0,0,0,0,1,0,0,0,0,1,0,0,1
0,1.6113072651077522,0.9777577757210655,2.013057671043496,0,0,1,0,1,0,1,1,0,0,1,0,1,0,1,0,1,0,0,0,0,0,1,1,0,0,0
0,1.570546202687662,-0.5920769446431853,0.43095148206843337,0,0,1,0,0,1,0,0,0,0,0,0,0,0,1,0,1,0,0,0,1,0,1,1,0,1,0
0,0.9998913288063985,-1.4734460143392158,-0.45613355884776036,0,1,0,0,1,0,0,0,1,1,0,1,0,1,0,1,0,1,0,1,0,0,1,0,1,0,0
0,-1.1604449794583847,-1.5033793034987035,-0.9790538119861237,0,1,0,0,1,0,0,0,1,1,0,1,0,1,0,1,0,1,0,1,0,0,0,1,0,0,1
1,-1.2827281667186554,0.17787377095919635,-0.9778847082395478,0,0,0,0,1,0,0,1,0,0,0,0,0,0,0,0,0,0,0,0,0,0,0,1,0,1,0
0,1.6113072651077522,0.5370732408730502,1.5278796162144108,0,1,1,1,1,0,1,0,0,0,1,0,1,0,1,0,1,0,0,0,1,0,1,0,1,0,0
0,-0.46750691831685043,0.36745126896928604,-0.3251498221087237,0,1,1,1,1,0,1,0,0,0,1,0,0,0,0,0,0,0,1,0,1,1,0,1,0,0,0
0,1.570546202687662,-1.3354202921037994,-0.21009236659662955,0,0,1,1,1,0,1,0,1,1,0,1,0,1,0,1,0,1,0,1,0,0,1,0,0,0,0
1,-0.14141841895612844,1.1374019845716672,0.2938575238614423,1,0,1,0,1,0,1,1,0,0,0,0,0,0,1,0,0,0,1,0,1,0,0,1,0,0,0
1,1.4890240778474815,1.5099051385564046,2.2856132539245233,0,0,0,0,1,0,1,1,0,0,1,0,0,0,1,0,1,0,1,0,1,0,1,0,1,0,0
0,1.2852187657470302,0.670110081581885,1.4107045388217259,0,0,1,0,1,0,1,0,0,0,1,0,0,0,1,0,1,0,1,0,1,0,1,1,1,0,0
0,-0.6713122304173017,-1.5000533824809827,-0.8787535339543959,0,1,0,0,1,0,0,0,1,1,0,1,0,1,0,1,0,1,0,1,0,0,0,0,1,0,0
0,-1.1604449794583847,-1.3620276602455665,-0.9658407337936882,0,0,0,0,1,0,1,0,1,1,0,1,0,1,0,1,0,1,0,1,0,1,0,0,0,1,0
0,0.7960860167059473,1.5431643487336133,1.601312566636144,1,0,0,0,1,0,1,1,0,0,1,0,1,0,0,0,1,0,1,0,1,1,0,1,1,0,0
0,-1.2419671042985652,-0.3243403027166551,-0.9588481698754877,1,1,0,0,1,0,0,0,0,0,1,0,0,0,1,0,0,0,0,0,0,0,0,1,0,0,1
0,-1.2827281667186554,-1.4934015404455407,-1.0000535623019815,0,1,0,0,1,0,0,0,1,1,0,1,0,1,0,1,0,1,0,1,0,0,0,0,0,0,1
0,-0.5897901055771212,-1.3204536475240558,-0.7985044881045114,0,1,0,0,0,1,0,0,0,0,0,0,0,0,0,0,0,0,0,0,0,0,0,0,0,0,1
0,-1.2419671042985652,-0.35593655238500344,-0.9640098732094274,0,0,0,0,1,0,1,0,0,0,0,0,1,0,0,0,0,0,0,0,0,0,0,0,0,0,1
0,-0.5490290431570309,-0.16802201488377433,-0.5099564483127738,0,0,1,0,1,0,0,0,0,0,0,0,1,0,0,0,0,0,0,0,1,0,0,1,0,0,1
0,0.30695326766486425,0.6318619898780948,0.5494721316977436,0,0,0,0,1,0,1,1,0,0,0,0,0,0,0,0,0,0,0,0,1,0,0,0,0,0,0
1,1.3667408905872107,1.3319683641083384,2.031454511131128,0,0,1,1,1,0,1,1,0,0,0,0,1,0,1,0,0,0,1,0,1,1,0,1,0,1,0
0,-0.46750691831685043,0.34749574286296053,-0.31590728494239556,0,1,0,0,1,0,1,1,0,0,0,0,0,0,0,0,0,0,0,0,0,0,0,0,0,0,1
0,-0.9974007297780236,0.05980357483010555,-0.7790267785153282,0,1,0,0,1,0,0,0,0,0,0,0,1,0,0,0,1,0,1,0,0,0,0,1,0,1,0
0,1.6113072651077522,1.4849607309234982,2.45650092797594,0,0,1,1,1,0,0,1,0,0,1,0,1,0,1,0,1,0,1,0,1,0,1,1,1,0,0
0,0.6330417670255862,0.2992698881060078,0.571155697412542,0,0,0,0,1,0,1,0,0,0,0,0,1,0,1,0,1,0,1,0,0,1,0,1,0,0,0
0,1.4890240778474815,-1.5150200270607266,-0.3700831113875073,0,1,0,0,1,0,0,0,1,1,0,1,0,1,0,1,0,1,0,1,0,0,1,1,0,0,0
0,1.6113072651077522,1.774315859465214,2.761901708567379,0,1,0,0,1,0,1,1,0,0,1,0,1,0,1,0,1,0,1,0,1,0,1,1,0,1,0
0,-0.7528343552574821,-0.4457364198634668,-0.687748452037367,0,0,0,0,1,0,0,0,0,0,0,0,1,0,0,0,0,0,0,0,0,1,0,0,1,0,0
0,-1.0789228546182041,-0.1796627384457972,-0.8510920981391802,0,1,0,0,1,0,0,0,0,0,0,0,1,0,0,0,0,0,1,0,0,0,0,0,0,1,0
0,-0.9974007297780236,-1.5083681850252848,-0.9385542935198269,0,0,1,1,1,0,0,0,1,1,0,1,0,1,0,1,0,1,0,1,0,0,1,0,0,0,0
0,-0.6305511679972114,-1.5067052245164245,-0.8849519896673751,0,0,0,0,1,0,0,0,1,1,0,1,0,1,0,1,0,1,0,1,0,1,0,0,0,0,1
0,1.3259798281671205,0.9544763285970193,1.6687235298349479,0,1,0,0,1,0,1,1,0,0,1,0,0,0,0,0,1,0,0,0,1,1,0,0,0,1,0
0,0.9998913288063985,-0.18465161997237867,0.43569407273850624,0,0,1,1,1,0,0,0,0,0,1,0,0,0,1,0,1,0,0,0,0,1,0,1,0,0,1
0,-0.7935954176775724,1.243831457138735,-0.4093032333009474,1,1,1,0,1,0,1,1,0,0,0,0,0,0,1,0,0,0,1,0,1,0,0,1,1,0,0
1,-0.5490290431570309,1.03263547251346,-0.22449660709689742,1,1,0,0,1,0,0,1,0,0,0,0,0,0,1,0,0,0,1,0,1,0,0,1,1,0,0
0,0.9591302663863083,1.4949384939766606,1.6865468473299192,0,0,1,0,1,0,1,1,0,0,1,0,1,0,1,0,0,0,1,0,1,1,0,0,0,0,0
0,-0.7528343552574821,0.4406215313591448,-0.5136843451650634,0,0,1,0,1,0,0,1,0,0,0,0,0,0,0,0,0,0,0,0,1,0,0,1,0,1,0
0,0.7960860167059473,-0.8298802974102274,-0.11729199939199374,0,1,1,0,0,1,0,0,0,0,1,0,0,0,0,0,0,0,0,0,1,0,0,1,0,1,0
0,1.0406523912264887,0.0015999570199903275,0.6655883981501329,0,0,0,0,1,0,0,0,0,0,1,0,1,0,1,0,1,0,0,0,0,0,1,1,1,0,0
1,0.592280704605496,1.0043651438628323,0.9784229138848952,1,0,0,0,1,0,1,1,0,0,0,0,1,0,0,0,1,0,1,0,0,0,0,1,0,1,0
0,1.407501953007301,-0.38088096001790994,0.5701630621560151,0,0,0,0,0,1,0,0,0,0,0,0,0,0,1,0,1,0,1,0,1,0,0,1,1,0,0
0,-1.2419671042985652,-1.3287684500683579,-0.9869287183545705,0,1,0,0,0,1,0,0,0,0,0,0,0,0,0,0,0,0,0,0,0,0,0,1,1,0,0
1,-1.0789228546182041,-0.6702360885596255,-0.8868710844966603,0,1,0,0,1,0,0,0,0,0,0,0,0,0,0,0,0,0,0,0,0,0,0,0,1,0,0
0,1.570546202687662,1.6346271767209373,2.5981168912404424,0,1,1,1,1,0,1,1,0,0,1,0,1,0,1,0,1,0,1,0,1,0,1,1,0,0,0
0,0.5515196421854057,-1.4834237773923784,-0.6160581279548697,0,0,1,1,1,0,0,0,1,1,0,1,0,1,0,1,0,1,0,1,0,0,1,0,0,0,0
0,-1.1196839170382944,-0.36591431543816594,-0.8942386439562154,1,0,0,0,1,0,0,0,0,0,1,0,0,0,0,0,1,0,0,0,0,0,0,0,1,0,0
1,1.407501953007301,0.6318619898780948,1.4567628147245735,0,1,1,0,1,0,1,1,0,0,1,0,1,0,0,0,0,0,0,0,0,0,0,0,0,0,0
0,-1.201206041878475,-1.4850867379012387,-0.9865316642519597,0,1,0,1,1,0,0,0,1,1,0,1,0,1,0,1,0,1,0,1,0,0,0,0,0,0,0
0,-1.201206041878475,-1.4934015404455407,-0.983266997186049,0,0,0,0,1,0,0,0,1,1,0,1,0,1,0,1,0,1,0,1,0,0,0,0,0,0,1
1,0.7960860167059473,1.308686916984292,1.447740863170807,1,1,1,0,1,0,1,1,0,0,1,0,0,0,1,0,0,0,1,0,1,0,0,1,0,1,0
0,0.38847539250504476,-0.4856474720761173,-0.036667958000754446,1,0,1,0,1,0,1,0,0,0,0,0,0,0,0,0,0,0,0,0,0,0,0,1,0,1,0
0,0.7145638918657667,-1.4800978563746574,-0.5946172064138889,0,1,1,1,1,0,0,0,1,1,0,1,0,1,0,1,0,1,0,1,0,1,0,1,0,0,1
1,-0.3859847934766699,0.8364061324679285,-0.11588025147160001,0,1,1,0,1,0,0,1,0,0,1,0,1,0,0,0,0,0,0,0,1,0,0,1,0,1,0
0,1.407501953007301,-0.3542735918761429,0.5899275330415281,0,0,1,1,0,1,0,0,0,0,1,0,1,0,1,0,1,0,1,0,0,0,1,0,1,0,0
0,-0.3044626686364894,1.1523686291514113,0.03630176263459979,1,0,0,0,1,0,0,1,0,0,0,0,1,0,1,0,0,0,1,0,1,0,0,1,0,1,0
1,0.26619220524477405,1.1390649450805275,0.7019850242227854,0,0,1,0,1,0,0,1,0,0,1,0,1,0,0,0,0,0,1,0,1,1,0,0,0,0,1
0,1.4890240778474815,0.06811837737440772,1.0107828232476714,0,0,0,0,1,0,1,0,0,0,1,0,1,0,0,0,1,0,0,0,0,0,1,1,0,0,1
0,-1.2827281667186554,-1.2971722004000095,-0.9974506520737555,0,0,0,0,0,1,0,0,0,0,0,0,0,0,0,0,0,0,0,0,0,1,0,0,0,0,1
0,-0.019135231695857704,0.8713283031539976,0.2579682446976814,0,1,0,0,1,0,0,1,0,0,0,0,0,0,0,0,0,0,1,0,1,0,0,0,0,1,0
0,-0.9566396673579334,0.20448113910096322,-0.7121452207866723,1,0,0,0,1,0,0,1,0,0,0,0,0,0,0,0,0,0,0,0,0,0,0,0,0,1,0
0,-0.6713122304173017,0.9428356050349964,-0.31458377126702636,1,0,0,0,1,0,0,1,0,0,0,0,1,0,1,0,0,0,0,0,1,0,0,1,1,0,0
0,1.1221745160666692,-1.460142330268332,-0.44832482816308217,0,1,1,1,1,0,0,0,1,1,0,1,0,1,0,1,0,1,0,1,0,0,1,1,0,0,0
0,1.6113072651077522,1.4749829678703357,2.3932149157320377,0,0,1,1,1,0,1,1,0,0,0,0,1,0,1,0,1,0,1,0,1,0,1,1,0,0,0
0,-1.1196839170382944,-1.513357066551866,-0.9532452953164247,1,1,1,0,1,0,0,0,1,1,0,1,0,1,0,1,0,1,0,1,0,0,0,0,0,0,1
1,-0.2637016062163992,0.6967174497236519,-0.04107967025198505,0,0,0,0,1,0,0,1,0,0,1,0,0,0,0,0,0,0,1,0,0,0,0,1,1,0,0
0,-1.201206041878475,-1.4967274614632617,-0.9803773256614929,1,1,0,0,1,0,0,0,1,1,0,1,0,1,0,1,0,1,0,1,0,0,0,0,0,0,1
0,-1.2419671042985652,-1.5033793034987035,-0.9950903860193472,0,1,0,0,1,0,0,0,1,1,0,1,0,1,0,1,0,1,0,1,0,0,0,1,0,1,0
0,-1.2419671042985652,-1.4751089748480761,-0.9919801288822295,0,0,0,1,1,0,0,0,1,1,0,1,0,1,0,1,0,1,0,1,0,1,0,0,0,0,0
0,0.14390901798450328,0.8247654089059057,0.46823045059133195,0,0,0,0,1,0,1,0,0,0,1,0,0,0,1,0,1,0,1,0,1,1,0,1,1,0,0
0,-1.0381617921981139,0.31589949319461214,-0.7734459625175215,0,1,0,0,1,0,0,1,0,0,1,0,0,0,0,0,0,0,0,0,0,0,0,0,0,0,1
1,1.1221745160666692,-0.5122548402178841,0.2738724673633678,0,0,1,0,0,1,0,0,0,0,0,0,1,0,0,0,0,0,1,0,1,0,1,1,1,0,0
0,-0.5490290431570309,0.8064728433084405,-0.29380460656373025,0,0,1,0,1,0,1,1,0,0,0,0,1,0,0,0,0,0,0,0,1,0,0,1,0,1,0
1,0.5107585797653155,0.3425068613363795,0.5265753451138567,0,1,1,0,1,0,1,0,0,0,1,0,0,0,1,0,1,0,0,0,1,0,1,0,1,0,0
1,-1.1604449794583847,0.19284041553894035,-0.8792167637407753,0,1,0,0,1,0,0,1,0,0,0,0,0,0,0,0,0,0,0,0,0,0,0,1,0,1,0
0,-0.05989629411594795,1.308686916984292,0.4220618818822036,1,0,1,1,1,0,1,1,0,0,0,0,0,0,1,0,1,0,1,0,1,0,0,1,0,1,0
0,0.592280704605496,0.8380690929767889,0.8163586643359388,0,1,1,1,1,0,0,1,0,0,1,0,0,0,1,0,0,0,0,0,1,0,0,0,0,1,0
0,-1.2827281667186554,0.47886962306293496,-0.973892108652184,1,1,0,0,1,0,0,1,0,0,0,0,0,0,0,0,0,0,0,0,1,0,0,1,0,1,0
0,-1.2827281667186554,-0.6635842465241839,-0.9890463402351611,1,0,0,0,1,0,0,0,0,0,0,0,0,0,0,0,0,0,0,0,0,0,0,1,0,0,0
0,-1.2827281667186554,-1.5116941060430058,-1.0002962064757992,0,0,0,0,1,0,0,0,1,1,0,1,0,1,0,1,0,1,0,1,0,0,0,0,1,0,0
1,1.081413453646579,0.7948321197464177,1.3508155450112702,0,0,1,1,1,0,1,1,0,0,0,0,0,0,1,0,0,0,0,0,1,0,0,1,1,0,0
0,-0.9158786049378431,0.17454784994147518,-0.7178363295907597,1,1,1,0,1,0,0,1,0,0,0,0,0,0,0,0,0,0,0,0,0,0,0,1,0,1,0
1,0.10314795556441304,0.8696653426451372,0.39429015326070704,0,1,0,0,1,0,1,1,0,0,1,0,0,0,0,0,0,0,0,0,1,0,0,0,1,0,0
0,-1.1604449794583847,-1.1707872017266165,-0.9565761380661039,1,1,0,0,0,1,0,0,0,0,0,0,0,0,1,0,0,0,0,0,0,0,0,1,0,1,0
0,-0.019135231695857704,0.8630135006096954,0.3251806808451796,0,1,1,1,1,0,0,1,0,0,1,0,1,0,0,0,0,0,0,0,1,1,0,1,0,1,0
0,0.429236454925135,0.4323067288148426,0.4760612398372663,1,1,0,0,1,0,1,1,0,0,0,0,1,0,0,0,0,0,0,0,0,0,0,1,0,1,0
0,-1.1604449794583847,-0.35094767085842216,-0.9226941879766527,1,1,0,0,1,0,0,0,0,0,0,0,0,0,0,0,0,0,0,0,1,0,0,0,0,1,0
1,0.8776081415461278,-1.5266607506227494,-0.553963278018799,0,0,1,0,1,0,0,0,1,1,0,1,0,1,0,1,0,1,0,1,0,0,1,1,0,0,1
1,-0.8751175425177529,1.0076910648805535,-0.5687204554991653,1,0,0,0,1,0,1,1,0,0,0,0,0,0,0,0,0,0,1,0,1,0,0,1,0,0,0
1,1.3667408905872107,1.2488203386653165,1.846339065069492,0,0,0,0,1,0,1,1,0,0,1,0,0,0,0,0,0,0,1,0,1,0,1,1,0,0,0
0,1.1629355784867594,1.1656723132222948,1.7446490976786266,0,1,1,1,1,0,1,1,0,0,0,0,0,0,1,0,0,0,1,0,1,1,0,1,0,1,0
0,1.6113072651077522,0.7931691592375573,1.8593536162106221,0,1,1,1,1,0,1,0,0,0,1,0,1,0,1,0,1,0,1,0,1,0,1,0,1,0,0
0,0.46999751734522527,-0.35094767085842216,0.01338291748945668,0,1,1,1,0,1,0,0,0,0,0,0,0,0,1,0,1,0,1,0,1,1,0,1,0,1,0
0,0.3477143300849545,-0.3043847766103298,-0.021712253469082655,0,1,0,0,1,0,1,0,0,0,0,0,0,0,1,0,0,0,0,0,0,0,0,1,0,0,0
0,0.7145638918657667,1.30037211443999,1.2990441017430794,0,1,1,0,1,0,1,1,0,0,1,0,0,0,1,0,0,0,1,0,1,1,0,1,0,1,0
0,0.592280704605496,1.5298606646627297,1.3186762212610557,1,1,1,0,1,0,1,1,0,0,1,0,0,0,1,0,1,0,1,0,1,1,0,1,1,0,0
0,-0.9974007297780236,-1.4867496984100992,-0.93584109048532,0,1,1,1,1,0,0,0,1,1,0,1,0,1,0,1,0,1,0,1,0,0,1,0,0,0,1
0,-0.5897901055771212,-1.4900756194278202,-0.8506950440365694,0,1,0,0,1,0,0,0,1,1,0,1,0,1,0,1,0,1,0,1,0,0,0,0,0,0,1
0,1.6113072651077522,0.9012615923134856,1.9094486088233453,0,1,1,1,1,0,1,0,0,0,1,0,1,0,1,0,1,0,1,0,1,0,1,1,1,0,0
0,-1.2827281667186554,0.5204436357844459,-0.9733406446207802,1,1,0,0,1,0,0,1,0,0,0,0,0,0,0,0,0,0,0,0,1,0,0,0,0,1,0
1,0.38847539250504476,-0.30604773711919037,0.05955148619858499,0,0,0,0,1,0,1,0,0,0,0,0,0,0,1,0,0,0,0,0,0,0,0,0,0,1,0
1,-0.5897901055771212,0.32754021675663547,-0.43771466019887256,0,0,0,0,1,0,0,1,0,0,0,0,1,0,0,0,0,0,0,0,0,0,0,1,0,1,0
0,-0.7935954176775724,1.3070239564754318,-0.4357293896858188,0,0,0,1,1,0,1,1,0,0,0,0,1,0,1,0,0,0,1,0,1,1,0,1,1,0,0
0,1.4482630154273912,0.6252101478426535,1.5205561738773679,0,0,1,1,1,0,1,1,0,0,0,0,1,0,0,0,1,0,0,0,0,1,0,1,0,0,0
0,-1.1604449794583847,0.24439219131361375,-0.8740550604068354,1,1,0,0,1,0,1,1,0,0,0,0,0,0,0,0,0,0,0,0,0,0,0,1,0,0,0
0,1.4890240778474815,1.5032532965209628,2.2693781528399946,0,1,0,0,1,0,1,1,0,0,1,0,1,0,1,0,0,0,1,0,1,0,1,1,1,0,0
0,-0.6305511679972114,-0.44407345935460646,-0.6115802400198707,1,1,0,0,1,0,0,0,0,0,0,0,0,0,0,0,1,0,0,0,0,0,0,0,0,0,1
0,-0.3044626686364894,-1.3088129239620325,-0.7306523536805847,0,1,1,1,1,0,1,0,1,1,0,1,0,1,0,1,0,1,0,1,0,0,1,0,1,0,0
1,0.429236454925135,0.8214394878881845,0.6926321942501766,1,1,0,0,1,0,0,1,0,0,0,0,0,0,0,0,0,0,1,0,1,0,0,1,0,0,1
0,1.081413453646579,-1.5083681850252848,-0.4694569298464767,0,0,1,1,1,0,0,0,1,1,0,1,0,1,0,1,0,1,0,1,0,0,1,0,1,0,0
1,-1.1196839170382944,0.5270954778198876,-0.8435039530670635,0,0,0,0,1,0,0,1,0,0,1,0,1,0,0,0,0,0,0,0,0,0,0,0,0,1,0
0,-0.46750691831685043,0.4206660052528198,-0.29195168741821337,1,1,1,1,1,0,1,0,0,0,1,0,1,0,0,0,1,0,1,0,0,1,0,0,0,0,1
0,1.4890240778474815,1.3386202061437797,2.182930651277131,0,0,1,1,1,0,1,1,0,0,1,0,1,0,1,0,1,0,1,0,0,1,0,1,1,0,0
0,-0.7935954176775724,-1.3204536475240558,-0.862452257186099,0,1,0,0,0,1,0,0,0,0,0,0,0,0,0,0,0,0,0,0,0,0,0,1,0,0,0
0,0.38847539250504476,1.0110169858982743,0.7378963619478026,1,1,1,0,1,0,1,1,0,0,0,0,1,0,1,0,0,0,1,0,0,0,0,1,0,0,0
0,0.7960860167059473,1.0243206699691578,1.236000733672994,0,1,1,0,1,0,1,1,0,0,0,0,1,0,0,0,1,0,0,0,1,0,0,1,1,0,0
1,0.5515196421854057,0.670110081581885,0.7423301327602895,1,1,0,0,1,0,0,1,0,0,1,0,0,0,0,0,0,0,0,0,1,0,0,0,0,1,0
0,1.1629355784867594,0.5304213988376084,1.1356122213962418,0,1,1,0,1,0,1,0,0,0,1,0,1,0,1,0,1,0,0,0,1,0,1,1,0,0,0
0,-0.14141841895612844,-1.3304314105772181,-0.6611899442849588,0,1,0,0,0,1,0,0,0,0,0,0,0,0,0,0,0,0,0,0,0,1,0,1,0,0,1
0,-0.3044626686364894,-0.33598102627867815,-0.45017774730859905,0,0,0,1,1,0,0,0,0,0,0,0,1,0,0,0,1,0,0,0,0,1,0,1,1,0,0
0,-1.1196839170382944,0.6950544892147915,-0.8010853397714812,1,0,1,1,1,0,0,1,0,0,0,0,0,0,0,0,1,0,1,0,0,0,0,1,0,1,0
0,-0.712073292837392,-0.46901786698751297,-0.7052408911134963,0,1,0,0,0,1,0,0,0,0,0,0,0,0,1,0,0,0,1,0,1,1,0,0,0,1,0
0,-0.5490290431570309,-1.4867496984100992,-0.837812844262976,0,0,1,1,1,0,0,0,1,1,0,1,0,1,0,1,0,1,0,1,0,0,1,0,0,0,1
0,0.46999751734522527,-1.4900756194278202,-0.6359549502079197,0,1,0,0,1,0,0,0,1,1,0,1,0,1,0,1,0,1,0,1,0,0,1,0,0,0,1
1,-1.0789228546182041,1.1107946164299003,-0.7615343394391989,1,0,0,0,1,0,1,1,0,0,0,0,1,0,0,0,0,0,1,0,1,0,0,1,0,1,0
0,1.0406523912264887,0.22443666520728825,0.8574096468336397,0,1,1,1,1,0,1,0,0,0,1,0,1,0,1,0,1,0,0,0,0,0,1,0,1,0,0
0,1.2036966409068497,0.5520398854527943,1.1895233451062797,0,1,1,1,1,0,0,1,0,0,1,0,1,0,0,0,0,0,0,0,0,1,0,1,1,0,0
0,1.5297851402675717,-0.21458490913186645,0.8057484963717292,0,0,1,1,0,1,0,0,0,0,0,0,1,0,1,0,1,0,1,0,1,1,0,1,0,0,0
1,-1.2827281667186554,-1.3021610819265907,-0.9975168277575239,1,0,0,0,0,1,0,0,0,0,0,0,0,0,0,0,0,0,0,0,0,0,0,1,0,0,1
0,-0.9158786049378431,-0.3709031969647472,-0.7790047199540721,0,1,1,1,0,1,0,0,0,0,1,0,1,0,1,0,1,0,0,0,1,0,1,0,1,0,0
0,-0.2637016062163992,-1.505042264007564,-0.8006882856688705,0,1,0,0,1,0,0,0,1,1,0,1,0,1,0,1,0,1,0,1,0,1,0,1,0,0,0
0,1.3667408905872107,0.8164506063616035,1.627981367194833,0,1,0,0,1,0,1,1,0,0,0,0,1,0,0,0,0,0,0,0,1,0,0,0,1,0,0
0,-1.0381617921981139,0.1379627187465458,-0.7852252342283071,1,0,1,1,1,0,0,1,0,0,0,0,0,0,0,0,0,0,0,0,0,0,0,1,0,1,0
0,0.755324954285857,0.6435027134401181,0.8880710469796924,0,1,1,1,1,0,1,1,0,0,0,0,1,0,0,0,1,0,0,0,0,1,0,0,0,0,0
0,1.6113072651077522,1.3718794163209884,2.3213701817207473,0,1,1,1,1,0,1,1,0,0,1,0,1,0,1,0,1,0,1,0,0,0,1,1,1,0,0
0,1.3259798281671205,-1.3004981214177305,-0.27882684347080233,0,1,0,0,1,0,1,0,1,1,0,1,0,1,0,1,0,1,0,1,0,0,1,0,0,0,1
0,-1.2419671042985652,-0.625336154820394,-0.9734068203045487,1,1,0,0,1,0,0,0,0,0,0,0,0,0,0,0,0,0,0,0,0,0,0,0,0,0,0
0,1.5297851402675717,0.003262917528850668,0.9991359029044229,0,1,0,1,1,0,1,0,0,0,1,0,1,0,0,0,1,0,0,0,0,1,0,0,0,0,0
0,1.6113072651077522,0.6850767261616291,1.7385388762106722,0,1,1,0,1,0,1,0,0,0,0,0,1,0,1,0,1,0,1,0,1,0,1,1,1,0,0
0,-1.2827281667186554,-1.4900756194278202,-1.000009445179469,0,0,1,1,1,0,0,0,1,1,0,1,0,1,0,1,0,1,0,1,0,0,0,0,0,0,1
1,-1.2827281667186554,0.3840808740578904,-0.9751494466437847,1,0,1,0,1,0,0,1,0,0,0,0,1,0,0,0,0,0,0,0,0,0,0,1,0,0,1
0,-1.1196839170382944,1.18562783932862,-0.7820929185299335,1,0,0,0,1,0,1,1,0,0,0,0,0,0,1,0,0,0,1,0,1,0,0,1,0,1,0
0,-1.201206041878475,-1.4684571328126343,-0.9834875827986106,0,1,0,0,1,0,0,0,1,1,0,1,0,1,0,1,0,1,0,1,0,0,0,0,0,0,1
0,1.0406523912264887,-1.3154647659974745,-0.35841413248300247,0,1,0,0,1,0,1,0,1,1,0,1,0,1,0,1,0,1,0,1,0,0,1,1,1,0,0
1,-0.4267458558967602,-0.8248914158836461,-0.6205360158898687,1,1,1,1,0,1,0,0,0,0,1,0,0,0,0,0,0,0,0,0,1,0,0,0,0,0,1
1,0.021625830724232544,1.1889537603463405,0.43388527071550176,0,1,1,0,1,0,1,1,0,0,0,0,1,0,0,0,0,0,1,0,1,0,0,1,0,0,0
0,-1.2827281667186554,0.16955896841489418,-0.9779950010458286,1,1,0,0,1,0,0,1,0,0,0,0,0,0,0,0,0,0,0,0,0,0,0,0,0,1,0
1,0.8776081415461278,0.3042587696325893,0.7201612786978556,0,1,1,0,1,0,1,1,0,0,0,0,0,0,0,0,0,0,0,0,0,0,0,0,0,0,0
0,1.6113072651077522,1.1490427081336905,2.2053862666358945,0,1,1,0,1,0,1,1,0,0,0,0,1,0,0,0,0,0,1,0,1,0,1,1,0,1,0
0,-1.2827281667186554,0.9461615260527171,-0.967693652939205,1,1,0,1,1,0,1,1,0,0,0,0,0,0,0,0,0,0,1,0,1,0,0,1,0,1,0
0,-1.201206041878475,-0.5222326032710469,-0.9342749326361331,1,1,0,0,1,0,0,0,0,0,0,0,0,0,1,0,0,0,0,0,0,0,0,1,0,1,0
0,1.6113072651077522,1.4167793500602204,2.3697666651167473,0,0,1,1,1,0,1,1,0,0,1,0,1,0,1,0,1,0,0,0,1,0,1,0,1,0,0
0,1.6113072651077522,0.6235471873337927,1.6202167536326675,0,0,1,1,1,0,1,0,0,0,1,0,1,0,1,0,0,0,1,0,1,0,1,1,1,0,0
1,0.8776081415461278,1.1374019845716672,1.3274555286410044,0,1,1,0,1,0,1,1,0,0,0,0,0,0,1,0,0,0,1,0,1,0,0,1,1,0,0
0,1.081413453646579,0.5071399517135622,1.0616498655043605,0,0,1,0,1,0,1,0,0,0,0,0,1,0,0,0,1,0,1,0,1,1,0,1,0,1,0
0,0.8776081415461278,0.014903641090873524,0.5409354684916123,0,1,0,0,1,0,0,0,0,0,1,0,1,0,0,0,0,0,1,0,0,0,1,1,0,0,0
0,1.1221745160666692,0.8214394878881845,1.2989999846205669,0,1,0,0,1,0,1,1,0,0,0,0,0,0,1,0,0,0,1,0,0,0,1,1,0,1,0
0,1.1221745160666692,-0.13476280470656563,0.5808835229265054,0,0,1,0,0,1,0,0,0,0,0,0,1,0,1,0,1,0,1,0,1,0,1,0,1,0,0
0,-1.201206041878475,0.32088837472119364,-0.9129222453401772,0,1,0,0,1,0,1,1,0,0,0,0,0,0,0,0,0,0,0,0,0,0,0,0,0,1,0
0,1.4890240778474815,1.1407279055893882,2.024351654406647,0,0,1,0,1,0,1,1,0,0,1,0,0,0,0,0,0,0,1,0,1,0,1,0,0,0,0
0,-1.2827281667186554,-1.516682987569587,-1.0003623821595675,0,0,1,1,1,0,0,0,1,1,0,1,0,1,0,1,0,1,0,1,0,0,0,0,0,1,0
0,0.7145638918657667,-0.8448469419899711,-0.11709347234068844,0,1,1,1,0,1,0,0,0,0,1,0,0,0,0,0,0,0,1,0,0,0,0,1,1,0,0
0,0.9591302663863083,-0.6652472070330443,0.12272720563620716,0,0,0,0,0,1,0,0,0,0,0,0,0,0,0,0,0,0,1,0,1,0,0,1,1,0,0
0,1.1221745160666692,1.0758724457438313,1.4668876943411477,0,0,1,0,1,0,0,1,0,0,1,0,0,0,0,0,1,0,1,0,1,0,1,1,0,1,0
1,1.4890240778474815,1.5198829016095672,2.3485022120658154,0,1,1,0,1,0,1,1,0,0,1,0,0,0,1,0,1,0,1,0,1,1,0,1,0,0,1
0,-1.2827281667186554,-0.9911874667696896,-0.9933918768026232,1,0,0,0,0,1,0,0,0,0,0,0,0,0,0,0,0,0,0,0,1,0,0,0,0,0,1
1,-1.2827281667186554,0.2709995594553806,-0.9766494288092031,1,0,0,0,1,0,0,1,0,0,0,0,1,0,0,0,0,0,0,0,0,0,0,1,0,1,0
0,-1.201206041878475,-1.4950645009544015,-0.9886713446938066,0,0,1,0,1,0,0,0,1,1,0,1,0,1,0,1,0,1,0,1,0,0,0,1,0,0,1
0,1.1221745160666692,0.40237343965535505,0.9958050601547437,0,1,1,1,1,0,0,0,0,0,0,0,1,0,0,0,1,0,1,0,1,0,1,0,0,0,0
0,-0.7935954176775724,-0.9795467432076665,-0.8101514084477601,0,0,0,0,0,1,0,0,0,0,0,0,0,0,1,0,1,0,0,0,0,0,1,0,0,0,1
0,1.2036966409068497,-1.4767719353569364,-0.4365014393297842,0,1,1,1,1,0,0,0,1,1,0,1,0,1,0,1,0,1,0,1,0,0,1,0,0,0,0
0,0.5107585797653155,1.0609058011640873,0.9511585321722901,0,0,0,0,1,0,1,1,0,0,1,0,1,0,0,0,0,0,0,0,1,1,0,0,0,0,0
0,-0.3044626686364894,-0.3542735918761429,-0.38100209920930306,0,0,0,0,0,1,0,0,0,0,0,0,0,0,1,0,1,0,1,0,1,1,0,0,0,1,0
0,0.46999751734522527,1.1723241552577361,0.9227471052743651,0,1,0,0,1,0,0,1,0,0,0,0,0,0,1,0,1,0,1,0,1,0,1,0,0,0,0
0,-1.2419671042985652,-0.6519435229621608,-0.9761200233390556,0,0,0,0,1,0,0,0,0,0,0,0,0,0,0,0,0,0,0,0,0,0,0,1,0,0,1
1,0.021625830724232544,0.6318619898780948,0.18949847055858252,1,1,0,0,1,0,1,1,0,0,0,0,1,0,1,0,0,0,0,0,0,0,0,1,1,0,0
0,-0.4267458558967602,-1.463468251286053,-0.8100411156414793,0,0,0,0,1,0,0,0,1,1,0,1,0,1,0,1,0,1,0,1,0,1,0,0,0,0,0
0,0.10314795556441304,-1.0444022030532234,-0.490103743182236,0,0,0,0,0,1,0,0,0,0,0,0,0,0,1,0,1,0,0,0,0,0,0,1,0,0,1
0,-0.14141841895612844,-1.4850867379012387,-0.7623284476444204,0,0,1,1,1,0,0,0,1,1,0,1,0,1,0,1,0,1,0,1,0,0,1,0,0,0,1
1,-0.22294054379630893,0.700043370741373,-0.02941069134748018,0,1,1,0,1,0,1,1,0,0,1,0,0,0,1,0,0,0,0,0,0,1,0,1,0,1,0
0,0.8776081415461278,-0.1281109626711238,0.439532262397077,0,1,0,1,1,0,0,0,0,0,0,0,1,0,1,0,1,0,0,0,0,1,0,1,0,1,0
1,-1.2419671042985652,0.19284041553894035,-0.9460542043469189,1,0,0,0,1,0,0,1,0,0,0,0,0,0,0,0,0,0,0,0,0,0,0,1,0,1,0
0,0.9998913288063985,0.7333025809185817,1.1702000454458896,0,1,0,0,1,0,1,1,0,0,0,0,0,0,0,0,0,0,1,0,0,1,0,1,0,1,0
0,1.2036966409068497,0.15126640281742948,0.8606081382157819,0,1,0,0,1,0,1,0,0,0,1,0,1,0,1,0,1,0,0,0,0,0,1,0,0,0,0
0,-0.712073292837392,-1.4800978563746574,-0.8606434551630944,0,0,1,1,1,0,0,0,1,1,0,1,0,1,0,1,0,1,0,1,0,1,0,0,1,0,0
0,-1.2419671042985652,-1.4800978563746574,-0.994208043569101,1,1,0,0,1,0,0,0,1,1,0,1,0,1,0,1,0,1,0,1,0,0,0,0,0,0,1
0,1.5297851402675717,1.3120128380020128,2.162504423553933,0,0,1,0,1,0,1,1,0,0,0,0,0,0,1,0,1,0,1,0,1,0,1,1,0,0,0
0,-0.46750691831685043,-0.6619212860153233,-0.6002200809729519,0,0,1,1,1,0,0,0,0,0,0,0,0,0,0,0,0,0,0,0,0,0,0,1,0,1,0
0,-0.3859847934766699,-0.5122548402178841,-0.5150299174016889,0,0,0,1,1,0,0,0,0,0,0,0,0,0,0,0,1,0,0,0,0,1,0,1,0,1,0
0,-1.0789228546182041,-1.4717830538303551,-0.9574143633938378,0,1,0,0,1,0,0,0,1,1,0,1,0,1,0,1,0,1,0,1,0,1,0,0,0,0,1
0,-1.1604449794583847,-1.5067052245164245,-0.9785023479547199,0,1,1,1,1,0,0,0,1,1,0,1,0,1,0,1,0,1,0,1,0,0,1,0,1,0,0
0,-1.201206041878475,1.135739024062807,-0.8820623181428189,1,0,0,0,1,0,0,1,0,0,1,0,0,0,1,0,0,0,1,0,1,0,0,1,1,0,0
0,-0.3859847934766699,0.952813368088159,0.024169553943715626,0,0,0,0,1,0,1,1,0,0,0,0,0,0,0,0,0,0,1,0,1,0,0,1,0,1,0
0,-0.2637016062163992,-0.34263286831412,-0.4076047240842237,0,1,0,0,0,1,0,0,0,0,1,0,0,0,0,0,1,0,1,0,1,1,0,0,1,0,0
0,-0.9974007297780236,-1.4900756194278202,-0.9366793158130539,0,0,0,1,1,0,0,0,1,1,0,1,0,1,0,1,0,1,0,1,0,0,0,0,0,0,1
0,-0.2637016062163992,0.6351879108958159,-0.01436675257078386,1,1,0,0,1,0,1,1,0,0,0,0,0,0,0,0,0,0,0,0,1,0,0,1,0,1,0
0,-1.2419671042985652,0.4855214650983768,-0.9448189249165743,0,1,0,0,1,0,1,1,0,0,0,0,1,0,0,0,0,0,0,0,0,0,0,1,0,1,0
0,1.407501953007301,1.7077974391107966,2.4112367602783147,1,1,0,0,1,0,1,1,0,0,1,0,1,0,1,0,1,0,1,0,1,0,1,0,1,0,0
0,1.570546202687662,0.9594652101236008,1.8964119991209591,1,0,1,0,1,0,1,1,0,0,0,0,0,0,0,0,0,0,1,0,1,0,1,1,0,0,0
0,1.081413453646579,0.49882514916926,1.102634672318293,0,0,0,0,1,0,1,0,0,0,1,0,1,0,1,0,1,0,0,0,1,1,0,0,1,0,0
0,0.26619220524477405,1.1689982342400156,0.6832793642775679,0,1,1,1,1,0,1,1,0,0,0,0,0,0,1,0,0,0,1,0,1,1,0,0,0,1,0
0,-0.46750691831685043,-1.505042264007564,-0.8337099518693315,0,1,0,1,1,0,0,0,1,1,0,1,0,1,0,1,0,1,0,1,0,0,1,0,0,0,1
0,-1.2827281667186554,-1.501716342989843,-1.0001638551082623,1,1,0,0,1,0,0,0,1,1,0,1,0,1,0,1,0,1,0,1,0,0,0,0,0,0,1
0,0.6330417670255862,-1.4850867379012387,-0.5556617872355227,0,0,1,1,1,0,0,0,1,1,0,1,0,1,0,1,0,1,0,1,0,0,1,0,0,0,0
1,-0.05989629411594795,-0.4806585905495361,-0.31176027542623885,0,0,1,0,0,1,0,0,0,0,1,0,1,0,1,0,0,0,0,0,1,1,0,1,1,0,0
0,1.2852187657470302,1.6130086901057514,2.1776145380143976,0,0,1,1,1,0,1,1,0,0,1,0,1,0,1,0,1,0,1,0,1,1,0,0,0,1,0
0,0.5515196421854057,0.5038140306958415,0.6542282391032141,0,1,1,1,1,0,1,1,0,0,0,0,1,0,0,0,0,0,0,0,0,0,0,1,0,0,0
0,0.7960860167059473,0.5354102803641899,0.859041980366595,0,0,0,0,1,0,1,0,0,0,0,0,0,0,1,0,1,0,1,0,1,0,1,1,0,0,0
0,1.407501953007301,-1.3287684500683579,-0.26757697723016427,0,0,1,1,1,0,1,0,1,1,0,1,0,1,0,1,0,1,0,1,0,0,1,1,0,0,1
1,1.407501953007301,-0.33099214475209693,0.634728470952775,0,0,0,0,1,0,1,0,0,0,0,0,1,0,0,0,0,0,0,0,0,0,0,0,0,1,0
0,-1.1196839170382944,0.3558105454072627,-0.8263644509710325,1,0,0,0,1,0,1,1,0,0,0,0,0,0,0,0,0,0,0,0,0,0,0,0,0,1,0
0,1.570546202687662,1.476645928379196,2.391560523637826,0,0,1,0,1,0,1,1,0,0,0,0,1,0,1,0,1,0,1,0,1,0,1,0,0,1,0
0,-0.9566396673579334,0.4256548867794013,-0.693792497821553,1,0,0,0,1,0,0,1,0,0,0,0,0,0,0,0,0,0,1,0,0,0,0,1,0,0,0
1,-0.2637016062163992,1.002702183353972,0.09283785513411982,1,0,0,0,1,0,1,1,0,0,1,0,1,0,0,0,0,0,0,0,1,0,0,1,0,1,0
0,1.570546202687662,1.7111233601285172,2.6570794254781394,0,1,0,0,1,0,1,1,0,0,1,0,1,0,1,0,1,0,1,0,1,1,0,1,0,0,0
0,-0.019135231695857704,-1.4950645009544015,-0.7434683777704095,0,0,0,0,1,0,0,0,1,1,0,1,0,1,0,1,0,1,0,1,0,0,0,0,0,0,0
0,-1.2419671042985652,0.18286265248577738,-0.9474218351448004,0,0,0,0,1,0,0,1,0,0,0,0,0,0,0,0,0,0,0,0,0,0,0,0,0,1,0
0,1.570546202687662,-1.3054870029443117,-0.17581336240456774,0,0,1,0,1,0,1,0,1,1,0,1,0,1,0,1,0,1,0,1,0,0,1,0,1,0,0
0,1.1221745160666692,-0.6785508911039276,0.21490993312567075,0,0,0,0,0,1,0,0,0,0,1,0,0,0,1,0,0,0,0,0,1,1,0,1,0,1,0
1,0.918369203966218,1.173987115766597,1.3777711068662895,0,0,0,0,1,0,1,1,0,0,0,0,0,0,1,0,0,0,1,0,1,1,0,1,0,1,0
0,0.8776081415461278,1.3485979691969427,1.4808507636162924,1,1,0,0,1,0,0,1,0,0,1,0,1,0,0,0,1,0,1,0,1,1,0,1,1,0,0
0,-1.2419671042985652,1.0309725120045992,-0.9216353770363576,1,1,0,0,1,0,0,1,0,0,0,0,0,0,1,0,0,0,1,0,1,0,0,1,0,1,0
0,-1.0789228546182041,0.2992698881060078,-0.8318129156013024,0,0,0,0,1,0,1,1,0,0,0,0,0,0,0,0,0,0,0,0,0,0,0,1,0,0,1
0,0.6330417670255862,0.17454784994147518,0.4198339671953323,0,0,1,1,1,0,0,0,0,0,1,0,1,0,1,0,0,0,0,0,1,0,1,1,1,0,0
0,1.24445770332694,-1.3171277265063348,-0.3148705325633564,0,1,1,1,1,0,1,0,1,1,0,1,0,1,0,1,0,1,0,1,0,0,1,0,0,0,1
0,-1.2827281667186554,0.4755437020452143,-0.9739362257746963,1,1,0,0,1,0,1,1,0,0,0,0,1,0,0,0,0,0,0,0,0,0,0,1,0,1,0
0,-0.8343564800976626,-1.4568164092506115,-0.9048267533591688,0,1,0,1,1,0,0,0,1,1,0,1,0,1,0,1,0,1,0,1,0,0,0,0,1,0,0
1,0.8776081415461278,-1.3271054895594974,-0.40676649875648985,0,1,1,0,0,1,0,0,0,0,0,0,0,0,0,0,0,0,0,0,0,0,0,1,0,0,0
0,-0.1006573565360382,-0.011703727050893342,-0.13306387069014314,0,0,1,1,1,0,0,0,0,0,0,0,0,0,1,0,1,0,1,0,0,1,0,1,0,1,0
0,-0.1006573565360382,-1.5033793034987035,-0.7195127802462274,1,0,1,0,1,0,0,0,1,1,0,1,0,1,0,1,0,1,0,1,0,0,0,0,0,0,0
0,-1.1604449794583847,0.4705548205186328,-0.8751138713471307,1,0,0,0,1,0,0,1,0,0,0,0,0,0,0,0,0,0,1,0,0,0,0,1,0,1,0
0,0.30695326766486425,1.3668905347944074,0.9037105669103048,0,0,0,0,1,0,1,1,0,0,0,0,0,0,1,0,1,0,1,0,1,1,0,1,1,0,0
0,-0.9566396673579334,0.3657883084604252,-0.723196559976005,0,0,1,1,1,0,0,1,0,0,0,0,0,0,0,0,1,0,0,0,0,0,0,1,0,1,0
0,-0.6305511679972114,0.8979356712957645,-0.3142528928481841,1,0,1,1,1,0,0,1,0,0,1,0,0,0,0,0,1,0,1,0,0,0,0,0,0,1,0
0,1.2036966409068497,-0.7068212197545551,0.2037924182525695,0,0,0,0,0,1,0,0,0,0,0,0,1,0,1,0,0,0,0,0,1,0,1,1,1,0,0
0,-0.1821794813762187,0.8779801451894393,0.08685998503370247,0,1,0,0,1,0,0,1,0,0,0,0,1,0,0,0,1,0,1,0,0,1,0,1,0,0,0
0,1.5297851402675717,0.8280913299236263,1.8001704963603635,0,0,0,0,1,0,1,0,0,0,1,0,1,0,1,0,1,0,1,0,1,0,1,0,1,0,0
0,0.5515196421854057,1.315338759019734,1.1547369940053263,0,0,0,0,1,0,0,1,0,0,0,0,1,0,1,0,1,0,1,0,1,0,1,1,0,0,0
0,-0.3859847934766699,0.84139501399451,-0.10668183142778415,0,0,1,0,1,0,1,1,0,0,0,0,0,0,1,0,0,0,0,0,1,0,0,0,0,0,1
0,0.592280704605496,-0.816576613339344,-0.21704081339231776,0,1,1,1,0,1,0,0,0,0,1,0,0,0,1,0,1,0,0,0,0,1,0,0,0,1,0
0,1.4482630154273912,1.3436090876703612,2.1557324452482938,0,1,1,1,1,0,0,1,0,0,1,0,1,0,1,0,0,0,1,0,1,0,1,1,0,0,0
1,1.1221745160666692,1.3685534953032676,1.8329054012644943,1,0,0,0,1,0,1,1,0,0,0,0,0,0,1,0,1,0,1,0,1,1,0,1,0,1,0
0,1.407501953007301,1.3020350749488503,2.096571383959292,0,0,0,1,1,0,1,1,0,0,0,0,1,0,0,0,1,0,1,0,1,0,1,1,0,1,0
0,-0.7528343552574821,0.15958120536173165,-0.6023597614147986,0,0,0,0,1,0,0,0,0,0,0,0,0,0,0,0,1,0,1,0,1,0,0,1,0,1,0
0,0.9998913288063985,0.3142365326857518,0.7639254642300631,0,1,1,1,1,0,1,1,0,0,0,0,0,0,0,0,0,0,0,0,0,0,0,1,0,1,0
0,0.918369203966218,1.1989315233995035,1.3949106089623204,0,0,1,1,1,0,1,1,0,0,1,0,0,0,0,0,0,0,1,0,1,1,0,0,0,0,1
0,-1.2827281667186554,-1.4834237773923784,-0.9999212109344445,0,1,0,0,1,0,0,0,1,1,0,1,0,1,0,1,0,1,0,1,0,0,0,1,0,0,1
0,-1.2827281667186554,-0.4972881956381404,-0.9868404841095458,1,1,0,1,1,0,0,0,0,0,0,0,0,0,0,0,1,0,0,0,0,0,0,1,0,0,1
0,-0.3859847934766699,1.0658946826906688,-0.0888143968103003,0,1,0,0,1,0,1,1,0,0,0,0,0,0,1,0,1,0,1,0,0,0,0,1,1,0,0
0,-0.7935954176775724,1.1806389578020384,-0.40936940898471597,1,0,0,0,1,0,1,1,0,0,1,0,0,0,0,0,0,0,1,0,1,0,0,1,0,1,0
0,0.592280704605496,1.305360995966571,1.256625488447497,0,1,1,0,1,0,1,1,0,0,0,0,1,0,1,0,0,0,1,0,1,0,0,1,0,1,0
0,0.22543114282468377,-1.4884126589189595,-0.6867558167808402,0,1,0,0,1,0,0,0,1,1,0,1,0,1,0,1,0,1,0,1,0,1,0,0,0,0,1
1,0.22543114282468377,0.33585501930093764,0.25724031217622834,1,0,1,0,1,0,1,1,0,0,0,0,0,0,0,0,0,0,0,0,0,0,0,1,0,0,0
1,-1.2419671042985652,-0.2761144479597026,-0.9566864308723847,0,0,0,0,1,0,1,0,0,0,0,0,1,0,0,0,0,0,0,0,0,0,0,1,1,0,0
1,-1.2827281667186554,-0.518906682253326,-0.9871272454058758,1,1,1,1,1,0,0,0,0,0,0,0,0,0,0,0,1,0,0,0,0,0,0,1,1,0,0
0,-0.712073292837392,0.12465903467566214,-0.5197725080717618,0,1,1,0,1,0,0,1,0,0,0,0,0,0,0,0,0,0,0,0,0,0,0,1,0,0,0
0,-0.2637016062163992,0.13962567925540614,-0.20784239334850188,0,0,0,0,1,0,0,1,0,0,0,0,0,0,0,0,0,0,0,0,0,0,0,1,1,0,0
0,0.10314795556441304,-1.501716342989843,-0.6866234654133032,0,0,1,1,1,0,0,0,1,1,0,1,0,1,0,1,0,1,0,1,0,0,1,0,1,0,0
0,-1.201206041878475,-1.4900756194278202,-0.9755685593076517,0,1,0,1,1,0,0,0,1,1,0,1,0,1,0,1,0,1,0,1,0,0,0,1,0,0,1
0,0.7145638918657667,1.2920573118956877,1.2283464129171089,1,1,1,1,1,0,1,1,0,0,0,0,1,0,0,0,1,0,1,0,1,0,0,0,0,1,0
0,0.38847539250504476,0.982746657247647,0.7622710721358517,0,1,1,0,1,0,1,1,0,0,1,0,0,0,1,0,0,0,0,0,1,0,0,1,0,1,0
0,-0.9158786049378431,-0.3293291842432363,-0.7578946768319337,0,1,1,0,1,0,0,0,0,0,1,0,0,0,0,0,1,0,0,0,0,0,0,1,1,0,0
0,1.1629355784867594,0.9594652101236008,1.5767172708355335,0,0,1,0,1,0,0,1,0,0,1,0,1,0,0,0,1,0,0,0,1,1,0,0,0,0,0
0,1.4482630154273912,1.5099051385564046,2.202584829356363,0,0,0,0,1,0,1,1,0,0,1,0,1,0,0,0,1,0,1,0,1,0,1,0,1,0,0
0,-0.9158786049378431,1.1324131030450861,-0.5390296320483834,0,1,0,0,1,0,0,1,0,0,1,0,0,0,1,0,0,0,1,0,1,1,0,1,0,1,0
0,1.3259798281671205,0.8280913299236263,1.5365265722268229,1,1,1,0,1,0,1,1,0,0,1,0,1,0,1,0,0,0,0,0,0,1,0,0,0,1,0
0,1.6113072651077522,0.5187806752755855,1.5882538983725016,0,0,1,1,1,0,0,0,0,0,1,0,0,0,1,0,1,0,1,0,1,0,1,1,0,0,0
0,0.918369203966218,0.48385850458951646,0.8610272508796487,0,1,1,1,1,0,0,1,0,0,0,0,1,0,0,0,1,0,0,0,0,0,0,0,0,1,0
0,-1.2827281667186554,-1.481760816883518,-0.9998991523731884,1,0,0,0,1,0,0,0,1,1,0,1,0,1,0,1,0,1,0,1,0,0,0,1,0,0,1
0,-1.0381617921981139,-0.06824438435214823,-0.8243130047742104,0,0,0,0,1,0,0,0,0,0,0,0,0,0,1,0,1,0,0,0,1,0,0,0,0,0,0
0,-1.2419671042985652,0.3341920587920773,-0.948833583065194,0,0,0,0,1,0,1,1,0,0,0,0,0,0,0,0,0,0,0,0,0,0,0,1,0,0,1
0,-0.9566396673579334,0.33252909828321653,-0.6964174666110351,0,0,0,0,1,0,0,1,0,0,1,0,0,0,0,0,0,0,0,0,0,0,0,1,0,1,0
0,-0.22294054379630893,-1.2971722004000095,-0.6609693586723973,0,1,0,1,1,0,1,0,1,1,0,1,0,1,0,1,0,1,0,1,0,0,1,1,1,0,0
1,-1.0381617921981139,1.2338536940855727,-0.6996600751156897,1,1,1,0,1,0,1,1,0,0,0,0,0,0,1,0,0,0,1,0,1,0,0,1,0,1,0
0,1.2852187657470302,0.11468127162249962,0.9229456323256704,0,0,1,0,1,0,0,0,0,0,0,0,1,0,1,0,1,0,0,0,1,0,1,1,0,0,1
0,1.5297851402675717,-0.5471770109039534,0.5100093656104859,0,1,0,0,0,1,0,0,0,0,1,0,0,0,1,0,1,0,0,0,1,0,1,0,0,0,0
1,-1.2419671042985652,0.9694429731767633,-0.9286941166383266,1,1,0,0,1,0,1,1,0,0,0,0,0,0,0,0,0,0,1,0,1,0,0,1,0,1,0
1,1.407501953007301,1.3369572456349192,2.155092746971866,0,1,0,0,1,0,0,1,0,0,1,0,1,0,0,0,1,0,1,0,1,0,1,1,0,1,0
0,0.5107585797653155,0.8131246853438823,0.7632637073923786,1,0,0,0,1,0,1,1,0,0,0,0,1,0,0,0,0,0,1,0,0,0,0,1,1,0,0
0,-0.34522373105657966,-1.3204536475240558,-0.7648872407501341,0,0,0,0,1,0,1,0,1,1,0,1,0,1,0,1,0,1,0,1,0,0,1,0,1,0,0
0,-1.1604449794583847,-1.5083681850252848,-0.9661274950900182,0,1,1,1,1,0,0,0,1,1,0,1,0,1,0,1,0,1,0,1,0,0,1,0,1,0,0
0,0.46999751734522527,0.9345208024906942,0.8100499158166791,0,1,1,1,1,0,0,1,0,0,0,0,0,0,1,0,0,0,1,0,1,0,0,1,0,0,0
0,1.6113072651077522,-1.4684571328126343,-0.3549068212432741,0,0,1,1,1,0,0,0,1,1,0,1,0,1,0,1,0,1,0,1,0,0,1,1,0,0,1
0,-1.2827281667186554,0.3142365326857518,-0.976075906216543,1,0,0,0,1,0,0,1,0,0,0,0,1,0,0,0,0,0,0,0,0,0,0,1,1,0,0
0,1.3667408905872107,-1.513357066551866,-0.4614496721104932,0,1,0,0,1,0,0,0,1,1,0,1,0,1,0,1,0,1,0,1,0,0,1,0,0,0,0
0,-1.2827281667186554,-0.6718990490684861,-0.9891566330414419,1,1,0,0,0,1,0,0,0,0,0,0,1,0,0,0,1,0,0,0,1,0,0,1,0,0,1
0,-0.7935954176775724,0.6385138319135366,-0.5256400853658985,1,1,1,1,1,0,0,1,0,0,1,0,0,0,0,0,0,0,0,0,1,0,0,0,0,1,0
0,-0.9158786049378431,0.5270954778198876,-0.6608590658661165,1,1,0,0,1,0,1,1,0,0,0,0,1,0,0,0,0,0,0,0,0,0,0,1,0,0,0
1,1.3259798281671205,1.3136757985108731,1.8934120347901227,0,1,1,0,1,0,1,1,0,0,0,0,1,0,1,0,0,0,1,0,1,0,0,1,0,1,0
0,-1.2827281667186554,-1.5067052245164245,-1.0002300307920307,0,1,0,1,1,0,0,0,1,1,0,1,0,1,0,1,0,1,0,1,0,0,0,0,0,0,1
0,0.22543114282468377,0.30592173014144963,0.2274391959191657,0,1,1,1,1,0,0,0,0,0,1,0,1,0,1,0,1,0,1,0,0,1,0,0,0,1,0
0,-0.3859847934766699,-0.8232284553747856,-0.6304403098938814,0,1,0,1,0,1,0,0,0,0,1,0,0,0,1,0,1,0,0,0,0,0,1,0,0,0,1
0,-0.9158786049378431,-1.4884126589189595,-0.9275029543304941,0,0,1,0,1,0,0,0,1,1,0,1,0,1,0,1,0,1,0,1,0,1,0,0,0,0,1
0,-1.1604449794583847,1.2255388915412704,-0.8480259581245749,1,1,0,1,1,0,1,1,0,0,0,0,1,0,0,0,0,0,1,0,1,0,0,1,0,1,0
0,1.6113072651077522,0.6218842268249323,1.6793336977991575,0,1,1,1,1,0,1,0,0,0,1,0,0,0,1,0,1,0,1,0,1,0,1,1,1,0,0
0,0.10314795556441304,-0.26613668490653986,-0.18779116116665887,0,0,1,0,1,0,0,0,0,0,0,0,1,0,0,0,1,0,0,0,0,0,0,0,0,1,0
0,-1.2827281667186554,-1.4784348958657971,-0.9998550352506761,1,0,0,0,1,0,0,0,1,1,0,1,0,1,0,1,0,1,0,1,0,0,0,0,0,0,1
0,1.0406523912264887,-1.5067052245164245,-0.5325444150390743,0,0,1,1,1,0,0,0,1,1,0,1,0,1,0,1,0,1,0,1,0,0,1,0,1,0,0
0,1.5297851402675717,1.3735423768298491,2.2889440966742023,0,1,1,1,1,0,0,1,0,0,0,0,1,0,1,0,1,0,1,0,1,1,0,1,0,1,0
0,0.22543114282468377,0.46889186000977245,0.25401976223283007,0,1,1,1,1,0,1,0,0,0,0,0,1,0,1,0,0,0,1,0,1,1,0,0,1,0,0
0,1.1221745160666692,-0.5022770771647217,0.34529808871079115,0,0,1,1,0,1,0,0,0,0,0,0,1,0,0,0,0,0,1,0,1,0,0,1,0,1,0
0,-0.2637016062163992,0.9162282368932295,0.027809216550980877,0,1,0,0,1,0,1,1,0,0,1,0,1,0,0,0,0,0,1,0,0,0,0,1,1,0,0
0,-0.9974007297780236,-0.22123675116730807,-0.8018353308541905,0,0,0,0,1,0,0,0,0,0,1,0,1,0,0,0,1,0,0,0,0,1,0,0,0,0,0
0,0.3477143300849545,1.2554721807007578,0.8499538531290601,1,1,1,1,1,0,1,1,0,0,0,0,0,0,1,0,1,0,1,0,1,1,0,1,0,1,0
1,0.14390901798450328,0.9012615923134856,0.4474733444492921,0,0,1,0,1,0,1,1,0,0,0,0,1,0,0,0,0,0,1,0,0,0,0,1,1,0,0
1,0.8776081415461278,0.013240680582013184,0.5484574378799605,0,1,0,0,1,0,0,0,0,0,0,0,0,0,1,0,1,0,0,0,1,1,0,0,0,0,0
0,1.570546202687662,1.3685534953032676,2.3986192632397954,1,1,1,1,1,0,1,1,0,0,0,0,1,0,1,0,0,0,1,0,1,0,1,1,0,0,0
0,0.918369203966218,0.2743254804731013,0.8197556827693864,0,0,0,0,1,0,1,1,0,0,0,0,0,0,0,0,0,0,0,0,0,0,0,1,0,1,0
0,1.6113072651077522,-0.16968497539263466,0.872740346906666,0,0,0,0,1,0,1,0,0,0,1,0,1,0,0,0,0,0,0,0,0,0,1,0,0,0,0
0,-1.201206041878475,-0.3243403027166551,-0.9406277982779052,1,0,0,1,1,0,0,0,0,0,1,0,0,0,0,0,1,0,0,0,0,0,0,1,0,0,1
0,0.8776081415461278,-0.16802201488377433,0.4233853955575728,0,0,1,1,1,0,1,0,0,0,0,0,1,0,1,0,0,0,0,0,0,0,1,1,0,0,0
0,1.6113072651077522,1.7211011231816797,2.6693881026590733,0,1,1,1,1,0,1,1,0,0,1,0,1,0,1,0,1,0,1,0,1,0,1,1,0,0,0
0,0.7960860167059473,1.4783088888880562,1.5196738314271216,0,1,0,0,1,0,1,1,0,0,1,0,0,0,1,0,1,0,1,0,1,0,1,1,0,1,0
1,1.1221745160666692,1.2155611284881078,1.7160832608519085,0,0,0,0,1,0,1,1,0,0,1,0,0,0,0,0,0,0,1,0,1,1,0,1,0,0,0
0,0.26619220524477405,-0.47234378800523386,-0.1682472758937072,0,0,0,0,0,1,0,0,0,0,0,0,0,0,1,0,0,0,1,0,1,0,0,1,1,0,0
0,-0.712073292837392,-0.28941813203058603,-0.5977274635510065,0,0,0,0,1,0,0,0,0,0,0,0,0,0,0,0,0,0,1,0,0,1,0,0,0,0,1
0,1.4890240778474815,1.385183100391872,2.23322417094116,1,1,0,0,1,0,1,1,0,0,0,0,0,0,1,0,1,0,1,0,1,0,1,1,0,0,0
0,0.429236454925135,-1.5183459480784474,-0.6663957647414109,0,1,1,1,1,0,0,0,1,1,0,1,0,1,0,1,0,1,0,1,0,1,0,1,0,0,1
1,1.24445770332694,0.6035916612274677,1.3042278636382754,0,0,0,0,1,0,1,0,0,0,1,0,1,0,1,0,1,0,1,0,0,1,0,0,0,0,0
1,-1.2419671042985652,0.17454784994147518,-0.946363024204505,0,1,1,0,1,0,0,1,0,0,0,0,0,0,0,0,0,0,0,0,0,0,0,0,0,1,0
0,1.6113072651077522,1.4450496787108476,2.379185670773124,0,0,1,1,1,0,0,1,0,0,1,0,1,0,1,0,1,0,1,0,1,0,1,1,0,0,0
0,-0.019135231695857704,0.8713283031539976,0.2945854563828954,1,0,1,1,1,0,1,1,0,0,0,0,0,0,1,0,0,0,0,0,1,0,0,1,0,0,0
0,0.30695326766486425,-1.3171277265063348,-0.564639621666777,0,1,1,1,1,0,1,0,1,1,0,1,0,1,0,1,0,1,0,1,0,0,1,0,1,0,0
0,1.0406523912264887,-0.6486176019444398,0.11176410069189915,0,0,1,0,0,1,0,0,0,0,1,0,1,0,0,0,0,0,1,0,0,1,0,1,0,1,0
0,1.407501953007301,-0.6968434567013926,0.35754059020795603,0,1,0,0,0,1,0,0,0,0,1,0,0,0,0,0,1,0,1,0,0,0,1,0,0,1,0
1,0.755324954285857,0.4206660052528198,0.6708383357290975,1,0,1,0,1,0,1,1,0,0,1,0,0,0,0,0,0,0,0,0,0,0,0,1,0,1,0
0,-0.05989629411594795,0.48053258357179535,0.0870143949624955,0,1,1,0,1,0,1,0,0,0,0,0,0,0,1,0,1,0,1,0,1,1,0,1,0,0,1
1,1.4890240778474815,0.6667841605641643,1.5436073703900477,0,1,1,0,1,0,1,1,0,0,1,0,1,0,0,0,0,0,0,0,0,0,0,1,1,0,0
0,-0.019135231695857704,0.47886962306293496,0.14663868603787716,0,1,1,0,1,0,1,1,0,0,0,0,0,0,0,0,1,0,0,0,0,1,0,1,0,1,0
0,-0.46750691831685043,0.20614409960982355,-0.3361349856142879,0,0,0,0,1,0,0,0,0,0,1,0,1,0,0,0,1,0,1,0,0,0,1,0,1,0,0
0,0.7960860167059473,-0.3692402364558869,0.222299551146482,0,1,0,0,1,0,0,0,0,0,1,0,0,0,1,0,0,0,0,0,0,1,0,0,0,1,0
0,1.6113072651077522,-1.3503869366835435,-0.22158487701108526,0,0,1,1,1,0,1,0,1,1,0,1,0,1,0,1,0,1,0,1,0,0,1,0,1,0,0
0,1.6113072651077522,-0.3542735918761429,0.7282347121176076,1,0,1,0,0,1,0,0,0,0,0,0,1,0,1,0,0,0,1,0,1,0,1,1,0,1,0
0,0.7960860167059473,-0.6852027331393695,-0.004705102740588797,0,1,1,1,0,1,0,0,0,0,1,0,0,0,1,0,0,0,0,0,1,1,0,0,0,0,0
0,0.3477143300849545,-0.49229931411155914,-0.11369645390724085,0,0,0,0,1,0,0,0,0,0,0,0,0,0,0,0,1,0,0,0,0,1,0,0,0,0,0
0,0.3477143300849545,-1.4867496984100992,-0.654881195765699,0,1,0,0,1,0,0,0,1,1,0,1,0,1,0,1,0,1,0,1,0,0,1,0,0,0,1
0,-1.0789228546182041,0.14627752129084798,-0.824268887651698,1,0,0,0,1,0,0,1,0,0,0,0,0,0,0,0,0,0,0,0,0,0,0,1,0,0,1
0,1.407501953007301,0.14960344230856867,1.0440250750606943,0,1,1,1,1,0,1,0,0,0,1,0,1,0,1,0,1,0,0,0,0,1,0,1,1,0,0
0,-0.6713122304173017,-1.513357066551866,-0.8871357872317341,0,0,1,1,1,0,0,0,1,1,0,1,0,1,0,1,0,1,0,1,0,0,0,0,0,0,1
0,-0.6305511679972114,-1.5200089085873079,-0.8573346709746714,0,1,0,0,1,0,0,0,1,1,0,1,0,1,0,1,0,1,0,1,0,0,1,0,0,0,1
0,0.10314795556441304,-0.1281109626711238,-0.06896169167976259,0,1,1,0,1,0,0,0,0,0,1,0,1,0,1,0,0,0,0,0,0,0,0,0,0,0,1
0,1.0406523912264887,-1.4751089748480761,-0.4832435306315723,0,0,1,1,1,0,0,0,1,1,0,1,0,1,0,1,0,1,0,1,0,0,1,0,1,0,0
0,-1.2827281667186554,-0.47733266953181513,-0.986575781374472,1,1,0,0,1,0,0,0,0,0,0,0,0,0,1,0,0,0,0,0,0,0,0,1,0,1,0
0,0.7960860167059473,-0.48731043258497764,0.11789638072110972,0,1,1,1,0,1,0,0,0,0,0,0,1,0,1,0,1,0,1,0,0,0,1,0,0,0,1
0,1.5297851402675717,0.49051034662495785,1.4570495760209032,0,0,0,0,1,0,0,0,0,0,1,0,0,0,1,0,1,0,1,0,1,0,1,0,0,0,0
0,-0.5490290431570309,-1.3287684500683579,-0.8025191462531311,0,0,1,1,1,0,1,0,1,1,0,1,0,1,0,1,0,1,0,1,0,0,1,1,0,0,0
1,-1.2827281667186554,0.31756245370347297,-0.9760317890940308,1,1,0,0,1,0,1,1,0,0,0,0,0,0,0,0,0,0,0,0,0,0,0,1,0,1,0
0,0.10314795556441304,1.3984867844627558,0.6483827203703336,0,0,1,1,1,0,0,1,0,0,1,0,0,0,1,0,1,0,1,0,1,0,0,1,0,1,0
0,-0.019135231695857704,1.213898167979247,0.4624069904197076,0,0,0,0,1,0,1,1,0,0,0,0,0,0,1,0,0,0,1,0,1,0,0,1,0,1,0
0,-0.6305511679972114,-0.3160255001723529,-0.6027568155174094,0,0,1,1,1,0,0,0,0,0,1,0,0,0,0,0,1,0,0,0,0,0,0,1,1,0,0
0,1.407501953007301,-0.4756697090229548,0.505134423572876,0,0,1,1,1,0,0,0,0,0,0,0,1,0,0,0,0,0,0,0,0,1,0,0,1,0,0
0,-0.9566396673579334,-1.5083681850252848,-0.9425248345459345,0,0,0,0,1,0,0,0,1,1,0,1,0,1,0,1,0,1,0,1,0,0,0,0,0,0,0
0,-0.05989629411594795,0.4855214650983768,0.13276385100775678,1,1,0,1,1,0,1,0,0,0,0,0,1,0,0,0,1,0,1,0,1,1,0,1,0,0,1
0,-1.1604449794583847,0.8580246190831143,-0.8465259759591565,0,1,0,0,1,0,1,1,0,0,1,0,0,0,0,0,0,0,1,0,0,0,0,0,0,1,0
1,1.0406523912264887,0.831417250941347,1.2524784789313403,0,1,1,1,1,0,1,1,0,0,1,0,1,0,0,0,1,0,0,0,0,1,0,1,0,0,0
0,1.1221745160666692,0.4705548205186328,1.1092522406951388,0,1,0,0,1,0,0,0,0,0,1,0,0,0,1,0,1,0,1,0,1,1,0,0,0,0,1
0,1.0406523912264887,1.3236535615640361,1.7350536235322,1,1,0,0,1,0,1,1,0,0,0,0,0,0,1,0,1,0,1,0,1,1,0,1,0,1,0
0,-1.2827281667186554,-1.5067052245164245,-1.0002300307920307,0,1,0,0,1,0,0,0,1,1,0,1,0,1,0,1,0,1,0,1,0,0,0,0,0,0,1
0,-0.22294054379630893,-1.4950645009544015,-0.7661666373029911,0,0,1,1,1,0,0,0,1,1,0,1,0,1,0,1,0,1,0,1,0,0,1,0,0,0,1
1,1.3667408905872107,1.709460399619657,2.459743536480595,0,1,1,1,1,0,1,1,0,0,1,0,1,0,1,0,1,0,1,0,1,1,0,1,0,1,0
0,-0.712073292837392,0.761572909569209,-0.4608320323953209,0,1,0,0,1,0,1,1,0,0,1,0,0,0,0,0,0,0,1,0,0,0,0,1,0,0,0
1,0.592280704605496,1.1706611947488759,1.1401121678924968,1,1,1,0,1,0,1,1,0,0,0,0,0,0,1,0,0,0,1,0,1,0,0,1,0,1,0
0,0.3477143300849545,0.5470510039262128,0.3987680411957062,0,0,0,0,1,0,1,1,0,0,1,0,0,0,0,0,0,0,0,0,0,0,0,1,1,0,0
0,1.081413453646579,-0.6835397726305091,0.1676384363537348,0,1,1,0,0,1,0,0,0,0,0,0,0,0,0,0,0,0,1,0,1,0,0,1,0,1,0
0,0.7145638918657667,0.18286265248577738,0.5500677128516597,0,0,0,1,1,0,0,1,0,0,0,0,0,0,0,0,0,0,0,0,0,0,1,0,1,0,0
0,-0.6305511679972114,-0.6785508911039276,-0.6593811422619542,0,1,1,1,0,1,0,0,0,0,1,0,0,0,1,0,0,0,1,0,0,1,0,0,1,0,0
0,-1.0789228546182041,-0.5222326032710469,-0.8784226555355537,0,1,1,1,1,0,0,0,0,0,1,0,0,0,0,0,0,0,0,0,0,0,0,1,0,1,0
1,0.755324954285857,-1.177439043762058,-0.3650317008598484,0,1,1,0,0,1,0,0,0,0,0,0,1,0,0,0,0,0,0,0,0,0,0,1,1,0,0
0,0.46999751734522527,1.1872907998374802,0.9314822955318014,1,1,0,0,1,0,0,1,0,0,0,0,1,0,0,0,1,0,1,0,1,0,0,0,0,1,0
0,0.6738028294456765,0.6800878446350476,0.8872769387744708,0,1,1,0,1,0,0,1,0,0,0,0,1,0,0,0,0,0,1,0,0,0,0,1,1,0,0
0,-1.2419671042985652,1.0243206699691578,-0.9350469822800984,1,1,0,0,1,0,0,1,0,0,0,0,1,0,0,0,0,0,1,0,1,0,0,0,0,1,0
0,1.081413453646579,0.14128863976426648,0.7985794639634795,0,1,1,0,1,0,1,0,0,0,1,0,0,0,0,0,1,0,0,0,1,1,0,1,0,0,1
1,0.7145638918657667,0.18286265248577738,0.5152151860669378,0,1,0,0,1,0,1,0,0,0,1,0,1,0,0,0,0,0,1,0,0,0,0,1,0,0,0
0,1.081413453646579,-1.4717830538303551,-0.44150873273493085,0,0,1,1,1,0,0,0,1,1,0,1,0,1,0,1,0,1,0,1,0,0,1,0,0,0,1
0,-0.5897901055771212,0.3092476511591708,-0.39695043899750176,0,1,0,0,1,0,1,1,0,0,0,0,0,0,0,0,0,0,0,0,0,0,0,0,0,0,1
0,-0.9158786049378431,0.33918094031865836,-0.6619619939289242,0,1,0,0,1,0,1,1,0,0,0,0,0,0,0,0,0,0,0,0,0,0,0,0,0,1,0
0,-0.7528343552574821,-0.6735620095773465,-0.7259538801330241,0,1,1,0,1,0,0,0,0,0,0,0,0,0,0,0,0,0,0,0,0,1,0,0,0,1,0
0,0.10314795556441304,-1.4435127251797277,-0.6976306874801236,0,1,0,0,1,0,0,0,1,1,0,1,0,1,0,1,0,1,0,1,0,0,1,0,0,0,0
0,-0.9974007297780236,-0.7118101012811364,-0.8564302699631692,0,1,1,1,1,0,0,0,0,0,0,0,0,0,0,0,0,0,0,0,0,1,0,1,0,0,1
0,-0.5897901055771212,-1.4900756194278202,-0.8562538014731199,0,1,1,1,1,0,0,0,1,1,0,1,0,1,0,1,0,1,0,1,0,1,0,0,0,0,0
0,1.1221745160666692,0.9744318547033448,1.555143997927016,0,0,1,1,1,0,1,1,0,0,1,0,1,0,0,0,0,0,1,0,0,1,0,0,0,0,0
0,-1.2827281667186554,0.982746657247647,-0.9672083645915696,1,0,0,0,1,0,0,1,0,0,0,0,0,0,1,0,0,0,1,0,1,0,0,0,0,1,0
0,-1.0789228546182041,-1.5067052245164245,-0.9539511692766217,0,0,0,0,1,0,0,0,1,1,0,1,0,1,0,1,0,1,0,1,0,0,1,0,0,0,1
0,-0.5490290431570309,0.36745126896928604,-0.4019797909639047,0,0,0,1,1,0,1,0,0,0,1,0,1,0,0,0,1,0,1,0,0,0,0,1,0,0,1
0,0.8368470791260375,-0.023344450612916196,0.5315164628352351,0,1,1,1,1,0,1,0,0,0,1,0,1,0,0,0,1,0,0,0,0,1,0,0,0,0,0
1,1.6113072651077522,1.4866236914323585,2.485529994589038,0,1,1,0,1,0,1,1,0,0,1,0,1,0,1,0,0,0,1,0,1,0,1,1,0,0,0
0,1.1221745160666692,1.5281977041538695,1.9208308264315208,0,0,1,0,1,0,1,1,0,0,0,0,1,0,1,0,1,0,1,0,1,0,1,1,1,0,0
0,-1.2827281667186554,-0.327666223734376,-0.9845905108614182,1,0,0,0,1,0,0,0,0,0,0,0,0,0,0,0,0,0,1,0,0,0,0,1,1,0,0
0,-0.7935954176775724,-0.3792179995090494,-0.6920498714823169,0,0,0,1,1,0,0,0,0,0,0,0,0,0,1,0,1,0,0,0,0,0,0,0,0,0,1
0,-1.1196839170382944,0.16955896841489418,-0.867503667713758,0,0,1,1,1,0,0,1,0,0,0,0,0,0,0,0,0,0,0,0,0,0,0,0,1,0,0
0,-1.2827281667186554,1.217224088996968,-0.9640981074544521,1,1,0,0,1,0,1,1,0,0,0,0,0,0,1,0,0,0,1,0,1,0,0,1,0,1,0
0,-0.7935954176775724,1.0692206037083893,-0.4201339868777186,0,1,1,1,1,0,0,1,0,0,0,0,0,0,1,0,0,0,1,0,1,0,0,0,0,1,0
0,0.18467008040459354,0.8563616585742535,0.4728848070163803,0,1,0,0,1,0,1,0,0,0,1,0,1,0,1,0,1,0,1,0,1,1,0,1,0,0,0
0,1.2852187657470302,0.2892921250528453,1.0928847882430732,0,1,1,0,1,0,0,1,0,0,1,0,0,0,0,0,0,0,0,0,0,0,0,1,0,0,1
0,-1.1196839170382944,0.10304054806047677,-0.8543126480825785,1,0,1,0,1,0,1,0,0,0,0,0,0,0,1,0,1,0,1,0,0,0,0,0,0,0,0
0,1.1629355784867594,0.9810836967387861,1.507144568633627,0,0,1,0,1,0,1,1,0,0,0,0,1,0,0,0,1,0,0,0,1,0,1,1,0,0,0
0,-1.2827281667186554,0.15459232383515015,-0.9781935280971339,1,0,0,0,1,0,0,1,0,0,0,0,0,0,0,0,0,0,0,0,0,0,0,1,0,1,0
0,-1.2827281667186554,-1.5299866716404704,-1.000538850649617,1,1,0,0,1,0,0,0,1,1,0,1,0,1,0,1,0,1,0,1,0,0,0,1,0,0,1
0,-0.2637016062163992,-1.5116941060430058,-0.7769973908797622,0,1,0,0,1,0,0,0,1,1,0,1,0,1,0,1,0,1,0,1,0,1,0,0,0,0,1
0,-1.2827281667186554,0.14461456078198764,-0.9783258794646709,1,0,0,0,1,0,0,1,0,0,0,0,0,0,0,0,0,0,0,0,0,0,0,1,0,1,0
0,-0.34522373105657966,-1.5000533824809827,-0.7957030508249798,0,1,1,0,1,0,0,0,1,1,0,1,0,1,0,1,0,1,0,1,0,0,1,0,0,0,1
0,-0.6305511679972114,-0.34096990780525943,-0.5964480669981497,0,1,1,0,0,1,0,0,0,0,0,0,0,0,1,0,1,0,1,0,1,1,0,0,0,1,0
0,-0.2637016062163992,-1.1657983202000353,-0.6618737596838995,0,0,0,1,0,1,0,0,0,0,0,0,0,0,1,0,0,0,0,0,0,0,0,1,0,0,1
0,-1.2827281667186554,0.15958120536173165,-0.9781273524133653,1,1,0,0,1,0,0,1,0,0,0,0,0,0,0,0,0,0,0,0,0,0,0,1,0,1,0
1,0.30695326766486425,1.2305277730678514,0.7939030489771752,1,1,1,0,1,0,1,1,0,0,1,0,0,0,0,0,0,0,1,0,1,0,0,0,0,1,0
0,0.7960860167059473,1.270438825280502,1.357940460297008,0,1,0,0,1,0,1,1,0,0,0,0,1,0,1,0,0,0,1,0,1,0,0,1,0,1,0
0,-1.2827281667186554,0.5803102141034214,-0.9725465364155585,1,0,0,0,1,0,0,1,0,0,0,0,1,0,1,0,0,0,0,0,0,0,0,1,0,1,0
0,-0.46750691831685043,-0.9895245062608291,-0.6689766164083808,0,0,0,0,0,1,0,0,0,0,1,0,0,0,0,0,1,0,0,0,0,0,1,0,0,0,1
0,1.407501953007301,1.358575732250105,1.99858725485946,0,0,1,0,1,0,1,1,0,0,0,0,1,0,1,0,0,0,1,0,1,1,0,1,0,0,0
0,0.46999751734522527,-0.28609221101286514,0.058580909503314335,0,0,1,1,1,0,0,0,0,0,1,0,0,0,0,0,1,0,0,0,0,0,0,0,0,0,0
0,1.5297851402675717,-0.1497294492863094,0.8170204211736235,0,1,1,1,0,1,0,0,0,0,0,0,1,0,1,0,1,0,1,0,1,1,0,0,0,1,0
0,-1.201206041878475,0.47886962306293496,-0.8907975084002556,1,1,0,0,1,0,0,1,0,0,0,0,0,0,0,0,0,0,1,0,0,0,0,0,0,1,0
0,0.9591302663863083,-0.16802201488377433,0.5164725240585386,0,1,1,1,1,0,0,0,0,0,1,0,1,0,1,0,0,0,0,0,0,0,1,1,0,0,0
0,-0.7935954176775724,0.6568063975110013,-0.5168607779859495,1,0,0,0,1,0,1,1,0,0,0,0,0,0,0,0,0,0,0,0,1,0,0,1,0,1,0
0,1.0406523912264887,0.9494874470704383,1.3891753830357207,1,0,1,1,1,0,1,1,0,0,1,0,1,0,0,0,0,0,0,0,1,0,0,1,0,0,0
0,0.38847539250504476,0.9760948152122051,0.8380201714894813,1,0,1,1,1,0,1,1,0,0,0,0,0,0,0,0,0,0,1,0,1,0,0,1,0,1,0
1,-1.2827281667186554,-1.3237795685417766,-0.9978035890538538,1,1,1,0,0,1,0,0,0,0,0,0,0,0,0,0,0,0,0,0,0,0,0,0,0,1,0
0,0.5515196421854057,1.1573575106779928,1.0338560783216078,0,0,1,1,1,0,1,1,0,0,1,0,0,0,1,0,1,0,0,0,1,0,1,0,0,0,1
0,1.24445770332694,-0.47234378800523386,0.4122678806844718,0,0,1,1,1,0,0,0,0,0,1,0,0,0,0,0,0,0,0,0,0,0,1,1,0,0,0
0,-0.8751175425177529,-0.1314368836888447,-0.7051085397459594,0,1,0,0,1,0,0,0,0,0,0,0,1,0,1,0,1,0,0,0,0,0,0,1,0,1,0
0,-0.712073292837392,-0.17301089641035558,-0.6263153589389809,0,1,1,1,1,0,1,0,0,0,0,0,0,0,1,0,1,0,0,0,0,0,0,1,0,0,0
0,1.6113072651077522,-0.005051885015451507,1.0849657647521143,0,1,1,0,0,1,0,0,0,0,1,0,1,0,1,0,1,0,1,0,1,0,1,1,0,1,0
0,-0.14141841895612844,-1.322116608032916,-0.6943660204142129,1,0,0,0,0,1,0,0,0,0,0,0,0,0,0,0,0,0,0,0,0,0,0,1,1,0,0
0,-1.2827281667186554,-0.5288844453064885,-0.9872595967734128,1,1,0,1,1,0,0,0,0,0,0,0,0,0,1,0,0,0,0,0,0,0,0,0,0,1,0
0,-1.0789228546182041,-0.33265510526095726,-0.8521950262019878,0,0,1,1,1,0,0,0,0,0,0,0,0,0,0,0,0,0,1,0,0,0,0,0,0,1,0
0,1.24445770332694,0.88130606620716,1.5343648332237196,0,1,1,1,1,0,1,1,0,0,0,0,1,0,0,0,0,0,0,0,1,1,0,1,0,1,0
0,-1.2419671042985652,0.6983804102325122,-0.9350469822800984,1,1,0,0,1,0,0,1,0,0,0,0,0,0,1,0,0,0,0,0,1,0,0,1,0,1,0
0,-0.5897901055771212,-1.322116608032916,-0.8198351168392113,0,0,1,1,1,0,1,0,1,1,0,1,0,1,0,1,0,1,0,1,0,0,1,0,0,0,1
0,0.429236454925135,-1.0261096374557588,-0.3447378245041876,0,0,1,0,0,1,0,0,0,0,1,0,0,0,0,0,1,0,0,0,0,0,0,0,0,0,0
0,-0.712073292837392,-0.6303250363469752,-0.7029247421816003,0,0,0,0,0,1,0,0,0,0,1,0,1,0,1,0,1,0,0,0,0,1,0,0,0,0,1
0,-0.9158786049378431,1.0093540253894138,-0.5983892203886911,1,1,0,1,1,0,1,1,0,0,0,0,0,0,0,0,0,0,1,0,1,0,0,0,0,1,0
0,0.918369203966218,-1.4751089748480761,-0.48917728360947754,0,1,1,1,1,0,0,0,1,1,0,1,0,1,0,1,0,1,0,1,0,0,1,0,0,0,1
0,0.6738028294456765,1.1889537603463405,1.2277287732019364,1,1,0,1,1,0,1,1,0,0,0,0,0,0,0,0,1,0,1,0,1,1,0,1,0,0,0
0,-1.0789228546182041,-0.3176884606812135,-0.8658051584970342,1,1,1,1,1,0,0,0,0,0,0,0,1,0,1,0,0,0,0,0,0,0,0,1,0,0,1
0,1.5297851402675717,-1.4800978563746574,-0.3655831648912522,0,1,1,1,1,0,0,0,1,1,0,1,0,1,0,1,0,1,0,1,0,0,1,0,1,0,0
1,-1.2419671042985652,0.33252909828321653,-0.9398557486339398,1,1,0,0,1,0,1,1,0,0,0,0,0,0,0,0,0,0,0,0,0,0,0,1,0,0,1
1,1.24445770332694,-0.9562652960836203,0.005353601192217061,0,1,1,0,0,1,0,0,0,0,1,0,0,0,0,0,1,0,0,0,0,1,0,0,0,0,0
0,-0.3044626686364894,0.03153324617947787,-0.2678416799652381,0,0,0,0,1,0,0,0,0,0,0,0,1,0,0,0,1,0,0,0,1,0,0,1,0,0,0
1,-0.5897901055771212,-1.4800978563746574,-0.8457980434377035,0,0,0,0,1,0,0,0,1,1,0,1,0,1,0,1,0,1,0,1,0,1,0,0,0,0,0
1,-0.1821794813762187,1.3619016532678259,0.3137764046757485,0,1,1,0,1,0,1,1,0,0,0,0,1,0,0,0,1,0,1,0,1,0,0,1,0,1,0
1,0.8368470791260375,1.0609058011640873,1.2881251139212837,0,0,0,0,1,0,0,1,0,0,1,0,1,0,0,0,1,0,0,0,1,1,0,1,0,0,1
0,0.10314795556441304,1.2471573781564558,0.5908760511755428,1,1,0,0,1,0,0,1,0,0,0,0,1,0,1,0,0,0,1,0,1,1,0,1,0,0,0
0,-1.2827281667186554,-1.3453980551569622,-0.9980903503501838,0,1,0,0,0,1,0,0,0,0,0,0,0,0,0,0,0,0,0,0,0,0,0,0,0,0,1
0,1.5297851402675717,1.6895048735133318,2.5067723890787135,1,1,1,0,1,0,1,1,0,0,1,0,1,0,1,0,1,0,1,0,1,1,0,0,1,0,0
0,-1.2419671042985652,0.49882514916926,-0.9415983749731761,1,1,0,0,1,0,0,1,0,0,0,0,0,0,1,0,1,0,0,0,0,0,0,1,0,1,0
0,-0.2637016062163992,0.27266251996424096,-0.1443799126145497,0,0,1,0,1,0,0,0,0,0,0,0,1,0,0,0,1,0,1,0,1,0,0,1,0,1,0
0,0.06238689314432279,-0.016692608577474836,-0.1031083445042873,0,0,0,0,1,0,0,0,0,0,1,0,1,0,0,0,0,0,0,0,1,1,0,0,0,1,0
0,-0.5490290431570309,-1.4751089748480761,-0.8330261364703908,0,0,0,1,1,0,0,0,1,1,0,1,0,1,0,1,0,1,0,1,0,0,1,0,0,0,1
0,-0.712073292837392,0.3707771899870067,-0.5099564483127738,1,1,0,0,1,0,1,1,0,0,0,0,0,0,0,0,0,0,0,0,0,0,0,1,0,0,1
0,1.2036966409068497,-0.33598102627867815,0.5023109277320884,0,0,1,1,1,0,0,0,0,0,1,0,0,0,1,0,0,0,0,0,0,1,0,0,1,0,0
1,0.38847539250504476,1.326979482581757,0.8985268050151088,1,0,0,0,1,0,1,1,0,0,0,0,1,0,1,0,0,0,1,0,1,0,0,1,0,0,0
0,-0.9566396673579334,0.32587725624777514,-0.6984689128078574,1,0,0,0,1,0,0,0,0,0,1,0,1,0,0,0,0,0,1,0,1,0,0,1,0,1,0
0,-0.34522373105657966,-0.4557141829166295,-0.4460527963536984,0,1,0,0,1,0,0,0,0,0,1,0,0,0,0,0,0,0,0,0,0,0,0,1,0,1,0
1,1.4482630154273912,-0.7616989165469494,0.29954863266552983,0,1,1,0,0,1,0,0,0,0,1,0,1,0,1,0,0,0,0,0,0,0,1,1,0,1,0
0,-0.05989629411594795,-0.3492847103495616,-0.28224592046550606,0,1,1,1,1,0,0,0,0,0,0,0,0,0,1,0,1,0,0,0,0,0,0,0,0,0,1
0,-1.2827281667186554,-0.28609221101286514,-0.9840390468300144,1,0,0,0,1,0,0,0,0,0,0,0,0,0,0,0,0,0,0,0,1,0,0,1,0,1,0
0,-0.46750691831685043,1.3718794163209884,-0.016241730277556866,1,1,1,0,1,0,1,1,0,0,0,0,0,0,1,0,1,0,1,0,1,0,0,1,0,1,0
0,1.24445770332694,1.0359613935311807,1.6865909644524317,0,0,1,0,1,0,0,1,0,0,0,0,1,0,0,0,0,0,1,0,1,1,0,1,0,1,0
1,-1.2419671042985652,0.49549922815153935,-0.9385322349585706,1,0,0,0,1,0,0,1,0,0,0,0,0,0,0,0,0,0,0,0,1,0,0,1,0,0,0
0,1.1629355784867594,-0.11314431809137979,0.6460445128771816,0,0,1,1,0,1,0,0,0,0,0,0,1,0,1,0,1,0,1,0,1,0,1,1,0,0,0
0,-1.2827281667186554,0.12632199518452294,-0.9785685236384885,1,0,0,0,1,0,0,1,0,0,0,0,0,0,0,0,0,0,0,0,0,0,0,0,0,1,0
0,-0.5897901055771212,-1.5033793034987035,-0.827423261911328,0,1,0,0,1,0,0,0,1,1,0,1,0,1,0,1,0,1,0,1,0,1,0,0,0,0,1
0,-1.0789228546182041,-1.5249977901138891,-0.9623113639927037,0,0,1,1,1,0,0,0,1,1,0,1,0,1,0,1,0,1,0,1,0,1,0,0,1,0,0
0,0.021625830724232544,1.1689982342400156,0.4560982419004478,0,0,0,0,1,0,1,1,0,0,0,0,1,0,0,0,0,0,1,0,1,0,0,1,0,1,0
0,-0.6713122304173017,-1.4834237773923784,-0.8643934105766404,1,1,0,0,1,0,0,0,1,1,0,1,0,1,0,1,0,1,0,1,0,0,0,0,0,0,0
0,0.9591302663863083,1.1257612610096444,1.4923653325920043,0,0,1,0,1,0,0,1,0,0,0,0,0,0,1,0,1,0,1,0,1,0,0,1,0,1,0
0,-0.3859847934766699,-1.4983904219721222,-0.8035117815096581,0,1,0,1,1,0,0,0,1,1,0,1,0,1,0,1,0,1,0,1,0,1,0,0,0,0,1
0,-0.9566396673579334,0.29760692759714746,-0.6981380343890151,0,1,0,0,1,0,0,1,0,0,0,0,0,0,1,0,0,0,0,0,0,0,0,1,0,1,0
1,-0.7528343552574821,1.1756500762754574,-0.4045385840696184,1,0,1,0,1,0,1,1,0,0,0,0,1,0,0,0,0,0,1,0,1,0,0,1,0,1,0
0,-0.712073292837392,0.3341920587920773,-0.5203680892256779,1,1,1,1,1,0,1,1,0,0,0,0,0,0,0,0,0,0,0,0,0,0,0,1,0,0,0
0,-1.1196839170382944,-1.4900756194278202,-0.966701017682678,0,1,0,0,1,0,0,0,1,1,0,1,0,1,0,1,0,1,0,1,0,0,0,0,1,0,0
0,1.1629355784867594,1.3752053373387096,1.8036998661613481,0,1,1,0,1,0,1,1,0,0,1,0,1,0,0,0,0,0,1,0,1,0,0,1,0,1,0
0,1.5297851402675717,1.7194381626728195,2.587705250327539,0,1,1,1,1,0,1,1,0,0,1,0,1,0,1,0,1,0,1,0,1,0,1,1,1,0,0
0,-0.712073292837392,1.159020471186853,-0.31764991128163167,0,1,0,0,1,0,1,1,0,0,1,0,0,0,0,0,0,0,1,0,1,0,0,1,0,1,0
0,-0.9974007297780236,-1.501716342989843,-0.9513923761709079,0,1,1,1,1,0,0,0,1,1,0,1,0,1,0,1,0,1,0,1,0,0,1,0,0,0,1
0,-0.9974007297780236,-1.5083681850252848,-0.9373190140894823,0,0,1,1,1,0,0,0,1,1,0,1,0,1,0,1,0,1,0,1,0,0,1,0,0,0,1
0,-1.1604449794583847,-1.1874168068152209,-0.9603040349183937,0,0,0,0,0,1,0,0,0,0,1,0,0,0,0,0,0,0,0,0,0,0,0,1,0,0,1
0,0.06238689314432279,-0.327666223734376,-0.17718099320244918,0,0,0,0,1,0,0,0,0,0,1,0,1,0,0,0,0,0,0,0,0,1,0,0,0,0,1
0,1.4482630154273912,0.8630135006096954,1.7717811280236948,0,1,1,0,1,0,1,0,0,0,1,0,1,0,1,0,1,0,1,0,1,0,1,1,1,0,0
0,0.5107585797653155,-0.4607030644432108,-0.009822688952016257,0,0,1,1,0,1,0,0,0,0,0,0,1,0,1,0,1,0,0,0,1,1,0,0,0,0,0
1,-0.9566396673579334,0.8397320534856492,-0.6485062715626708,0,0,0,0,1,0,1,1,0,0,0,0,0,0,1,0,0,0,1,0,0,0,0,1,0,1,0
0,-0.4267458558967602,-0.19296642251668086,-0.4558467975514303,0,0,0,0,1,0,1,0,0,0,1,0,0,0,0,0,1,0,0,0,0,0,0,1,0,0,1
0,-1.2419671042985652,-1.481760816883518,-0.9906786737681166,0,0,0,0,1,0,0,0,1,1,0,1,0,1,0,1,0,1,0,1,0,0,0,0,0,0,1
0,1.5297851402675717,0.2693365989465203,1.3141542162035442,0,1,1,0,1,0,1,0,0,0,0,0,1,0,1,0,1,0,1,0,0,0,1,0,0,0,0
0,-0.9158786049378431,0.2892921250528453,-0.7029909178653688,0,0,0,1,1,0,1,0,0,0,1,0,0,0,1,0,1,0,0,0,1,1,0,0,1,0,0
0,1.6113072651077522,0.6468286344578388,1.6368930259423191,0,1,0,0,1,0,1,0,0,0,1,0,0,0,1,0,1,0,1,0,1,0,1,0,1,0,0
0,0.6738028294456765,0.4372956103414241,0.6782720708724209,0,0,1,1,1,0,0,0,0,0,0,0,1,0,1,0,0,0,1,0,1,1,0,0,1,0,0
1,0.8776081415461278,0.2410662702958926,0.7055585111462824,0,0,0,0,1,0,1,0,0,0,0,0,1,0,0,0,1,0,1,0,0,1,0,0,0,0,1
0,1.570546202687662,1.3934979029361743,2.204305397134343,0,0,0,0,1,0,1,1,0,0,1,0,1,0,1,0,0,0,1,0,1,0,1,1,1,0,0
0,-0.4267458558967602,-1.516682987569587,-0.826849739318668,0,0,0,0,1,0,0,0,1,1,0,1,0,1,0,1,0,1,0,1,0,1,0,1,0,0,1
0,0.7145638918657667,-1.4734460143392158,-0.5366914245552311,0,0,1,1,1,0,0,0,1,1,0,1,0,1,0,1,0,1,0,1,0,0,1,0,1,0,0
0,0.429236454925135,-1.4917385799366805,-0.6479989246537793,0,0,1,1,1,0,0,0,1,1,0,1,0,1,0,1,0,1,0,1,0,1,0,0,0,0,1
0,0.5107585797653155,-1.3370832526126601,-0.49211107225654593,0,0,1,1,1,0,1,0,1,1,0,1,0,1,0,1,0,1,0,1,0,0,1,1,1,0,0
1,1.2852187657470302,1.285405469860246,1.8802210151589427,0,1,0,0,1,0,1,1,0,0,1,0,1,0,0,0,0,0,1,0,1,0,0,1,0,0,0
0,-0.3859847934766699,-1.363690620754427,-0.7328361512449437,0,0,1,1,1,0,1,0,1,1,0,1,0,1,0,1,0,1,0,1,0,0,1,0,0,0,1
0,1.4482630154273912,-1.2988351609088702,-0.16555613142045658,0,0,1,0,1,0,1,0,1,1,0,1,0,1,0,1,0,1,0,1,0,0,1,0,1,0,0
0,-1.2827281667186554,0.19949225757438172,-0.9775979469432178,1,0,0,0,1,0,0,1,0,0,0,0,0,0,0,0,0,0,0,0,0,0,0,1,0,1,0
0,-1.2419671042985652,0.16457008688831268,-0.9494291642191104,1,1,0,0,1,0,0,1,0,0,0,0,0,0,0,0,0,0,0,0,0,0,0,1,1,0,0
0,-0.2637016062163992,-0.1796627384457972,-0.3440098919827345,0,1,0,0,1,0,0,0,0,0,0,0,0,0,0,0,1,0,1,0,0,1,0,0,1,0,0
0,0.918369203966218,-0.34263286831412,0.30508533154082434,1,1,1,0,0,1,0,0,0,0,0,0,0,0,1,0,1,0,1,0,1,0,0,1,0,0,0
0,-0.7528343552574821,-1.4900756194278202,-0.8768123805638546,0,1,0,0,1,0,0,0,1,1,0,1,0,1,0,1,0,1,0,1,0,0,0,1,0,1,0
0,1.570546202687662,0.5886250166477236,1.5643424179708316,0,1,1,0,1,0,0,0,0,0,1,0,0,0,1,0,1,0,1,0,1,0,1,1,0,1,0
0,1.2852187657470302,0.5453880434173524,1.4473879261907086,0,1,0,0,1,0,1,0,0,0,1,0,1,0,1,0,1,0,1,0,0,1,0,0,0,1,0
0,-1.0381617921981139,0.19616633655666102,-0.809974939957711,1,0,0,0,1,0,0,0,0,0,0,0,0,0,0,0,1,0,1,0,1,0,0,1,1,0,0
0,0.9998913288063985,0.3142365326857518,0.8292188055482763,0,0,0,0,1,0,0,0,0,0,1,0,1,0,1,0,1,0,1,0,0,0,1,1,1,0,0
0,-0.7935954176775724,0.972768894194484,-0.47256718698359435,1,0,1,0,1,0,1,1,0,0,0,0,1,0,1,0,0,0,1,0,0,0,0,0,0,1,0
0,-1.201206041878475,-1.169124241217756,-0.968399526899402,1,0,1,1,0,1,0,0,0,0,1,0,0,0,0,0,0,0,0,0,0,0,0,0,1,0,0
1,1.6113072651077522,1.49161257295894,2.47571393483005,0,1,1,0,1,0,1,1,0,0,0,0,1,0,1,0,1,0,1,0,1,0,1,0,1,0,0
0,0.30695326766486425,1.0476021170932035,0.7185068866036441,0,0,1,1,1,0,1,1,0,0,0,0,1,0,1,0,0,0,1,0,0,0,0,1,1,0,0
0,-0.7528343552574821,0.05814061432124474,-0.5767277132351488,0,1,1,0,1,0,1,0,0,0,0,0,0,0,0,0,1,0,1,0,0,0,0,1,1,0,0
0,-1.2419671042985652,-0.6768879305950674,-0.9691274594208549,0,1,1,1,1,0,0,0,0,0,0,0,0,0,0,0,0,0,0,0,0,0,0,1,0,1,0
1,1.3667408905872107,1.5315236251715905,2.269951675432655,1,1,0,0,1,0,1,1,0,0,0,0,1,0,1,0,1,0,1,0,1,1,0,0,1,0,0
0,0.22543114282468377,1.335294285126059,0.7674768925923039,1,0,1,0,1,0,1,1,0,0,0,0,0,0,1,0,1,0,1,0,1,0,0,1,0,1,0
0,-1.2827281667186554,-1.3154647659974745,-0.9976932962475731,1,1,0,1,0,1,0,0,0,0,0,0,0,0,0,0,0,0,0,0,0,0,0,1,0,1,0
0,-0.4267458558967602,-0.32267734220779476,-0.48251559811011935,1,1,0,0,1,0,0,0,0,0,0,0,1,0,0,0,1,0,0,0,0,1,0,1,1,0,0
0,-1.1196839170382944,0.5071399517135622,-0.8330261364703908,0,1,0,0,1,0,0,1,0,0,0,0,0,0,0,0,0,0,1,0,0,0,0,1,0,0,1
0,-0.14141841895612844,0.13962567925540614,-0.14484314240092888,0,1,1,1,1,0,1,0,0,0,1,0,0,0,0,0,1,0,1,0,0,1,0,0,0,0,0
0,-1.2827281667186554,0.16789600790603382,-0.9780170596070846,1,1,1,1,1,0,0,1,0,0,0,0,0,0,0,0,0,0,0,0,0,0,0,1,0,0,1
0,-1.201206041878475,-1.4784348958657971,-0.9809949653766652,0,0,0,0,1,0,0,0,1,1,0,1,0,1,0,1,0,1,0,1,0,0,0,0,0,0,1
0,1.570546202687662,-1.501716342989843,-0.4348470472355727,0,1,1,1,1,0,0,0,1,1,0,1,0,1,0,1,0,1,0,1,0,0,1,0,1,0,0
0,-0.9566396673579334,-0.4906363536026986,-0.7953059967223691,0,1,0,1,1,0,0,0,0,0,0,0,1,0,0,0,0,0,0,0,0,0,0,1,0,1,0
0,0.429236454925135,1.2155611284881078,0.9887683791140309,1,1,0,0,1,0,1,1,0,0,0,0,1,0,0,0,0,0,1,0,1,0,0,1,0,1,0
0,0.6330417670255862,0.6185583058072116,0.7063526193515038,0,0,0,0,1,0,1,0,0,0,1,0,1,0,1,0,0,0,1,0,1,1,0,1,1,0,0
0,-0.2637016062163992,0.7249877783742795,-0.034417984752626876,0,1,0,0,1,0,1,1,0,0,1,0,1,0,0,0,0,0,0,0,0,0,0,1,1,0,0
0,-0.9566396673579334,-1.4867496984100992,-0.9037900009801296,0,0,0,0,1,0,0,0,1,1,0,1,0,1,0,1,0,1,0,1,0,0,0,0,0,0,0
0,-1.2827281667186554,0.5304213988376084,-0.9732082932532432,1,1,0,0,1,0,0,1,0,0,0,0,0,0,0,0,0,0,0,0,1,0,0,1,0,1,0
0,0.5515196421854057,-1.5116941060430058,-0.5861467188915261,0,0,1,1,1,0,0,0,1,1,0,1,0,1,0,1,0,1,0,1,0,0,1,0,1,0,0
0,-1.2419671042985652,-0.09318879198505475,-0.9566643723111284,1,1,0,0,1,0,1,0,0,0,0,0,0,0,0,0,0,0,0,0,1,0,0,0,0,0,0
1,-1.2827281667186554,0.3857438345667507,-0.9751273880825286,1,1,0,0,1,0,1,1,0,0,0,0,0,0,0,0,0,0,0,0,0,0,0,1,0,1,0
0,1.2852187657470302,-0.15970721233947216,0.687646959406286,0,1,1,1,0,1,0,0,0,0,1,0,0,0,1,0,1,0,1,0,1,0,1,1,0,0,0
1,-0.8343564800976626,0.8796431056982997,-0.5259930223459969,1,0,0,0,1,0,1,1,0,0,0,0,1,0,0,0,0,0,1,0,0,0,0,1,0,1,0
1,-1.0789228546182041,1.0276465909868786,-0.7557329378288307,1,1,1,0,1,0,0,1,0,0,0,0,0,0,1,0,0,0,1,0,1,0,0,1,0,1,0
0,1.081413453646579,-1.4800978563746574,-0.449890986012269,0,0,1,0,1,0,0,0,1,1,0,1,0,1,0,1,0,1,0,1,0,1,0,0,0,0,1
0,-1.0381617921981139,0.9711059336856236,-0.7293950156889839,0,0,0,0,1,0,0,1,0,0,0,0,1,0,0,0,0,0,1,0,1,1,0,1,0,0,1
1,1.6113072651077522,0.640176792422397,1.6953702718323804,0,0,1,0,1,0,1,0,0,0,1,0,1,0,1,0,0,0,1,0,1,0,1,1,1,0,0
1,-0.6713122304173017,0.4622400179743306,-0.4713980832370182,0,1,0,0,1,0,0,1,0,0,0,0,0,0,0,0,0,0,0,0,1,0,0,1,0,1,0
0,-0.3044626686364894,-0.3093736581369113,-0.3888770055777498,0,1,1,0,1,0,1,0,0,0,0,0,0,0,1,0,0,0,0,0,0,0,0,0,1,0,0
0,0.06238689314432279,-0.07323326587872948,-0.005234508210736389,1,0,1,0,1,0,1,0,0,0,1,0,1,0,0,0,1,0,0,0,0,0,0,0,0,1,0
0,-1.2827281667186554,0.32088837472119364,-0.9759876719715186,1,0,0,0,1,0,1,1,0,0,0,0,0,0,0,0,0,0,0,0,0,0,0,1,0,1,0
0,-0.9158786049378431,1.2388425756121535,-0.5373090642704035,1,0,1,1,1,0,1,1,0,0,0,0,1,0,1,0,0,0,1,0,1,0,0,1,1,0,0
0,-0.34522373105657966,-1.4884126589189595,-0.7733136111499845,0,1,1,0,1,0,0,0,1,1,0,1,0,1,0,1,0,1,0,1,0,1,0,0,0,0,1
0,-0.9158786049378431,0.18119969197691702,-0.7105570043762292,0,0,1,1,1,0,1,0,0,0,1,0,1,0,0,0,0,0,1,0,0,1,0,0,0,1,0
0,1.4890240778474815,-0.3725661574736078,0.6695368806149845,0,1,1,0,1,0,0,0,0,0,1,0,1,0,0,0,0,0,0,0,0,1,0,1,1,0,0
0,0.9998913288063985,-1.466794172303774,-0.5152725615755066,0,1,0,0,1,0,0,0,1,1,0,1,0,1,0,1,0,1,0,1,0,0,1,0,0,0,1
0,0.7145638918657667,1.2820795488425252,1.3012940749912068,0,1,1,1,1,0,0,1,0,0,0,0,1,0,1,0,1,0,1,0,1,1,0,1,0,0,0
0,-0.1821794813762187,-0.46735490647865263,-0.3970386732425264,0,1,1,1,0,1,0,0,0,0,1,0,0,0,1,0,1,0,1,0,0,1,0,0,0,0,1
0,-0.6713122304173017,-0.48897339309383825,-0.6725721618931337,1,0,0,0,1,0,0,0,0,0,1,0,0,0,0,0,0,0,0,0,0,0,0,1,0,1,0
0,-0.3044626686364894,0.4705548205186328,-0.16974725805912566,0,1,0,0,1,0,0,0,0,0,1,0,1,0,0,0,1,0,1,0,1,0,0,1,0,0,1
1,-1.201206041878475,0.32421429573891436,-0.9033929468775189,0,0,1,0,1,0,0,1,0,0,0,0,1,0,0,0,0,0,0,0,0,0,0,1,0,0,0
0,1.1629355784867594,1.052590998619785,1.494218251737521,0,1,1,0,1,0,1,1,0,0,0,0,0,0,0,0,0,0,1,0,1,1,0,1,0,0,0
0,-1.2419671042985652,-1.4884126589189595,-0.9912963134832886,0,0,0,0,1,0,0,0,1,1,0,1,0,1,0,1,0,1,0,1,0,0,0,0,0,0,1
0,0.755324954285857,-1.5116941060430058,-0.568676338376653,0,1,1,1,1,0,0,0,1,1,0,1,0,1,0,1,0,1,0,1,0,1,0,0,0,0,1
0,1.570546202687662,0.4223289657616801,1.4503878905215453,0,0,1,1,1,0,0,0,0,0,1,0,0,0,1,0,0,0,1,0,1,0,1,0,1,0,0
0,-0.5082679807369407,-1.4900756194278202,-0.8297173522819679,0,0,1,1,1,0,0,0,1,1,0,1,0,1,0,1,0,1,0,1,0,0,0,0,0,0,1
0,-1.0789228546182041,-1.4967274614632617,-0.9475983036348496,0,1,1,1,1,0,0,0,1,1,0,1,0,1,0,1,0,1,0,1,0,0,0,0,1,0,0
0,-1.0789228546182041,-1.4850867379012387,-0.9543041062567201,0,0,0,0,1,0,0,0,1,1,0,1,0,1,0,1,0,1,0,1,0,0,0,0,0,0,1
0,-0.14141841895612844,0.08641094297187242,-0.2142614346740425,0,0,0,0,1,0,1,0,0,0,1,0,1,0,0,0,1,0,0,0,0,0,0,0,0,0,1
0,0.14390901798450328,-1.5399644346936332,-0.7048879541333979,0,1,0,0,1,0,0,0,1,1,0,1,0,1,0,1,0,1,0,1,0,0,1,1,1,0,0
0,-0.1821794813762187,-1.1674612807088958,-0.6600208405383826,0,0,0,0,0,1,0,0,0,0,0,0,0,0,1,0,0,0,0,0,0,0,0,1,0,0,1
0,-1.0381617921981139,0.719998896847698,-0.7518726896090039,1,0,1,0,1,0,1,1,0,0,0,0,0,0,0,0,0,0,1,0,0,0,0,1,0,1,0
0,1.24445770332694,-1.3520498971924038,-0.2949516517490502,0,0,0,0,1,0,1,0,1,1,0,1,0,1,0,1,0,1,0,1,0,0,1,0,0,0,1
0,0.6330417670255862,-1.3736683838075896,-0.49120667124504364,0,1,1,1,1,0,1,0,1,1,0,1,0,1,0,1,0,1,0,1,0,0,1,0,0,0,1
0,0.6738028294456765,-1.4767719353569364,-0.6114037715298214,0,0,1,0,1,0,0,0,1,1,0,1,0,1,0,1,0,1,0,1,0,1,0,0,0,0,0
1,-0.22294054379630893,0.5520398854527943,-0.07266752997079613,1,1,0,0,1,0,1,1,0,0,0,0,1,0,0,0,0,0,0,0,0,0,0,1,0,1,0
0,1.6113072651077522,0.9129023158755084,1.9557715874612667,0,1,1,0,1,0,1,0,0,0,1,0,1,0,1,0,1,0,1,0,1,0,1,0,1,0,0
0,-1.2827281667186554,0.1429516002731273,-0.9783479380259269,1,1,1,0,1,0,0,1,0,0,0,0,0,0,0,0,0,0,0,0,0,0,0,1,0,1,0
0,1.6113072651077522,-0.3725661574736078,0.660536987622474,0,0,1,1,0,1,0,0,0,0,0,0,1,0,0,0,1,0,1,0,1,0,1,0,1,0,0
0,0.592280704605496,-0.8381950999545296,-0.2153423041755939,0,0,0,0,0,1,0,0,0,0,1,0,1,0,0,0,1,0,0,0,0,1,0,0,1,0,0
0,-1.2827281667186554,-0.3393069472963991,-0.9847449207902113,0,0,0,0,1,0,0,0,0,0,0,0,0,0,0,0,0,0,1,0,0,0,0,1,0,1,0
0,0.14390901798450328,1.3286424430906172,0.7057349796363315,0,0,0,0,1,0,1,1,0,0,0,0,1,0,1,0,0,0,1,0,1,1,0,1,0,0,0
0,0.429236454925135,-1.1824279252886396,-0.4688392901313045,0,1,1,1,0,1,0,0,0,0,0,0,1,0,0,0,0,0,0,0,0,0,0,0,1,0,0
1,-0.22294054379630893,0.6318619898780948,0.010338836036107524,0,0,1,0,1,0,1,0,0,0,0,0,1,0,1,0,1,0,1,0,1,0,0,0,0,1,0
0,-0.9566396673579334,0.4888473861160975,-0.6897116639891646,1,0,0,0,1,0,0,1,0,0,0,0,0,0,0,0,0,0,0,0,1,0,0,1,0,1,0
0,0.22543114282468377,1.2903943513868275,0.7507565031601399,0,0,0,0,1,0,1,1,0,0,0,0,0,0,1,0,1,0,1,0,1,0,0,1,0,1,0
1,0.10314795556441304,1.1374019845716672,0.5593323085792439,0,0,0,0,1,0,1,1,0,0,1,0,0,0,0,0,0,0,1,0,1,0,0,1,0,1,0
0,-1.3234892291387457,0.28264028301740346,-1.0088549282431865,0,0,1,1,1,0,1,0,0,0,0,0,1,0,1,0,1,0,1,0,0,0,1,0,0,0,1
0,1.081413453646579,1.1706611947488759,1.6535472396907147,0,0,1,0,1,0,0,1,0,0,0,0,1,0,0,0,1,0,1,0,1,0,1,1,0,0,1
0,-0.22294054379630893,-1.4800978563746574,-0.7743283049677676,0,1,0,0,1,0,0,0,1,1,0,1,0,1,0,1,0,1,0,1,0,0,1,0,1,0,0
1,-1.2419671042985652,-0.6951804961925321,-0.9713112569852141,0,0,0,0,1,0,0,0,0,0,0,0,0,0,0,0,0,0,0,0,0,0,0,0,0,1,0
0,-1.0381617921981139,-1.37533134431645,-0.9325323062968971,0,1,0,0,1,0,1,0,1,1,0,1,0,1,0,1,0,1,0,1,0,0,0,0,0,0,1
0,0.14390901798450328,0.19450337604780069,0.09934513070468495,0,0,0,0,1,0,1,0,0,0,0,0,1,0,0,0,1,0,0,0,1,1,0,1,0,0,1
0,0.3477143300849545,0.9794207362299259,0.7088893538959614,0,0,1,1,1,0,1,1,0,0,1,0,1,0,0,0,0,0,1,0,0,0,0,1,0,0,0
0,-0.7935954176775724,-1.1874168068152209,-0.8512906251904855,0,0,0,0,0,1,0,0,0,0,0,0,1,0,0,0,0,0,0,0,0,0,0,0,0,1,0
0,-0.5490290431570309,-1.463468251286053,-0.8026073804981558,0,1,0,1,1,0,0,0,1,1,0,1,0,1,0,1,0,1,0,1,0,0,1,0,1,0,0
0,1.1221745160666692,-0.9030505598000864,0.0008536546959617244,0,0,1,0,0,1,0,0,0,0,1,0,1,0,0,0,1,0,0,0,0,0,1,0,0,0,0
0,0.6330417670255862,1.0193317884425763,1.0328193259425686,1,0,0,1,1,0,0,1,0,0,0,0,1,0,1,0,1,0,1,0,0,0,1,1,0,0,1
1,-1.201206041878475,0.8713283031539976,-0.8813123270601098,1,1,0,0,1,0,1,1,0,0,0,0,0,0,1,0,0,0,1,0,0,0,0,0,0,1,0
0,1.4890240778474815,0.9178911974020899,1.8413538302256016,0,1,1,0,1,0,1,1,0,0,0,0,1,0,0,0,1,0,1,0,0,0,1,1,0,0,1
0,0.429236454925135,-0.6885286541570904,-0.15682094116302,0,1,0,0,0,1,0,0,0,0,0,0,0,0,1,0,1,0,0,0,1,1,0,0,0,1,0
0,-0.8751175425177529,-0.9579282565924809,-0.8312393930086425,0,0,0,1,0,1,0,0,0,0,1,0,0,0,0,0,1,0,0,0,0,1,0,1,0,0,1
0,0.5107585797653155,-0.4856474720761173,-0.02877099307105162,0,0,1,0,1,0,0,0,0,0,0,0,0,0,1,0,0,0,0,0,0,0,0,1,1,0,0
0,1.6113072651077522,1.4932755334678003,2.4141484903641266,0,1,1,0,1,0,1,1,0,0,0,0,1,0,1,0,1,0,1,0,1,0,1,1,1,0,0
1,-1.2419671042985652,0.4772066625540746,-0.9325984819806656,1,0,1,0,1,0,1,1,0,0,0,0,0,0,1,0,0,0,0,0,0,0,0,0,0,1,0
0,-0.8343564800976626,-1.481760816883518,-0.9098119882030595,0,0,1,1,1,0,0,0,1,1,0,1,0,1,0,1,0,1,0,1,0,0,1,0,0,0,0
0,1.407501953007301,1.5797494799285428,2.2507166100172893,0,0,1,1,1,0,1,1,0,0,0,0,1,0,1,0,1,0,1,0,1,1,0,1,1,0,0
0,0.18467008040459354,0.9794207362299259,0.5180166233464693,0,1,1,0,1,0,1,1,0,0,0,0,0,0,1,0,1,0,1,0,0,0,1,0,0,0,1
0,0.26619220524477405,-0.7883062846887166,-0.2584667914313731,0,0,0,0,0,1,0,0,0,0,1,0,1,0,0,0,1,0,0,0,0,1,0,0,0,0,0
0,0.3477143300849545,0.32587725624777514,0.35465091868340015,0,0,0,0,1,0,1,0,0,0,1,0,0,0,1,0,1,0,0,0,1,0,0,1,0,0,0
0,-0.3044626686364894,-0.5521658924305347,-0.43806759717897104,0,0,0,0,0,1,0,0,0,0,0,0,0,0,1,0,0,0,1,0,1,0,0,1,0,1,0
0,-0.9974007297780236,0.3757660715135882,-0.7239465510587142,0,1,1,1,1,0,1,0,0,0,1,0,1,0,0,0,1,0,0,0,1,0,1,1,1,0,0
0,1.570546202687662,0.20780706011868388,1.2962426644635479,0,0,1,1,1,0,1,0,0,0,1,0,1,0,1,0,1,0,0,0,0,0,1,0,0,0,1
0,-1.1196839170382944,1.0542539591286455,-0.7882251985591441,0,1,0,0,1,0,1,1,0,0,0,0,1,0,1,0,0,0,0,0,1,0,0,0,0,1,0
0,-0.1006573565360382,0.48053258357179535,0.06191175225299332,0,0,0,0,1,0,1,0,0,0,1,0,0,0,1,0,0,0,1,0,1,1,0,1,1,0,0
0,0.30695326766486425,0.8231024483970448,0.5300164806698167,0,1,0,0,1,0,0,1,0,0,0,0,1,0,0,0,1,0,0,0,1,1,0,1,1,0,0
0,0.8776081415461278,-1.4751089748480761,-0.5519338903832328,0,0,0,0,1,0,0,0,1,1,0,1,0,1,0,1,0,1,0,1,0,0,1,1,0,0,1
0,1.6113072651077522,1.3785312583564302,2.3287597997415586,0,1,1,0,1,0,1,1,0,0,0,0,1,0,1,0,0,0,1,0,1,0,1,1,0,0,0
0,-0.1821794813762187,1.1806389578020384,0.22598333087625952,0,1,1,1,1,0,0,1,0,0,0,0,1,0,1,0,0,0,1,0,1,1,0,0,0,0,0
0,-0.5897901055771212,0.69006560768821,-0.3023192112086053,0,1,1,1,1,0,0,1,0,0,0,0,0,0,0,0,1,0,0,0,1,0,0,1,0,1,0
0,-1.2419671042985652,-0.6519435229621608,-0.9711347884951649,1,0,0,0,0,1,0,0,0,0,0,0,0,0,0,0,0,0,1,0,1,0,0,1,0,1,0
0,1.081413453646579,1.3735423768298491,1.7512004903717038,0,0,1,1,1,0,1,1,0,0,0,0,1,0,1,0,0,0,1,0,1,1,0,1,0,1,0
0,-0.4267458558967602,-0.45737714342548985,-0.4649349247889653,0,1,1,1,1,0,0,0,0,0,0,0,0,0,0,0,1,0,0,0,0,0,0,1,0,1,0
1,1.6113072651077522,-1.3021610819265907,-0.15412979668976928,0,0,1,0,1,0,1,0,1,1,0,1,0,1,0,1,0,1,0,1,0,0,1,1,1,0,0
1,-0.7528343552574821,0.3142365326857518,-0.5252209727020316,1,0,0,0,1,0,1,1,0,0,0,0,0,0,0,0,0,0,0,0,0,0,0,1,0,1,0
0,0.7145638918657667,1.1490427081336905,1.2233611780732183,0,1,1,0,1,0,1,1,0,0,0,0,0,0,0,0,1,0,1,0,1,1,0,0,0,1,0
0,0.6330417670255862,0.16124416587059198,0.32509244660015507,0,0,1,1,1,0,0,0,0,0,1,0,0,0,1,0,1,0,1,0,0,1,0,0,0,0,0
0,0.6738028294456765,1.1141205374476209,1.1481194256284804,0,0,1,1,1,0,1,1,0,0,0,0,1,0,0,0,0,0,1,0,1,0,0,1,0,1,0
0,-0.1821794813762187,0.6850767261616291,0.0013830601661095172,0,1,1,1,1,0,0,1,0,0,0,0,0,0,1,0,0,0,1,0,0,0,0,0,0,1,0
1,1.4482630154273912,1.03263547251346,1.8601697829771,0,1,0,0,1,0,1,1,0,0,0,0,1,0,1,0,0,0,0,0,1,0,0,1,0,1,0
0,-0.7935954176775724,1.193942641872922,-0.42948681685032747,0,1,0,0,1,0,1,1,0,0,0,0,0,0,0,0,1,0,1,0,1,0,0,0,0,1,0
0,-0.8751175425177529,0.8097987643261616,-0.5719630640038198,0,0,0,0,1,0,1,1,0,0,0,0,0,0,1,0,0,0,1,0,0,0,0,1,0,1,0
0,-1.201206041878475,0.30758469065030997,-0.9082678889151288,1,0,1,0,1,0,1,1,0,0,0,0,0,0,0,0,0,0,0,0,0,0,0,1,1,0,0
1,0.9998913288063985,1.1889537603463405,1.5261811069976867,1,1,1,0,1,0,1,1,0,0,0,0,0,0,1,0,0,0,1,0,1,0,0,0,0,1,0
0,-1.201206041878475,0.33751797980979803,-0.9166060250699547,1,1,0,0,1,0,1,1,0,0,0,0,0,0,0,0,0,0,0,0,0,0,0,0,0,0,1
0,1.6113072651077522,-1.3004981214177305,-0.18642353036877732,0,1,1,0,1,0,1,0,1,1,0,1,0,1,0,1,0,1,0,1,0,0,1,0,1,0,0
0,1.5297851402675717,0.640176792422397,1.6292166466251776,0,1,1,1,1,0,1,0,0,0,0,0,1,0,1,0,1,0,1,0,1,0,1,1,0,1,0
0,0.6738028294456765,0.48053258357179535,0.7127937192383005,0,0,1,1,1,0,1,0,0,0,0,0,1,0,0,0,1,0,1,0,1,0,1,0,0,0,0
1,1.407501953007301,1.4034756659893368,2.142210547198272,0,0,1,0,1,0,1,1,0,0,1,0,0,0,1,0,0,0,1,0,1,1,0,1,1,0,0
0,0.5515196421854057,-1.4900756194278202,-0.610918483182186,0,1,0,0,1,0,0,0,1,1,0,1,0,1,0,1,0,1,0,1,0,0,1,0,0,0,0
1,1.2852187657470302,0.17787377095919635,0.9680333315332471,1,0,0,0,1,0,0,0,0,0,1,0,1,0,0,0,1,0,1,0,0,0,1,1,1,0,0
0,0.18467008040459354,-1.5083681850252848,-0.6536238577740983,0,0,1,0,1,0,0,0,1,1,0,1,0,1,0,1,0,1,0,1,0,0,0,0,0,0,0
1,-1.2419671042985652,0.19616633655666102,-0.9405395640328806,1,0,0,0,1,0,0,1,0,0,0,0,0,0,0,0,0,0,0,0,0,0,0,0,0,1,0
1,-0.7935954176775724,-0.6502805624533005,-0.7757179943269052,0,0,1,0,0,1,0,0,0,0,0,0,0,0,0,0,0,0,1,0,1,0,0,0,0,1,0
0,1.6113072651077522,1.6728752684247274,2.674792450166831,0,0,1,0,1,0,1,1,0,0,1,0,1,0,1,0,1,0,1,0,1,0,1,0,0,1,0
0,1.4482630154273912,0.2693365989465203,1.1763764425976124,0,1,1,1,1,0,0,0,0,0,0,0,0,0,1,0,1,0,1,0,1,0,1,1,0,0,0
0,-0.712073292837392,-1.5033793034987035,-0.8620993202060004,0,1,1,1,1,0,0,0,1,1,0,1,0,1,0,1,0,1,0,1,0,1,0,0,0,0,1
0,-0.34522373105657966,-1.5067052245164245,-0.8014162181903235,0,0,0,0,1,0,0,0,1,1,0,1,0,1,0,1,0,1,0,1,0,0,1,1,0,0,0
0,-0.34522373105657966,0.8214394878881845,-0.012094720761400059,0,0,0,0,1,0,1,1,0,0,0,0,0,0,0,0,1,0,0,0,1,0,0,1,0,1,0
0,-0.22294054379630893,-0.4823215510583964,-0.3862079196657553,0,1,0,0,1,0,0,0,0,0,1,0,0,0,0,0,0,0,0,0,0,0,0,0,0,0,1
0,-0.8343564800976626,-0.4856474720761173,-0.7469095133263695,1,1,0,0,1,0,0,0,0,0,0,0,0,0,0,0,1,0,0,0,0,0,0,0,0,0,0
0,1.570546202687662,0.7449433044806045,1.7831854041931257,0,0,1,1,1,0,0,0,0,0,1,0,1,0,1,0,1,0,1,0,1,0,1,0,1,0,0
0,1.407501953007301,-1.4651312117949136,-0.3859652754919375,0,1,1,1,1,0,0,0,1,1,0,1,0,1,0,1,0,1,0,1,0,0,1,1,0,0,1
0,1.24445770332694,1.476645928379196,2.0093738913137185,0,0,1,0,1,0,1,1,0,0,0,0,1,0,1,0,1,0,1,0,1,0,1,1,0,0,0
0,-1.2827281667186554,-1.4800978563746574,-0.9998770938119323,0,1,0,0,1,0,0,0,1,1,0,1,0,1,0,1,0,1,0,1,0,0,0,0,0,0,1
0,-1.1604449794583847,-0.2977329345748882,-0.9036355910513366,0,1,0,0,1,0,0,0,0,0,0,0,0,0,0,0,0,0,0,0,1,0,0,1,0,1,0
1,0.30695326766486425,0.4772066625540746,0.4178266381210223,1,0,0,0,1,0,0,1,0,0,1,0,1,0,0,0,0,0,0,0,0,0,0,1,1,0,0
0,-0.8343564800976626,1.0359613935311807,-0.5402869700399842,1,0,0,0,1,0,0,1,0,0,0,0,0,0,1,0,0,0,1,0,1,0,0,1,0,1,0
0,0.7960860167059473,0.4772066625540746,0.763021063218561,0,1,1,1,1,0,0,0,0,0,1,0,1,0,1,0,0,0,1,0,1,0,1,0,0,1,0
0,-0.9158786049378431,-1.3587017392278458,-0.9089075871915571,0,1,0,0,1,0,1,0,1,1,0,1,0,1,0,1,0,1,0,1,0,0,0,1,0,1,0
0,1.4482630154273912,1.213898167979247,2.1282033608006152,0,1,0,0,1,0,1,1,0,0,1,0,1,0,1,0,0,0,1,0,0,1,0,0,0,0,0
0,0.8776081415461278,1.1723241552577361,1.3915135905288727,1,0,0,0,1,0,1,1,0,0,0,0,0,0,0,0,1,0,1,0,1,0,0,1,0,1,0
0,-1.1604449794583847,-0.2777774084685629,-0.9051355732167551,1,0,1,1,1,0,0,0,0,0,0,0,1,0,0,0,1,0,0,0,0,0,0,0,0,0,1
0,0.7960860167059473,-0.9778837826988059,-0.14462255678836733,0,0,1,0,0,1,0,0,0,0,1,0,0,0,1,0,0,0,0,0,0,1,0,0,0,0,1
1,-1.2827281667186554,0.670110081581885,-0.9713553741077264,1,0,0,0,1,0,0,1,0,0,0,0,0,0,1,0,0,0,0,0,1,0,0,1,0,1,0
0,1.5297851402675717,0.48385850458951646,1.430336658339702,0,1,1,0,1,0,1,0,0,0,1,0,1,0,1,0,1,0,1,0,0,1,0,0,0,0,0
0,0.429236454925135,-0.9861985852431081,-0.363112606030563,0,1,0,0,0,1,0,0,0,0,1,0,0,0,1,0,0,0,0,0,0,1,0,1,1,0,0
0,0.7960860167059473,-1.5033793034987035,-0.5566323639307935,0,1,0,0,1,0,0,0,1,1,0,1,0,1,0,1,0,1,0,1,0,0,1,0,0,0,1
0,-0.8343564800976626,-0.49895115614700075,-0.765284294852745,0,0,0,0,0,1,0,0,0,0,1,0,0,0,1,0,1,0,0,0,1,0,1,0,0,0,1
0,0.9591302663863083,0.12964791620224364,0.6743897640913381,0,0,1,1,1,0,1,0,0,0,1,0,1,0,0,0,0,0,0,0,1,1,0,0,0,0,0
0,-1.3234892291387457,-0.098177673511636,-1.0088549282431865,0,1,0,1,1,0,1,0,0,0,1,0,1,0,0,0,1,0,0,0,0,0,1,1,0,0,0
0,0.38847539250504476,0.5004881096781209,0.4529218090795618,0,1,0,0,1,0,1,1,0,0,0,0,0,0,1,0,0,0,0,0,0,0,0,0,0,1,0
1,-0.4267458558967602,0.8280913299236263,-0.15346803985208468,0,1,1,0,1,0,0,1,0,0,0,0,0,0,0,0,0,0,1,0,1,0,0,1,0,0,0
0,0.755324954285857,-0.18465161997237867,0.3211219055740475,1,1,1,1,0,1,0,0,0,0,1,0,1,0,1,0,0,0,1,0,1,1,0,0,0,1,0
0,-0.22294054379630893,-1.5116941060430058,-0.805805871880298,0,1,0,0,1,0,0,0,1,1,0,1,0,1,0,1,0,1,0,1,0,0,0,1,1,0,0
1,0.755324954285857,0.9578022496147405,1.126038805811071,0,1,1,0,1,0,1,1,0,0,1,0,0,0,1,0,0,0,0,0,1,1,0,1,0,0,0
0,-1.1604449794583847,-0.5139178007267448,-0.9275029543304941,1,1,0,1,1,0,0,0,0,0,1,0,0,0,0,0,0,0,0,0,0,0,0,1,0,1,0
0,-1.2827281667186554,-1.4950645009544015,-1.0000756208632375,0,1,0,0,1,0,0,0,1,1,0,1,0,1,0,1,0,1,0,1,0,0,0,1,0,0,1
0,0.10314795556441304,-0.327666223734376,-0.12185812157201746,1,1,0,0,1,0,0,0,0,0,0,0,0,0,0,0,0,0,1,0,0,0,0,0,0,0,1
1,1.570546202687662,0.2676736384376599,1.2586107589605506,0,1,1,1,1,0,1,0,0,0,0,0,1,0,1,0,1,0,0,0,1,1,0,1,0,0,0
0,1.4890240778474815,-1.3054870029443117,-0.27059900012225724,0,0,1,1,1,0,1,0,1,1,0,1,0,1,0,1,0,1,0,1,0,0,1,1,0,0,0
0,-0.7528343552574821,-1.5000533824809827,-0.8723786097513678,0,1,1,1,1,0,0,0,1,1,0,1,0,1,0,1,0,1,0,1,0,1,0,0,0,0,1
0,0.9998913288063985,-0.3043847766103298,0.3903637293571118,0,1,1,0,1,0,0,0,0,0,1,0,0,0,0,0,1,0,0,0,0,0,0,0,0,1,0
0,1.6113072651077522,1.7510344123411679,2.8161437106962595,0,0,1,1,1,0,1,1,0,0,1,0,1,0,1,0,1,0,1,0,1,0,1,0,1,0,0
0,0.6330417670255862,-1.4967274614632617,-0.6047420860304632,0,1,0,0,1,0,0,0,1,1,0,1,0,1,0,1,0,1,0,1,0,0,1,0,1,0,0
0,-1.1604449794583847,0.4672288995009121,-0.8766138535125492,0,0,1,1,1,0,0,1,0,0,0,0,0,0,0,0,0,0,1,0,0,0,0,1,0,0,1
0,-0.05989629411594795,-1.4701200933214948,-0.699130669645542,0,1,1,1,1,0,0,0,1,1,0,1,0,1,0,1,0,1,0,1,0,0,0,1,0,1,0
0,0.22543114282468377,-0.08487398944075257,0.03001507267659618,1,1,0,0,1,0,0,0,0,0,0,0,0,0,1,0,1,0,0,0,1,1,0,1,0,0,1
1,0.18467008040459354,0.9195541579109503,0.5235092050992515,1,1,1,0,1,0,1,1,0,0,0,0,0,0,0,0,0,0,1,0,1,0,0,1,0,1,0
1,0.9998913288063985,0.49549922815153935,0.9491512030979801,0,1,0,0,1,0,1,0,0,0,0,0,1,0,1,0,0,0,1,0,1,0,1,1,0,0,0
1,1.2036966409068497,0.5021510701869811,1.1174800840436838,0,0,1,0,1,0,0,0,0,0,1,0,0,0,1,0,1,0,1,0,1,0,1,1,1,0,0
0,-1.201206041878475,-1.1624723991823145,-0.9681568827255842,0,1,1,0,0,1,0,0,0,0,0,0,0,0,0,0,1,0,0,0,0,0,0,1,0,1,0
0,1.6113072651077522,-1.5000533824809827,-0.3175396184753509,0,0,0,1,1,0,0,0,1,1,0,1,0,1,0,1,0,1,0,1,0,0,1,1,0,0,1
0,-0.14141841895612844,-0.660258325506463,-0.4607217395890401,0,1,0,1,0,1,0,0,0,0,1,0,1,0,1,0,1,0,0,0,0,0,0,1,0,0,1
0,-0.7935954176775724,-0.6669101675419048,-0.7621519791543712,0,1,1,1,1,0,0,0,0,0,0,0,0,0,0,0,0,0,0,0,0,0,0,0,0,0,0
0,-1.201206041878475,0.15958120536173165,-0.911753141593601,1,1,0,1,1,0,0,1,0,0,0,0,0,0,0,0,0,0,0,0,0,0,0,0,0,1,0
0,-0.8751175425177529,-0.45737714342548985,-0.7745268320190729,0,0,0,0,1,0,0,0,0,0,0,0,1,0,0,0,0,0,0,0,0,0,0,0,0,1,0
0,-0.46750691831685043,-0.3891957625622121,-0.48686113467758146,0,0,0,1,0,1,0,0,0,0,1,0,1,0,1,0,1,0,1,0,0,0,1,0,0,0,1
0,-0.5490290431570309,-1.3354202921037994,-0.8033353130196089,0,0,0,0,1,0,1,0,1,1,0,1,0,1,0,1,0,1,0,1,0,0,0,0,0,0,0
0,1.1629355784867594,1.5548050722956361,2.024660474264233,1,1,0,0,1,0,1,1,0,0,1,0,0,0,1,0,1,0,1,0,1,0,1,1,1,0,0
0,-0.8751175425177529,-0.5421881293773722,-0.7878281444565333,1,0,0,0,1,0,0,0,0,0,1,0,0,0,0,0,0,0,0,0,0,0,0,0,1,0,0
0,0.10314795556441304,1.499927375503242,0.6598311136622772,0,1,1,1,1,0,1,1,0,0,0,0,1,0,1,0,1,0,1,0,1,0,0,1,0,1,0
0,-0.3044626686364894,-1.4651312117949136,-0.8058279304415541,0,1,0,1,1,0,0,0,1,1,0,1,0,1,0,1,0,1,0,1,0,0,0,0,0,0,1
0,-1.2827281667186554,-1.4850867379012387,-0.9999432694957008,1,0,0,0,1,0,0,0,1,1,0,1,0,1,0,1,0,1,0,1,0,0,0,1,0,0,1
0,1.407501953007301,-1.3054870029443117,-0.2190040253441154,0,0,0,0,1,0,1,0,1,1,0,1,0,1,0,1,0,1,0,1,0,0,1,1,0,0,0
0,-0.5490290431570309,-0.8381950999545296,-0.6853220102991903,1,1,0,0,0,1,0,0,0,0,0,0,0,0,1,0,0,0,1,0,0,0,0,1,0,1,0
0,0.9591302663863083,-1.3287684500683579,-0.42033251392902393,1,1,0,0,1,0,1,0,1,1,0,1,0,1,0,1,0,1,0,1,0,1,0,0,0,1,0
0,1.6113072651077522,1.4483755997285688,2.4178322700939043,0,1,1,1,1,0,1,1,0,0,1,0,1,0,1,0,0,0,1,0,1,0,1,1,1,0,0
0,0.429236454925135,-1.5067052245164245,-0.6223227593516171,0,1,0,0,1,0,0,0,1,1,0,1,0,1,0,1,0,1,0,1,0,0,1,0,0,0,1
0,0.918369203966218,0.6734360025996057,1.0209518199867582,0,0,1,1,1,0,1,1,0,0,1,0,1,0,0,0,0,0,0,0,0,0,0,1,0,1,0
0,-1.2419671042985652,-0.2711255664331211,-0.9587599356304629,1,1,1,1,1,0,1,0,0,0,1,0,0,0,0,0,0,0,0,0,0,0,0,0,0,0,1
0,-0.22294054379630893,0.13962567925540614,-0.21772462879125848,0,1,0,0,1,0,0,1,0,0,0,0,0,0,0,0,0,0,0,0,0,0,0,1,0,0,1
0,-0.7935954176775724,0.17621081045033601,-0.6176684029265689,0,0,0,0,1,0,0,1,0,0,0,0,0,0,0,0,0,0,0,0,0,0,0,1,0,0,1
0,1.5297851402675717,1.5398384277158927,2.4047294847077496,0,0,0,0,1,0,1,1,0,0,1,0,1,0,1,0,0,0,1,0,1,0,1,1,0,0,1
0,-0.7528343552574821,1.3668905347944074,-0.4137590626746903,1,0,1,0,1,0,0,1,0,0,1,0,1,0,0,0,1,0,1,0,1,1,0,0,0,0,1
0,-0.5490290431570309,0.8147876458527427,-0.26466524714435213,0,0,1,1,1,0,1,1,0,0,0,0,0,0,0,0,1,0,0,0,1,1,0,1,0,0,0
0,-0.5082679807369407,0.8064728433084405,-0.17978390343067527,0,0,0,0,1,0,1,1,0,0,1,0,0,0,0,0,0,0,1,0,0,0,0,1,0,0,0
0,0.429236454925135,0.8779801451894393,0.7619181351557534,0,1,1,1,1,0,1,1,0,0,1,0,0,0,1,0,1,0,0,0,0,1,0,1,1,0,0
0,-1.1196839170382944,0.8480468560299513,-0.8171660309272167,0,1,1,1,1,0,0,1,0,0,1,0,0,0,1,0,0,0,0,0,1,0,0,1,0,0,1
1,1.5297851402675717,1.3535868507235236,2.165526446446026,0,0,1,0,1,0,1,1,0,0,0,0,1,0,0,0,1,0,1,0,1,1,0,1,0,0,0
0,0.30695326766486425,-1.5216718690961684,-0.6646972555246872,0,0,1,0,1,0,0,0,1,1,0,1,0,1,0,1,0,1,0,1,0,0,1,0,0,0,1
0,-1.0789228546182041,-1.4784348958657971,-0.9613849044199453,0,1,1,1,1,0,0,0,1,1,0,1,0,1,0,1,0,1,0,1,0,0,1,1,1,0,0
0,0.26619220524477405,1.1839648788197594,0.6683457183071521,0,1,0,0,1,0,0,1,0,0,1,0,0,0,1,0,0,0,1,0,1,0,1,1,0,1,0
1,-1.1604449794583847,0.33585501930093764,-0.8726653710476978,1,1,1,0,1,0,1,1,0,0,0,0,0,0,0,0,0,0,0,0,0,0,0,0,0,1,0
0,-0.712073292837392,-1.169124241217756,-0.8155116388330053,1,1,0,0,0,1,0,0,0,0,0,0,0,0,0,0,1,0,0,0,0,0,0,1,0,1,0
0,-1.2827281667186554,-0.4823215510583964,-0.9866419570582405,1,1,1,0,0,1,0,0,0,0,0,0,0,0,1,0,0,0,1,0,1,0,0,1,0,1,0
1,0.5107585797653155,0.6933915287059312,0.6579340773942479,0,0,0,0,1,0,0,1,0,0,1,0,1,0,0,0,1,0,0,0,0,0,0,1,0,0,0
0,1.2852187657470302,-0.5654695765014182,0.3797315028316461,1,0,1,0,0,1,0,0,0,0,1,0,0,0,1,0,1,0,0,0,1,0,1,0,0,1,0
1,0.9998913288063985,0.9694429731767633,1.3906533066398827,0,0,1,0,1,0,1,1,0,0,0,0,1,0,1,0,0,0,0,0,1,0,0,0,1,0,0
0,1.6113072651077522,0.166233047397173,1.242155072263461,0,1,1,1,1,0,1,0,0,0,1,0,1,0,1,0,1,0,0,0,0,0,1,0,0,0,0
0,-1.2827281667186554,0.18119969197691702,-0.9778405911170354,1,1,0,0,1,0,0,1,0,0,0,0,0,0,0,0,0,0,0,0,0,0,0,1,0,1,0
0,1.6113072651077522,-1.2971722004000095,-0.18289416056779284,0,1,1,0,1,0,1,0,1,1,0,1,0,1,0,1,0,1,0,1,0,0,1,0,1,0,0
0,-1.201206041878475,0.20780706011868388,-0.9147310473631817,0,0,0,0,1,0,0,0,0,0,1,0,1,0,0,0,1,0,0,0,1,0,1,0,0,0,1
1,0.918369203966218,1.129087182027365,1.469534721691886,1,1,0,0,1,0,1,1,0,0,1,0,0,0,0,0,0,0,1,0,1,0,0,1,0,1,0
0,1.081413453646579,0.9478244865615775,1.3675138758821783,0,0,1,0,1,0,1,1,0,0,0,0,0,0,1,0,1,0,1,0,0,0,0,0,0,1,0
0,-0.5897901055771212,1.164009352713434,-0.22491571976076433,1,0,0,0,1,0,1,1,0,0,0,0,0,0,0,0,1,0,1,0,1,0,0,1,0,0,0
1,-0.019135231695857704,0.513791793749004,0.08659528229862867,1,1,1,0,1,0,0,1,0,0,0,0,0,0,0,0,0,0,0,0,1,0,0,1,1,0,0
0,-1.1604449794583847,-0.4756697090229548,-0.9048929290429373,0,0,0,0,1,0,0,0,0,0,1,0,0,0,0,0,0,0,0,0,0,0,0,1,0,0,0
1,1.3667408905872107,0.5187806752755855,1.2959779617284741,1,0,0,0,1,0,1,1,0,0,0,0,1,0,0,0,0,0,0,0,0,0,0,1,1,0,0
0,-0.22294054379630893,0.5470510039262128,-0.006160967783494776,0,1,0,0,1,0,1,1,0,0,0,0,0,0,1,0,0,0,0,0,0,0,0,1,0,1,0
0,-1.1604449794583847,-1.4684571328126343,-0.9719068381391303,0,1,0,0,1,0,0,0,1,1,0,1,0,1,0,1,0,1,0,1,0,0,0,1,1,0,0
0,1.1221745160666692,0.4722177810274931,1.0485029629956932,0,1,1,1,1,0,0,0,0,0,1,0,1,0,0,0,1,0,1,0,1,0,0,1,1,0,0
0,-0.9974007297780236,-1.5233348296050289,-0.9198706921358654,0,0,1,1,1,0,0,0,1,1,0,1,0,1,0,1,0,1,0,1,0,0,1,0,0,0,1
0,-0.9974007297780236,-1.505042264007564,-0.953708525102804,0,1,1,1,1,0,0,0,1,1,0,1,0,1,0,1,0,1,0,1,0,0,1,0,1,0,0
0,0.10314795556441304,-1.4850867379012387,-0.7069173417689639,0,1,0,0,1,0,0,0,1,1,0,1,0,1,0,1,0,1,0,1,0,0,1,1,0,0,1
0,-1.0381617921981139,0.7299766599008606,-0.735174358738096,1,1,0,0,1,0,1,1,0,0,0,0,0,0,0,0,0,0,0,0,1,0,0,1,0,1,0
0,0.8368470791260375,-1.4618052907771928,-0.5032506456909032,0,0,1,1,1,0,0,0,1,1,0,1,0,1,0,1,0,1,0,1,0,0,1,0,0,0,1
1,-0.5897901055771212,1.2887313908779667,-0.2119452857421464,0,0,0,0,1,0,1,1,0,0,0,0,1,0,0,0,1,0,1,0,1,0,0,1,1,0,0
0,-0.712073292837392,-0.8664654286051571,-0.7428286794939811,0,0,0,0,0,1,0,0,0,0,0,0,1,0,0,0,0,0,0,0,1,0,1,1,0,0,1
0,1.407501953007301,0.7831913961843948,1.5491881863878547,0,1,1,0,1,0,1,1,0,0,0,0,1,0,0,0,0,0,1,0,0,1,0,1,0,0,0
1,-1.0789228546182041,0.6435027134401181,-0.7798208867205497,1,1,1,0,1,0,0,1,0,0,0,0,1,0,0,0,0,0,0,0,1,0,0,1,0,1,0
1,-1.0789228546182041,0.493836267642679,-0.7893281266219517,0,1,0,0,1,0,0,1,0,0,0,0,0,0,0,0,0,0,1,0,0,0,0,1,0,1,0
0,-0.7935954176775724,1.135739024062807,-0.4345823445004988,1,1,0,0,1,0,1,1,0,0,0,0,0,0,0,0,1,0,1,0,1,0,0,1,0,0,1
0,-0.8751175425177529,1.193942641872922,-0.510441736660409,1,0,0,0,1,0,1,1,0,0,0,0,0,0,1,0,0,0,1,0,1,0,0,1,0,1,0
0,-1.2827281667186554,-1.5150200270607266,-1.0003403235983115,0,1,0,1,1,0,0,0,1,1,0,1,0,1,0,1,0,1,0,1,0,0,0,1,0,0,1
0,-1.1196839170382944,-0.3027218161014695,-0.8910842696965855,0,1,0,0,1,0,0,0,0,0,1,0,0,0,0,0,1,0,0,0,0,0,0,1,0,0,1
0,-0.7935954176775724,-1.4934015404455407,-0.89547392338656,0,1,0,0,1,0,0,0,1,1,0,1,0,1,0,1,0,1,0,1,0,1,0,1,0,0,1
0,-0.9566396673579334,0.8946097502780437,-0.6268888815316409,1,0,1,0,1,0,1,1,0,0,1,0,1,0,1,0,0,0,0,0,0,0,0,0,0,0,0
0,-0.14141841895612844,0.8247654089059057,0.1486239565509309,0,1,0,0,1,0,0,1,0,0,0,0,1,0,0,0,1,0,1,0,0,0,0,0,0,0,1
1,-1.2827281667186554,-0.6319879968558355,-0.9886272275712943,0,1,0,0,1,0,0,0,0,0,0,0,0,0,0,0,0,0,0,0,0,0,0,1,0,0,1
0,-1.2827281667186554,0.4888473861160975,-0.973759757284647,1,0,0,0,1,0,1,1,0,0,0,0,0,0,1,0,0,0,0,0,0,0,0,1,0,0,1
0,-0.5897901055771212,-0.29606997406602764,-0.5311547256799367,0,0,1,1,1,0,0,0,0,0,0,0,0,0,0,0,0,0,1,0,0,0,0,0,0,0,1
0,-1.2419671042985652,0.1379627187465458,-0.9436498211699982,0,0,1,0,1,0,0,0,0,0,0,0,0,0,1,0,0,0,1,0,1,0,0,0,1,0,0
0,-0.1006573565360382,0.6218842268249323,0.12504335456810323,0,1,1,1,1,0,1,1,0,0,0,0,1,0,0,0,1,0,0,0,0,0,0,1,0,0,0
0,1.3667408905872107,0.028207325161757193,0.9229897494481825,0,1,0,1,1,0,1,0,0,0,1,0,1,0,0,0,1,0,0,0,0,0,1,0,0,0,0
0,0.22543114282468377,0.9993762623362513,0.5865305146080806,0,1,1,1,1,0,1,1,0,0,0,0,0,0,1,0,1,0,1,0,0,0,1,1,0,0,0
0,0.46999751734522527,-0.098177673511636,0.2811517925778983,0,1,1,1,1,0,0,0,0,0,0,0,1,0,1,0,1,0,0,0,0,0,0,1,0,0,1
0,0.8776081415461278,1.5381754672070318,1.6447238151882535,1,0,0,0,1,0,1,1,0,0,0,0,1,0,1,0,1,0,1,0,1,0,0,0,0,1,0
0,-1.2419671042985652,-1.4917385799366805,-0.9944286291816625,0,1,0,0,1,0,0,0,1,1,0,1,0,1,0,1,0,1,0,1,0,0,0,0,0,0,1
0,0.38847539250504476,0.09472574551617459,0.2627108353677543,0,0,0,0,1,0,0,0,0,0,1,0,1,0,0,0,1,0,0,0,1,1,0,1,0,0,1
0,1.0406523912264887,-1.3204536475240558,-0.3427304954298776,0,0,1,1,1,0,1,0,1,1,0,1,0,1,0,1,0,1,0,1,0,0,1,0,1,0,0
0,1.0406523912264887,0.9311948814729731,1.3315804795959052,0,1,1,1,1,0,0,1,0,0,0,0,1,0,0,0,0,0,1,0,1,0,0,1,0,1,0
0,-0.3044626686364894,0.8064728433084405,0.03601500133826976,1,0,1,1,1,0,1,1,0,0,0,0,0,0,1,0,0,0,0,0,1,0,0,1,0,1,0
0,1.570546202687662,1.5448273092424738,2.514294358467061,0,0,0,0,1,0,1,1,0,0,1,0,1,0,1,0,1,0,1,0,1,0,1,0,0,0,1
0,0.18467008040459354,1.2321907335767122,0.5552514747468557,1,0,0,0,1,0,1,1,0,0,0,0,1,0,1,0,0,0,1,0,1,0,0,1,0,0,0
0,-0.7528343552574821,0.891283829260323,-0.43489116435808495,1,0,1,1,1,0,1,1,0,0,0,0,0,0,0,0,1,0,1,0,0,0,0,1,0,1,0
1,-1.1604449794583847,0.7981580407641383,-0.8445407054461027,1,0,0,0,1,0,1,1,0,0,0,0,0,0,1,0,0,0,0,0,1,0,0,1,0,1,0
0,0.6330417670255862,-0.1414146467420072,0.30815147155542955,0,0,1,0,1,0,1,0,0,0,1,0,0,0,0,0,1,0,0,0,0,1,0,1,0,0,0
1,-1.201206041878475,-1.3154647659974745,-0.9745538654898686,1,0,0,0,0,1,0,0,0,0,0,0,0,0,0,0,0,0,0,0,0,0,0,0,0,1,0
0,-0.9974007297780236,0.021555483126315358,-0.7598799473449874,0,0,1,0,1,0,0,0,0,0,1,0,0,0,0,0,1,0,0,0,1,0,1,0,0,0,1
0,-1.2827281667186554,1.017668827933716,-0.9667451348051905,1,1,0,0,1,0,1,1,0,0,0,0,0,0,0,0,0,0,1,0,1,0,0,1,0,1,0
0,1.407501953007301,-1.4934015404455407,-0.43014857368801207,0,1,0,0,1,0,0,0,1,1,0,1,0,1,0,1,0,1,0,1,0,0,1,0,0,0,0
0,-0.7935954176775724,0.8729912636628578,-0.5078167678709268,1,1,0,0,1,0,0,1,0,0,0,0,0,0,0,0,0,0,1,0,1,0,0,1,0,1,0
0,0.5107585797653155,-0.35593655238500344,0.014574079797289063,1,0,1,1,1,0,0,0,0,0,0,0,1,0,0,0,1,0,0,0,0,1,0,1,1,0,0
0,0.6738028294456765,0.32421429573891436,0.6324564391433912,0,1,0,0,1,0,1,1,0,0,0,0,0,0,0,0,0,0,0,0,0,0,0,1,0,0,0
0,0.7960860167059473,0.9893984992830883,1.2083834149802906,0,0,1,0,1,0,1,1,0,0,0,0,1,0,1,0,0,0,1,0,0,0,0,0,0,0,0
0,1.24445770332694,0.5420621223996317,1.2960441374122424,0,0,1,0,1,0,0,1,0,0,1,0,0,0,1,0,0,0,0,0,0,1,0,1,1,0,0
0,1.4482630154273912,0.8048098827995801,1.7201420361230406,0,0,1,1,1,0,1,0,0,0,1,0,1,0,1,0,1,0,1,0,1,0,1,1,0,0,0
0,-0.05989629411594795,-0.5205696427621863,-0.3477377888350244,0,0,1,0,1,0,0,0,0,0,0,0,0,0,0,0,1,0,0,0,0,0,0,1,0,0,1
0,1.2852187657470302,-1.510031145534145,-0.4756553855594558,0,0,1,0,1,0,0,0,1,1,0,1,0,1,0,1,0,1,0,1,0,0,1,0,1,0,0
0,1.2036966409068497,1.3120128380020128,1.9088971447919416,0,0,1,0,1,0,0,1,0,0,1,0,0,0,1,0,1,0,1,0,1,1,0,1,0,1,0
0,-1.2827281667186554,0.16124416587059198,-0.9781052938521093,1,0,0,0,1,0,0,1,0,0,0,0,0,0,0,0,0,0,0,0,0,0,0,0,0,0,0
0,-1.0789228546182041,0.8197765273793242,-0.7559314648801361,1,0,0,0,1,0,0,1,0,0,0,0,0,0,0,0,0,0,1,0,1,0,0,1,0,1,0
0,-0.46750691831685043,0.7050322522679541,-0.20640858686685193,0,0,1,0,1,0,0,1,0,0,0,0,0,0,0,0,1,0,1,0,0,0,0,1,0,1,0
0,1.6113072651077522,-1.318790687015195,-0.22032753901948457,0,0,1,1,1,0,1,0,1,1,0,1,0,1,0,1,0,1,0,1,0,0,1,0,0,0,0
0,-0.019135231695857704,-0.9878615457519687,-0.5451619120775939,0,0,1,1,0,1,0,0,0,0,1,0,1,0,0,0,0,0,0,0,0,0,0,1,0,1,0
1,1.570546202687662,1.1573575106779928,2.1593059321717907,0,0,0,0,1,0,1,1,0,0,1,0,1,0,0,0,1,0,1,0,0,1,0,1,1,0,0
0,0.06238689314432279,1.3469350086880818,0.618449252745734,0,0,0,1,1,0,0,1,0,0,1,0,1,0,1,0,0,0,1,0,1,0,0,1,0,0,0
0,-1.201206041878475,-0.9878615457519687,-0.9648480985371612,1,1,1,0,0,1,0,0,0,0,0,0,0,0,0,0,0,0,0,0,1,0,0,1,0,1,0
0,-0.8343564800976626,0.29594396708828713,-0.6244183226709517,1,1,0,1,1,0,1,1,0,0,0,0,0,0,0,0,0,0,0,0,0,0,0,1,1,0,0
1,-0.9974007297780236,1.213898167979247,-0.6645207870346379,1,0,0,0,1,0,1,1,0,0,0,0,0,0,1,0,0,0,1,0,1,0,0,0,0,1,0
0,0.10314795556441304,-1.3487239761746832,-0.6463886496820801,0,0,1,1,1,0,1,0,1,1,0,1,0,1,0,1,0,1,0,1,0,0,1,0,0,0,0
0,-1.201206041878475,0.5270954778198876,-0.9032164783874697,0,0,1,1,1,0,0,1,0,0,0,0,0,0,0,0,0,0,1,0,0,0,0,1,0,1,0
0,-1.201206041878475,0.831417250941347,-0.9010106222618544,0,1,0,0,1,0,0,1,0,0,0,0,0,0,1,0,1,0,1,0,0,0,0,1,0,0,1
0,0.8368470791260375,-0.12478504165340287,0.47255392859753803,0,1,0,0,1,0,0,0,0,0,0,0,0,0,1,0,0,0,0,0,1,1,0,1,0,1,0
0,-1.1604449794583847,-1.1907427278329419,-0.951679137467238,0,0,1,0,0,1,0,0,0,0,1,0,0,0,0,0,0,0,0,0,0,0,0,1,0,1,0
0,0.6330417670255862,1.159020471186853,1.1869424934393096,0,0,1,1,1,0,0,1,0,0,1,0,0,0,1,0,0,0,1,0,1,1,0,1,0,0,0
0,-1.0789228546182041,-0.2977329345748882,-0.8476730211444764,1,0,1,1,1,0,0,0,0,0,1,0,1,0,0,0,0,0,0,0,0,0,0,0,1,0,0
1,-1.201206041878475,1.365227574285547,-0.8612169777557543,1,1,1,0,1,0,1,1,0,0,0,0,1,0,1,0,0,0,1,0,1,0,0,1,0,1,0
0,0.8776081415461278,-0.6269991153292543,0.06056618001636811,0,1,1,1,0,1,0,0,0,0,0,0,0,0,1,0,1,0,0,0,1,0,1,0,1,0,0
0,-1.2827281667186554,-0.6951804961925321,-0.9894654528990281,1,0,0,0,1,0,0,0,0,0,0,0,0,0,0,0,0,0,0,0,0,0,0,0,0,0,1
0,1.2036966409068497,0.5171177147667252,1.1886851197785455,0,1,0,0,1,0,0,0,0,0,0,0,1,0,1,0,1,0,1,0,1,0,0,1,0,0,0
0,-0.4267458558967602,1.1706611947488759,-0.08669677492970954,0,1,1,1,1,0,0,1,0,0,0,0,1,0,1,0,0,0,1,0,1,1,0,1,0,0,1
0,-1.2827281667186554,-0.656932404488742,-0.9889581059901366,1,1,0,0,1,0,0,0,0,0,0,0,0,0,0,0,0,0,0,0,0,0,0,1,0,0,0
1,0.755324954285857,0.9694429731767633,1.155420809404267,0,1,0,0,1,0,0,1,0,0,0,0,0,0,1,0,0,0,1,0,1,1,0,1,0,0,0
0,-0.1006573565360382,0.13629975823768548,-0.10943915158480327,0,0,0,0,1,0,1,0,0,0,0,0,1,0,1,0,0,0,1,0,0,1,0,1,1,0,0
1,0.9591302663863083,0.11967015314908112,0.7620063694007779,0,0,1,0,1,0,1,0,0,0,1,0,1,0,1,0,1,0,0,0,0,1,0,1,1,0,0
0,0.10314795556441304,0.1379627187465458,0.06835285213978996,0,1,1,0,1,0,1,0,0,0,0,0,1,0,0,0,1,0,1,0,0,1,0,1,0,1,0
1,1.2852187657470302,-0.698506417210253,0.20480711207035263,0,0,0,0,0,1,0,0,0,0,0,0,1,0,0,0,1,0,1,0,0,0,0,1,0,1,0
0,-0.1006573565360382,-0.6768879305950674,-0.4318912000272482,0,1,0,1,0,1,0,0,0,0,0,0,0,0,0,0,0,0,1,0,1,0,0,1,0,1,0
0,-0.3044626686364894,-1.5349755531670517,-0.8395995877247243,0,0,1,1,1,0,0,0,1,1,0,1,0,1,0,1,0,1,0,1,0,0,1,1,0,0,1
0,0.3477143300849545,0.17953673146805668,0.2564462039710069,1,0,0,0,1,0,0,1,0,0,0,0,0,0,0,0,0,0,0,0,0,0,0,0,0,0,0
0,-0.9566396673579334,-0.3160255001723529,-0.8104381697440901,1,1,0,1,1,0,0,0,0,0,0,0,0,0,0,0,0,0,1,0,0,0,0,0,0,1,0
0,-1.2827281667186554,-0.3758920784913287,-0.9852302091378465,0,0,1,0,1,0,0,0,0,0,1,0,1,0,0,0,0,0,0,0,0,0,0,1,0,0,1
0,1.5297851402675717,1.6545827028272624,2.4686772537893367,0,1,0,1,1,0,1,1,0,0,1,0,1,0,1,0,1,0,1,0,1,0,1,1,0,1,0
0,0.9998913288063985,-1.4884126589189595,-0.5289929866768337,0,0,1,1,1,0,0,0,1,1,0,1,0,1,0,1,0,1,0,1,0,0,1,1,0,0,0
0,-0.9566396673579334,0.6867396866704893,-0.6595796693132596,0,1,0,0,1,0,1,1,0,0,0,0,0,0,0,0,0,0,1,0,0,0,0,1,0,1,0
0,1.4890240778474815,1.4600163232905916,2.2968631201651615,0,0,1,1,1,0,1,1,0,0,0,0,1,0,1,0,1,0,1,0,1,1,0,1,0,0,0
1,0.429236454925135,1.2687758647716416,0.9386072108175391,1,1,1,0,1,0,1,1,0,0,0,0,1,0,1,0,0,0,1,0,1,0,0,1,0,1,0
0,1.6113072651077522,1.0974909323590165,2.009329774191207,0,0,1,0,1,0,1,1,0,0,0,0,0,0,1,0,0,0,1,0,1,0,1,1,0,1,0
0,0.46999751734522527,-1.5067052245164245,-0.6471165822035332,0,1,0,1,1,0,0,0,1,1,0,1,0,1,0,1,0,1,0,1,0,0,1,0,0,0,0
0,1.6113072651077522,0.6385138319135366,1.6612236190078558,0,0,1,0,1,0,1,1,0,0,1,0,1,0,0,0,0,0,0,0,0,0,1,1,0,0,0
0,0.021625830724232544,1.2937202724045482,0.4739436179566757,1,0,1,0,1,0,0,1,0,0,1,0,0,0,1,0,1,0,1,0,1,1,0,1,0,1,0
0,0.8776081415461278,0.8164506063616035,1.139428352493556,0,1,0,0,1,0,1,1,0,0,0,0,0,0,1,0,0,0,0,0,1,0,0,0,1,0,0
0,-0.22294054379630893,-1.501716342989843,-0.7841664232880119,0,1,0,1,1,0,0,0,1,1,0,1,0,1,0,1,0,1,0,1,0,0,1,0,1,0,0
0,0.8776081415461278,0.49882514916926,0.8918210023932385,0,1,0,0,1,0,1,1,0,0,0,0,1,0,0,0,0,0,0,0,0,0,0,1,0,0,0
0,-1.201206041878475,0.3192254142123333,-0.9113119703684779,0,1,0,0,1,0,0,1,0,0,0,0,1,0,0,0,0,0,0,0,0,0,0,0,1,0,0
0,0.8368470791260375,0.30758469065030997,0.6825734903173708,0,0,1,0,1,0,1,0,0,0,1,0,1,0,1,0,0,0,0,0,1,1,0,0,0,0,0
0,-0.712073292837392,-1.531649632149331,-0.8787314753931399,0,1,1,0,1,0,0,0,1,1,0,1,0,1,0,1,0,1,0,1,0,1,0,0,0,0,1
0,0.9591302663863083,0.2992698881060078,0.7967927205017312,1,0,0,0,1,0,0,1,0,0,0,0,1,0,0,0,0,0,0,0,0,0,0,1,0,1,0
0,-1.1196839170382944,-0.015029648068614022,-0.8690477670016886,0,1,1,1,1,0,1,0,0,0,1,0,1,0,0,0,1,0,0,0,0,0,0,0,1,0,0
0,0.6330417670255862,-0.30105885559260914,0.1607782238030711,0,1,1,1,1,0,0,0,0,0,0,0,1,0,1,0,0,0,0,0,0,1,0,1,1,0,0
0,-0.3044626686364894,-1.4900756194278202,-0.800754461352639,0,0,0,1,1,0,0,0,1,1,0,1,0,1,0,1,0,1,0,1,0,0,0,0,1,0,0
0,-1.201206041878475,0.3425068613363795,-0.9132310651977632,1,0,1,0,1,0,1,1,0,0,0,0,0,0,0,0,0,0,0,0,0,0,0,1,1,0,0
0,1.0406523912264887,1.1407279055893882,1.5150635921245859,0,1,0,0,1,0,0,1,0,0,1,0,1,0,0,0,0,0,1,0,1,1,0,0,0,0,0
0,-0.9158786049378431,-0.26946260592426075,-0.7868355092000063,0,1,0,0,1,0,0,0,0,0,0,0,0,0,0,0,0,0,0,0,1,0,0,1,0,0,0
0,-1.2827281667186554,0.15791824485287084,-0.9781494109746216,1,1,0,0,1,0,0,1,0,0,0,0,0,0,0,0,0,0,0,0,0,0,0,1,0,1,0
0,1.570546202687662,1.3070239564754318,2.2405034961556907,0,1,1,0,1,0,1,1,0,0,0,0,1,0,0,0,1,0,1,0,1,0,1,1,1,0,0
0,1.3259798281671205,1.5281977041538695,2.1878276518759963,0,0,1,1,1,0,1,1,0,0,0,0,1,0,1,0,1,0,1,0,1,0,1,1,1,0,0
0,-1.1196839170382944,0.508802912222423,-0.8390040065708083,1,1,1,1,1,0,1,1,0,0,0,0,1,0,0,0,0,0,0,0,0,0,0,1,0,1,0
0,-0.1821794813762187,-0.9679060196456435,-0.5847129124098762,0,0,0,0,0,1,0,0,0,0,0,0,0,0,1,0,1,0,0,0,0,0,0,1,0,0,1
0,1.407501953007301,0.16789600790603382,1.0275473298023479,0,0,1,1,1,0,1,0,0,0,0,0,0,0,1,0,1,0,0,0,1,0,1,1,0,0,0
0,0.10314795556441304,0.8097987643261616,0.4255250759994198,0,1,0,0,1,0,0,1,0,0,1,0,0,0,0,0,1,0,0,0,1,1,0,1,0,1,0
0,1.6113072651077522,-0.30604773711919037,0.702911483795544,0,0,1,1,0,1,0,0,0,0,1,0,1,0,1,0,1,0,0,0,1,0,1,0,1,0,0
0,1.1629355784867594,-0.4706808274963733,0.3538126933556663,0,0,1,1,0,1,0,0,0,0,1,0,1,0,0,0,1,0,0,0,1,1,0,1,0,0,0
1,1.4482630154273912,-1.4917385799366805,-0.3929798979713942,0,1,0,0,1,0,0,0,1,1,0,1,0,1,0,1,0,1,0,1,0,0,1,1,1,0,0
0,-1.2827281667186554,-1.1425168730759891,-0.9953992058769332,1,0,1,1,0,1,0,0,0,0,1,0,0,0,0,0,0,0,0,0,0,0,0,0,0,0,0
0,-1.201206041878475,-1.5216718690961684,-0.9854507947504081,0,1,0,0,1,0,0,0,1,1,0,1,0,1,0,1,0,1,0,1,0,0,0,1,0,0,1
0,1.5297851402675717,1.1124575769387606,2.017359090488446,1,1,1,1,1,0,1,1,0,0,0,0,1,0,0,0,0,0,1,0,1,0,1,0,0,0,0
0,0.6330417670255862,-0.6419657599089983,-0.07871157575498218,0,0,0,1,0,1,0,0,0,0,0,0,1,0,1,0,0,0,0,0,1,0,0,0,1,0,0
0,1.4482630154273912,1.2039204049260845,1.9780948514524936,0,1,1,1,1,0,1,1,0,0,0,0,1,0,0,0,0,0,1,0,1,1,0,1,1,0,0
0,0.592280704605496,1.2920573118956877,1.0781496693239632,0,0,0,0,1,0,0,1,0,0,1,0,0,0,1,0,1,0,1,0,1,1,0,1,0,1,0
0,-0.019135231695857704,-0.9512764145570392,-0.5010447895652879,0,1,1,1,0,1,0,0,0,0,0,0,0,0,1,0,1,0,0,0,0,1,0,1,0,0,1
0,-1.1196839170382944,-0.5139178007267448,-0.9062605598408188,0,0,1,1,1,0,0,0,0,0,1,0,0,0,0,0,0,0,0,0,0,0,0,1,0,0,1
0,0.6738028294456765,-1.4950645009544015,-0.557713233432345,0,1,0,0,1,0,0,0,1,1,0,1,0,1,0,1,0,1,0,1,0,0,1,1,1,0,0
0,0.6330417670255862,1.41511638955136,1.2505152669795427,1,0,0,0,1,0,1,1,0,0,0,0,1,0,1,0,0,0,1,0,1,0,0,1,0,0,0
1,-0.7935954176775724,0.5703324510502589,-0.5115667232844728,1,0,0,0,1,0,1,1,0,0,0,0,0,0,0,0,0,0,0,0,1,0,0,1,0,1,0
0,-0.712073292837392,-1.4983904219721222,-0.8723565511901116,0,1,0,0,1,0,0,0,1,1,0,1,0,1,0,1,0,1,0,1,0,0,0,1,0,0,1
0,-0.8343564800976626,-0.6585953649976026,-0.7780782603813137,0,0,0,0,1,0,0,0,0,0,0,0,0,0,0,0,0,0,0,0,0,0,0,1,0,1,0
1,1.407501953007301,-0.010040766542033001,0.8661668956523326,0,1,0,0,1,0,1,0,0,0,1,0,1,0,0,0,1,0,0,0,0,0,1,1,0,0,0
0,-0.9566396673579334,0.7116840943033959,-0.6689324992858685,0,1,0,0,1,0,0,1,0,0,0,0,0,0,0,0,1,0,1,0,0,0,0,0,0,1,0
0,-0.7935954176775724,-1.5000533824809827,-0.9000179870053275,0,0,1,1,1,0,0,0,1,1,0,1,0,1,0,1,0,1,0,1,0,0,1,1,0,0,0
0,0.22543114282468377,0.8064728433084405,0.4655393061180813,0,0,0,0,1,0,0,1,0,0,0,0,0,0,0,0,0,0,1,0,1,1,0,1,0,0,1
1,0.38847539250504476,1.0209947489514366,0.7252126892255146,0,0,1,0,1,0,1,1,0,0,0,0,1,0,1,0,0,0,1,0,0,0,0,1,0,1,0
0,-0.34522373105657966,0.3508216638806817,-0.23775380241184546,1,0,1,0,1,0,1,1,0,0,0,0,0,0,0,0,0,0,0,0,0,0,0,1,1,0,0
1,-0.22294054379630893,1.2105722469615263,0.2063291527970271,1,0,1,0,1,0,0,1,0,0,1,0,0,0,1,0,0,0,1,0,1,0,0,1,0,1,0
0,-0.9566396673579334,1.2554721807007578,-0.612793460888959,0,1,1,1,1,0,1,1,0,0,0,0,1,0,1,0,0,0,1,0,1,0,0,1,1,0,0
0,0.6738028294456765,-0.28442925050400475,0.21786578033399517,0,0,1,0,0,1,0,0,0,0,0,0,1,0,0,0,1,0,1,0,1,1,0,1,1,0,0
1,1.1629355784867594,0.9760948152122051,1.5920479709085598,0,0,1,0,1,0,1,1,0,0,1,0,1,0,1,0,1,0,0,0,0,0,0,1,1,0,0
0,0.7145638918657667,-0.7251137853520201,-0.034726804610212936,0,1,0,1,0,1,0,0,0,0,1,0,1,0,0,0,0,0,1,0,0,1,0,1,0,0,0
1,-0.3044626686364894,0.8197765273793242,-0.0399767421891774,1,1,0,0,1,0,1,1,0,0,0,0,1,0,0,0,0,0,1,0,0,0,0,1,0,1,0
1,-0.4267458558967602,0.31756245370347297,-0.26212851259989456,1,0,0,0,1,0,1,1,0,0,0,0,0,0,0,0,0,0,0,0,0,0,0,1,0,0,0
0,-1.2827281667186554,-1.4751089748480761,-0.9998109181281638,1,1,0,0,1,0,0,0,1,1,0,1,0,1,0,1,0,1,0,1,0,0,0,0,0,0,1
0,-1.1604449794583847,0.31589949319461214,-0.8917901436567826,1,1,0,0,1,0,1,1,0,0,0,0,0,0,0,0,0,0,0,0,0,0,0,1,0,1,0
1,-0.5897901055771212,1.1606834316957133,-0.1987542661109669,1,0,1,0,1,0,1,1,0,0,0,0,0,0,0,0,1,0,1,0,1,0,0,0,0,0,0
1,0.9591302663863083,1.5664457958576596,1.8229790486992254,1,0,0,0,1,0,1,1,0,0,0,0,1,0,1,0,1,0,1,0,1,1,0,1,0,1,0
1,0.8368470791260375,0.9694429731767633,1.140288636382546,0,0,1,0,1,0,0,1,0,0,0,0,1,0,1,0,1,0,1,0,0,1,0,1,0,1,0
0,0.755324954285857,1.1307501425362254,1.173861766614411,0,0,1,0,1,0,1,1,0,0,0,0,0,0,1,0,0,0,1,0,1,1,0,1,0,1,0
0,-0.34522373105657966,-0.016692608577474836,-0.3212233982051284,0,0,1,1,1,0,1,0,0,0,1,0,1,0,1,0,0,0,0,0,0,0,1,0,0,1,0
0,1.2036966409068497,0.23774034927817192,0.8812108344290287,0,0,1,0,1,0,0,0,0,0,1,0,1,0,1,0,0,0,1,0,0,0,1,1,1,0,0
0,-0.34522373105657966,-0.503940037673582,-0.4713980832370182,0,1,0,0,1,0,0,0,0,0,0,0,1,0,0,0,0,0,0,0,0,0,0,1,0,0,1
0,1.5297851402675717,0.5270954778198876,1.4696229559369105,0,0,1,1,1,0,1,0,0,0,1,0,1,0,1,0,1,0,1,0,0,0,1,0,0,1,0
0,-1.2827281667186554,-1.3520498971924038,-0.9981785845952086,0,1,0,1,0,1,0,0,0,0,0,0,0,0,0,0,0,0,0,0,0,0,0,0,0,0,1
1,-0.6713122304173017,-0.8598135865697152,-0.7089246708432739,1,1,0,0,0,1,0,0,0,0,0,0,1,0,0,0,0,0,1,0,0,0,0,1,0,0,1
0,-0.9974007297780236,0.019892522617455017,-0.7642475424737056,0,0,0,0,1,0,0,0,0,0,0,0,1,0,0,0,1,0,1,0,0,0,0,1,0,1,0
0,1.6113072651077522,0.31589949319461214,1.3017352462163299,0,0,1,1,1,0,0,0,0,0,1,0,1,0,1,0,1,0,0,0,1,0,1,1,0,1,0
0,-0.3859847934766699,0.6102435032629094,-0.1122626474255909,0,0,0,0,1,0,0,1,0,0,0,0,1,0,1,0,1,0,0,0,0,0,0,0,0,0,0
0,-0.05989629411594795,-1.325442529050637,-0.6606825973760673,0,1,0,1,0,1,0,0,0,0,0,0,0,0,0,0,0,0,0,0,0,0,0,0,1,0,0
0,0.18467008040459354,-0.8199025343570646,-0.3359144000017264,0,1,1,1,0,1,0,0,0,0,1,0,0,0,1,0,1,0,0,0,0,1,0,1,0,1,0
0,-0.1006573565360382,0.972768894194484,0.22838771405318012,1,0,1,0,1,0,1,1,0,0,0,0,1,0,0,0,1,0,1,0,0,0,0,1,1,0,0
1,0.10314795556441304,1.446712639219708,0.635015232249105,0,0,0,0,1,0,1,1,0,0,1,0,1,0,1,0,0,0,1,0,1,1,0,1,0,1,0
0,-0.3859847934766699,0.15459232383515015,-0.27999594721737847,0,0,1,1,1,0,1,0,0,0,0,0,1,0,0,0,1,0,1,0,0,0,0,1,1,0,0
0,-0.5082679807369407,0.3707771899870067,-0.3079441443289243,0,0,1,1,1,0,1,0,0,0,1,0,0,0,0,0,0,0,1,0,1,1,0,0,0,0,0
0,0.14390901798450328,0.9561392891058796,0.476149474082291,0,1,1,0,1,0,0,1,0,0,1,0,0,0,0,0,0,0,1,0,1,0,0,1,0,1,0
0,-0.9974007297780236,1.0243206699691578,-0.6655795979749333,1,0,0,0,1,0,1,1,0,0,0,0,0,0,0,0,0,0,1,0,1,0,0,0,0,0,0
0,1.570546202687662,1.1872907998374802,2.1295268744759843,0,1,1,1,1,0,1,1,0,0,0,0,1,0,0,0,0,0,1,0,1,1,0,0,0,0,0
1,0.7145638918657667,0.7715506726223714,0.9178942217980115,1,0,1,0,1,0,1,1,0,0,0,0,1,0,0,0,0,0,1,0,0,0,0,1,0,1,0
0,0.429236454925135,-1.3437350946481017,-0.570705726012219,0,0,1,1,1,0,1,0,1,1,0,1,0,1,0,1,0,1,0,1,0,1,0,1,0,0,0
0,0.9998913288063985,0.8214394878881845,1.2024496620023855,0,1,0,1,1,0,1,0,0,0,1,0,1,0,1,0,1,0,1,0,1,0,1,0,0,0,1
0,0.3477143300849545,0.05481469330352406,0.19492487662759603,1,0,1,1,1,0,0,0,0,0,0,0,1,0,0,0,1,0,0,0,1,1,0,1,0,0,0
0,-0.22294054379630893,0.3741031110047274,-0.08530708557057186,0,0,1,0,1,0,0,1,0,0,0,0,1,0,0,0,0,0,0,0,0,0,0,1,0,1,0
0,-0.7935954176775724,0.5204436357844459,-0.562477882663674,0,0,0,0,1,0,0,1,0,0,0,0,0,0,0,0,0,0,0,0,1,0,0,1,0,1,0
0,-1.201206041878475,-0.9778837826988059,-0.9617157828387876,1,1,0,0,0,1,0,0,0,0,1,0,1,0,0,0,0,0,0,0,0,0,0,1,0,0,1
0,1.407501953007301,-1.4734460143392158,-0.41618550441286717,0,0,0,0,1,0,0,0,1,1,0,1,0,1,0,1,0,1,0,1,0,1,0,0,0,1,0
0,-1.201206041878475,-0.4972881956381404,-0.9514585518546764,1,1,0,0,1,0,0,0,0,0,0,0,1,0,0,0,0,0,0,0,0,0,0,1,0,0,1
0,1.2852187657470302,1.3485979691969427,1.9887932536617279,0,0,1,0,1,0,1,1,0,0,0,0,1,0,0,0,1,0,1,0,1,0,1,1,0,0,0
0,-0.2637016062163992,-0.9679060196456435,-0.5577573505548573,0,1,0,0,0,1,0,0,0,0,0,0,0,0,1,0,1,0,0,0,0,0,0,0,0,1,0
0,0.22543114282468377,1.0060281043716928,0.619596297931054,0,1,0,0,1,0,1,1,0,0,0,0,1,0,1,0,0,0,0,0,1,0,0,1,1,0,0
0,-0.3859847934766699,-1.5150200270607266,-0.7943574785883546,0,1,1,0,1,0,0,0,1,1,0,1,0,1,0,1,0,1,0,1,0,1,0,0,1,0,0
0,0.30695326766486425,1.3186646800374546,0.7720871318948398,1,1,0,0,1,0,1,1,0,0,0,0,1,0,1,0,0,0,1,0,1,0,0,1,1,0,0
1,1.6113072651077522,-0.05826662129898547,1.0582749056321692,0,1,1,0,0,1,0,0,0,0,1,0,1,0,1,0,1,0,1,0,1,0,1,1,0,0,0
1,-1.201206041878475,0.33918094031865836,-0.8958048018054023,1,0,0,0,1,0,1,1,0,0,0,0,0,0,0,0,0,0,0,0,0,0,0,1,1,0,0
0,-0.3859847934766699,0.5370732408730502,-0.16308557255976747,1,1,0,0,1,0,1,1,0,0,0,0,0,0,1,0,0,0,0,0,0,0,0,1,0,1,0
1,-1.2827281667186554,0.3192254142123333,-0.9760097305327747,1,0,1,0,1,0,1,1,0,0,0,0,0,0,0,0,0,0,0,0,0,0,0,1,0,1,0
0,-1.1604449794583847,-0.14806648877744905,-0.8887901793259456,1,0,0,0,1,0,0,0,0,0,1,0,1,0,0,0,1,0,0,0,0,0,0,1,0,0,1
0,1.2036966409068497,0.6684471210730246,1.2634195253143923,0,0,1,0,1,0,1,0,0,0,1,0,1,0,0,0,1,0,1,0,1,0,1,1,0,1,0
0,0.30695326766486425,0.9494874470704383,0.6483606618090776,0,0,0,0,1,0,1,1,0,0,0,0,1,0,1,0,0,0,1,0,0,0,0,1,0,0,0
0,0.3477143300849545,0.8097987643261616,0.599545065749211,0,1,0,0,1,0,1,1,0,0,0,0,1,0,0,0,0,0,1,0,0,0,0,1,0,1,0
1,0.06238689314432279,0.6767619236173268,0.2592696998117944,0,1,1,0,1,0,0,1,0,0,0,0,0,0,1,0,0,0,1,0,0,0,0,1,1,0,0
0,-1.2827281667186554,-0.4956252351292798,-0.9868184255482898,0,0,0,0,1,0,0,0,0,0,0,0,1,0,0,0,0,0,0,0,0,0,0,0,0,1,0
0,0.755324954285857,-1.4701200933214948,-0.5585294001988226,0,0,0,0,1,0,0,0,1,1,0,1,0,1,0,1,0,1,0,1,0,0,1,0,0,0,0
0,-1.2827281667186554,0.19284041553894035,-0.9776861811882422,1,1,1,1,1,0,0,1,0,0,0,0,0,0,0,0,0,0,0,0,0,0,0,1,0,0,1
0,0.26619220524477405,-1.4867496984100992,-0.6444474962915386,0,0,0,0,1,0,0,0,1,1,0,1,0,1,0,1,0,1,0,1,0,0,1,0,0,0,1
0,-0.8343564800976626,-1.5183459480784474,-0.9034150054387751,0,1,1,1,1,0,0,0,1,1,0,1,0,1,0,1,0,1,0,1,0,0,0,1,0,1,0
0,-0.8343564800976626,-0.16802201488377433,-0.6877705105986232,1,1,0,0,1,0,0,0,0,0,0,0,0,0,0,0,1,0,1,0,0,1,0,1,0,1,0
0,1.6113072651077522,1.3336313246171987,2.319473145452718,0,1,0,0,1,0,1,1,0,0,0,0,1,0,1,0,0,0,1,0,1,1,0,1,0,1,0
1,1.24445770332694,1.285405469860246,1.8496699078191707,0,0,1,0,1,0,1,1,0,0,0,0,1,0,1,0,0,0,1,0,1,0,0,1,0,1,0
0,0.46999751734522527,0.6634582395464431,0.5909863439818235,0,1,1,0,1,0,1,1,0,0,1,0,0,0,1,0,0,0,0,0,0,0,0,1,1,0,0
0,-0.5897901055771212,1.0043651438628323,-0.26795197277151883,0,0,0,0,1,0,1,1,0,0,0,0,0,0,1,0,1,0,0,0,1,0,0,1,0,0,0
0,-0.9566396673579334,-0.6868656936482298,-0.8309085145898002,1,0,0,0,1,0,0,0,0,0,0,0,0,0,0,0,0,0,0,0,0,0,0,1,0,0,0
0,-0.7935954176775724,0.28264028301740346,-0.5978818734797996,0,1,0,0,1,0,0,0,0,0,0,0,1,0,0,0,1,0,1,0,1,0,0,0,0,0,1
0,1.4482630154273912,-0.02500741112177701,0.8997620844454535,0,0,1,0,1,0,0,0,0,0,0,0,1,0,0,0,1,0,1,0,0,0,1,0,0,0,0
1,-1.0789228546182041,-0.6802138516127882,-0.8928048374745655,0,0,0,0,0,1,0,0,0,0,0,0,0,0,0,0,0,0,1,0,1,0,0,1,0,1,0
0,-1.2419671042985652,-1.4900756194278202,-0.9915389576571064,0,0,0,0,1,0,0,0,1,1,0,1,0,1,0,1,0,1,0,1,0,0,0,1,0,0,1
1,0.918369203966218,-0.1613701728483325,0.45411297138739404,0,1,1,0,1,0,1,0,0,0,1,0,1,0,0,0,0,0,0,0,0,1,0,0,1,0,0
1,-1.2827281667186554,0.36246238744270454,-0.9754362079401148,1,1,0,0,1,0,1,1,0,0,0,0,0,0,0,0,0,0,0,0,0,0,0,1,0,1,0
0,0.22543114282468377,0.15459232383515015,0.14932983051112778,0,1,0,0,1,0,0,1,0,0,0,0,0,0,0,0,0,0,0,0,0,0,0,1,1,0,0
0,1.407501953007301,1.2671129042627813,2.029160420760488,1,0,0,0,1,0,1,1,0,0,1,0,1,0,1,0,0,0,1,0,0,0,0,1,1,0,0
0,-0.5490290431570309,0.4605770574654703,-0.349259829561699,0,1,0,0,1,0,0,1,0,0,0,0,0,0,0,0,0,0,1,0,0,0,0,1,0,0,0
0,-0.8343564800976626,-0.13975168623314688,-0.6809323566092158,0,0,0,0,0,1,0,0,0,0,0,0,1,0,1,0,1,0,1,0,1,1,0,0,0,1,0
0,1.6113072651077522,-1.4534904882328905,-0.38265649130351453,0,0,0,0,1,0,0,0,1,1,0,1,0,1,0,1,0,1,0,1,0,0,1,1,0,0,0
0,-0.34522373105657966,0.6634582395464431,-0.1307036046357348,0,1,1,1,1,0,1,0,0,0,1,0,0,0,1,0,1,0,1,0,1,1,0,1,0,0,1
0,1.6113072651077522,1.2754277068070834,2.2394446852153944,0,0,1,1,1,0,1,1,0,0,0,0,1,0,1,0,0,0,1,0,1,1,0,1,1,0,0
0,-0.8751175425177529,-1.1724501622354768,-0.8560111572993022,0,0,1,1,0,1,0,0,0,0,1,0,0,0,0,0,0,0,0,0,0,0,0,1,0,1,0
1,-1.1604449794583847,0.31756245370347297,-0.8735918306204562,1,1,1,0,1,0,1,1,0,0,0,0,0,0,0,0,0,0,0,0,0,0,0,1,0,0,1
0,1.3667408905872107,1.3569127717412448,2.0107415221116,0,1,0,0,1,0,0,1,0,0,1,0,0,0,1,0,1,0,1,0,1,0,1,1,0,0,0
